row,dir,signal_time,entry_time,exit_time,entry_px,exit_px,outcome,pnl,dur_m1,variant,fold
912763,long,1970-01-20 22:28:00,1970-01-20 22:29:00,1970-01-20 22:29:00,2440.459,2441.6646041666663,TP,1.0256041666664897,3,qg_dual_full_s42,2024-08
915796,long,1970-01-20 22:34:00,1970-01-20 22:35:00,1970-01-20 22:35:00,2409.772,2408.7773791666664,SL,-1.1746208333335562,4,qg_dual_full_s42,2024-08
923379,long,1970-01-20 22:45:00,1970-01-20 22:46:00,1970-01-20 22:46:00,2467.807,2469.0069999999996,TP,1.030999999999818,1,qg_dual_full_s42,2024-08
925575,long,1970-01-20 22:47:00,1970-01-20 22:48:00,1970-01-20 22:48:00,2449.396,2448.6715708333336,SL,-0.8934291666665959,5,qg_dual_full_s42,2024-08
928257,long,1970-01-20 22:50:00,1970-01-20 22:53:00,1970-01-20 22:53:00,2506.461,2505.9661874999997,SL,-0.6638125000000801,1,qg_dual_full_s42,2024-08
928819,long,1970-01-20 22:53:00,1970-01-20 22:54:00,1970-01-20 22:54:00,2503.199,2504.399,TP,1.0199999999998182,11,qg_dual_full_s42,2024-08
930776,long,1970-01-20 22:55:00,1970-01-20 22:56:00,1970-01-20 22:56:00,2526.239,2525.746329166667,SL,-0.6726708333332498,3,qg_dual_full_s42,2024-08
933873,long,1970-01-20 22:58:00,1970-01-20 22:59:00,1970-01-20 22:59:00,2478.966,2478.2007270833333,SL,-0.9452729166666176,3,qg_dual_full_s42,2024-08
933903,long,1970-01-20 22:59:00,1970-01-20 23:00:00,1970-01-20 23:00:00,2493.338,2495.357875,TP,1.8398749999999564,9,qg_dual_full_s42,2024-08
935825,long,1970-01-20 23:03:00,1970-01-20 23:04:00,1970-01-20 23:04:00,2513.459,2512.979,SL,-0.6400000000000182,1,qg_dual_full_s42,2024-08
935893,long,1970-01-20 23:04:00,1970-01-20 23:05:00,1970-01-20 23:05:00,2520.131,2519.651,SL,-0.6400000000000182,4,qg_dual_full_s42,2024-08
942309,long,1970-01-20 23:10:00,1970-01-20 23:13:00,1970-01-20 23:13:00,2502.485,2504.364744791667,TP,1.7197447916667807,5,qg_dual_full_s42,2024-08
954643,long,1970-01-20 23:29:00,1970-01-20 23:30:00,1970-01-20 23:30:00,2567.922,2567.442,SL,-0.6400000000000182,1,qg_dual_full_s42,2024-09
955031,long,1970-01-20 23:30:00,1970-01-20 23:31:00,1970-01-20 23:31:00,2580.179,2579.699,SL,-0.6400000000000182,13,qg_dual_full_s42,2024-09
975844,long,1970-01-21 00:00:00,1970-01-21 00:01:00,1970-01-21 00:01:00,2644.821,2644.341,SL,-0.6400000000000182,1,qg_dual_full_s42,2024-10
976692,long,1970-01-21 00:04:00,1970-01-21 00:05:00,1970-01-21 00:05:00,2657.432,2656.9519999999998,SL,-0.6400000000000182,9,qg_dual_full_s42,2024-10
977804,long,1970-01-21 00:05:00,1970-01-21 00:06:00,1970-01-21 00:06:00,2642.934,2642.1954437500003,SL,-0.8985562499998742,3,qg_dual_full_s42,2024-10
978988,long,1970-01-21 00:06:00,1970-01-21 00:07:00,1970-01-21 00:07:00,2620.187,2619.6114354166666,SL,-0.7355645833332892,1,qg_dual_full_s42,2024-10
983129,long,1970-01-21 00:10:00,1970-01-21 00:11:00,1970-01-21 00:11:00,2656.936,2658.148015625,TP,1.0520156249998218,1,qg_dual_full_s42,2024-10
990262,long,1970-01-21 00:21:00,1970-01-21 00:24:00,1970-01-21 00:24:00,2723.092,2722.45160625,SL,-0.8003937499999302,1,qg_dual_full_s42,2024-10
996489,long,1970-01-21 00:30:00,1970-01-21 00:31:00,1970-01-21 00:31:00,2727.501,2728.701,TP,1.0399999999998182,2,qg_dual_full_s42,2024-10
998367,long,1970-01-21 00:35:00,1970-01-21 00:36:00,1970-01-21 00:36:00,2744.379,2743.8485166666665,SL,-0.69048333333345,1,qg_dual_full_s42,2024-10
1007839,long,1970-01-21 00:48:00,1970-01-21 00:49:00,1970-01-21 00:49:00,2663.289,2662.2416020833334,SL,-1.206397916666796,4,qg_dual_full_s42,2024-11
1012569,long,1970-01-21 00:56:00,1970-01-21 00:57:00,1970-01-21 00:57:00,2611.566,2611.086,SL,-0.6400000000000182,1,qg_dual_full_s42,2024-11
1017660,long,1970-01-21 01:01:00,1970-01-21 01:04:00,1970-01-21 01:04:00,2568.027,2570.13146875,TP,1.9444687499997964,4,qg_dual_full_s42,2024-11
1031585,long,1970-01-21 01:25:00,1970-01-21 01:26:00,1970-01-21 01:26:00,2641.647,2640.8734270833334,SL,-0.9335729166665806,1,qg_dual_full_s42,2024-12
1033934,long,1970-01-21 01:27:00,1970-01-21 01:28:00,1970-01-21 01:28:00,2645.183,2644.6563895833333,SL,-0.6866104166666992,1,qg_dual_full_s42,2024-12
1034693,long,1970-01-21 01:28:00,1970-01-21 01:29:00,1970-01-21 01:29:00,2653.003,2652.523,SL,-0.6400000000000182,1,qg_dual_full_s42,2024-12
1036531,long,1970-01-21 01:30:00,1970-01-21 01:31:00,1970-01-21 01:31:00,2642.113,2641.3969479166667,SL,-0.8760520833331248,50,qg_dual_full_s42,2024-12
1038131,long,1970-01-21 01:31:00,1970-01-21 01:32:00,1970-01-21 01:32:00,2632.151,2631.211,SL,-1.4100000000000545,5,qg_dual_full_s42,2024-12
1038538,long,1970-01-21 01:35:00,1970-01-21 01:36:00,1970-01-21 01:36:00,2668.221,2667.6010875,SL,-0.7799124999998276,1,qg_dual_full_s42,2024-12
1043226,long,1970-01-21 01:40:00,1970-01-21 01:41:00,1970-01-21 01:41:00,2688.273,2689.903640625,TP,1.4706406250000692,11,qg_dual_full_s42,2024-12
1044303,long,1970-01-21 01:41:00,1970-01-21 01:42:00,1970-01-21 01:42:00,2652.973,2652.493,SL,-0.6400000000000182,1,qg_dual_full_s42,2024-12
1044954,long,1970-01-21 01:42:00,1970-01-21 01:45:00,1970-01-21 01:45:00,2649.414,2648.934,SL,-0.6400000000000182,1,qg_dual_full_s42,2024-12
1045116,long,1970-01-21 01:45:00,1970-01-21 01:46:00,1970-01-21 01:46:00,2657.176,2656.696,SL,-0.6400000000000182,2,qg_dual_full_s42,2024-12
1047038,long,1970-01-21 01:47:00,1970-01-21 01:48:00,1970-01-21 01:48:00,2647.365,2646.8849999999998,SL,-0.6400000000000182,1,qg_dual_full_s42,2024-12
1049281,long,1970-01-21 01:49:00,1970-01-21 01:50:00,1970-01-21 01:50:00,2619.979,2622.3875729166666,TP,2.2485729166667987,21,qg_dual_full_s42,2024-12
1051479,long,1970-01-21 01:51:00,1970-01-21 01:52:00,1970-01-21 01:52:00,2624.257,2625.5732916666666,TP,1.1562916666665297,1,qg_dual_full_s42,2024-12
1052359,long,1970-01-21 01:55:00,1970-01-21 01:56:00,1970-01-21 01:56:00,2617.231,2616.751,SL,-0.6400000000000182,1,qg_dual_full_s42,2024-12
1055930,long,1970-01-21 02:00:00,1970-01-21 02:01:00,1970-01-21 02:01:00,2631.899,2631.419,SL,-0.6400000000000182,2,qg_dual_full_s42,2024-12
1055953,long,1970-01-21 02:01:00,1970-01-21 02:02:00,1970-01-21 02:02:00,2615.403,2616.6029999999996,TP,1.0399999999998182,5,qg_dual_full_s42,2024-12
1059981,long,1970-01-21 02:09:00,1970-01-21 02:10:00,1970-01-21 02:10:00,2633.89,2635.0899999999997,TP,1.0399999999998182,6,qg_dual_full_s42,2025-01
1060436,long,1970-01-21 02:10:00,1970-01-21 02:11:00,1970-01-21 02:11:00,2658.414,2657.934,SL,-0.6400000000000182,30,qg_dual_full_s42,2025-01
1062622,long,1970-01-21 02:12:00,1970-01-21 02:15:00,1970-01-21 02:15:00,2639.644,2640.8439999999996,TP,1.0399999999998182,4,qg_dual_full_s42,2025-01
1062669,long,1970-01-21 02:15:00,1970-01-21 02:16:00,1970-01-21 02:16:00,2631.758,2632.9579999999996,TP,1.0399999999998182,2,qg_dual_full_s42,2025-01
1064419,long,1970-01-21 02:17:00,1970-01-21 02:18:00,1970-01-21 02:18:00,2649.298,2648.8179999999998,SL,-0.6400000000000182,1,qg_dual_full_s42,2025-01
1065432,long,1970-01-21 02:18:00,1970-01-21 02:19:00,1970-01-21 02:19:00,2650.639,2650.159,SL,-0.6400000000000182,1,qg_dual_full_s42,2025-01
1066274,long,1970-01-21 02:19:00,1970-01-21 02:20:00,1970-01-21 02:20:00,2659.656,2659.176,SL,-0.6400000000000182,4,qg_dual_full_s42,2025-01
1067469,long,1970-01-21 02:20:00,1970-01-21 02:21:00,1970-01-21 02:21:00,2670.696,2670.216,SL,-0.6400000000000182,3,qg_dual_full_s42,2025-01
1072356,long,1970-01-21 02:28:00,1970-01-21 02:29:00,1970-01-21 02:29:00,2686.179,2687.379,TP,1.0399999999998182,7,qg_dual_full_s42,2025-01
1073093,long,1970-01-21 02:29:00,1970-01-21 02:30:00,1970-01-21 02:30:00,2697.144,2696.6639999999998,SL,-0.6400000000000182,67,qg_dual_full_s42,2025-01
1073968,long,1970-01-21 02:30:00,1970-01-21 02:31:00,1970-01-21 02:31:00,2716.409,2715.929,SL,-0.6400000000000182,3,qg_dual_full_s42,2025-01
1075678,long,1970-01-21 02:31:00,1970-01-21 02:32:00,1970-01-21 02:32:00,2706.577,2707.777,TP,1.0399999999998182,1,qg_dual_full_s42,2025-01
1077677,long,1970-01-21 02:36:00,1970-01-21 02:37:00,1970-01-21 02:37:00,2710.09,2709.61,SL,-0.6400000000000182,1,qg_dual_full_s42,2025-01
1077717,long,1970-01-21 02:37:00,1970-01-21 02:38:00,1970-01-21 02:38:00,2741.967,2743.167,TP,1.0399999999998182,1,qg_dual_full_s42,2025-01
1078768,long,1970-01-21 02:38:00,1970-01-21 02:39:00,1970-01-21 02:39:00,2758.439,2759.8765104166664,TP,1.2775104166665552,2,qg_dual_full_s42,2025-01
1081264,long,1970-01-21 02:40:00,1970-01-21 02:41:00,1970-01-21 02:41:00,2756.256,2757.854546875,TP,1.438546875000011,5,qg_dual_full_s42,2025-01
1081588,long,1970-01-21 02:41:00,1970-01-21 02:42:00,1970-01-21 02:42:00,2776.712,2776.1558833333333,SL,-0.7161166666666395,2,qg_dual_full_s42,2025-01
1085955,long,1970-01-21 02:48:00,1970-01-21 02:49:00,1970-01-21 02:49:00,2764.423,2763.9429999999998,SL,-0.6400000000000182,1,qg_dual_full_s42,2025-01
1087337,long,1970-01-21 02:49:00,1970-01-21 02:50:00,1970-01-21 02:50:00,2759.958,2759.4045375,SL,-0.7134625000000233,3,qg_dual_full_s42,2025-01
1087396,long,1970-01-21 02:50:00,1970-01-21 02:51:00,1970-01-21 02:51:00,2795.575,2795.095,SL,-0.6400000000000182,3,qg_dual_full_s42,2025-01
1088584,long,1970-01-21 02:51:00,1970-01-21 02:52:00,1970-01-21 02:52:00,2791.855,2793.147177083333,TP,1.1321770833331721,8,qg_dual_full_s42,2025-01
1090142,long,1970-01-21 02:55:00,1970-01-21 02:56:00,1970-01-21 02:56:00,2783.208,2782.370102083333,SL,-0.9968979166668614,3,qg_dual_full_s42,2025-02
1094270,long,1970-01-21 03:00:00,1970-01-21 03:01:00,1970-01-21 03:01:00,2852.183,2853.383,TP,1.040999999999818,1,qg_dual_full_s42,2025-02
1095182,long,1970-01-21 03:01:00,1970-01-21 03:02:00,1970-01-21 03:02:00,2868.373,2867.5428520833334,SL,-0.9901479166666468,1,qg_dual_full_s42,2025-02
1096353,long,1970-01-21 03:02:00,1970-01-21 03:05:00,1970-01-21 03:05:00,2861.269,2860.7875854166664,SL,-0.6414145833333896,1,qg_dual_full_s42,2025-02
1098468,long,1970-01-21 03:07:00,1970-01-21 03:08:00,1970-01-21 03:08:00,2882.727,2884.309208333333,TP,1.4232083333332557,1,qg_dual_full_s42,2025-02
1099164,long,1970-01-21 03:08:00,1970-01-21 03:09:00,1970-01-21 03:09:00,2886.159,2888.2533750000002,TP,1.9353750000001273,9,qg_dual_full_s42,2025-02
1100583,long,1970-01-21 03:09:00,1970-01-21 03:10:00,1970-01-21 03:10:00,2905.415,2904.5078937499998,SL,-1.0661062500001972,7,qg_dual_full_s42,2025-02
1102949,long,1970-01-21 03:12:00,1970-01-21 03:15:00,1970-01-21 03:15:00,2893.643,2893.158877083333,SL,-0.64412291666682,1,qg_dual_full_s42,2025-02
1103758,long,1970-01-21 03:15:00,1970-01-21 03:16:00,1970-01-21 03:16:00,2898.204,2899.489125,TP,1.12612499999988,1,qg_dual_full_s42,2025-02
1108488,long,1970-01-21 03:20:00,1970-01-21 03:21:00,1970-01-21 03:21:00,2933.991,2933.511,SL,-0.6400000000000182,1,qg_dual_full_s42,2025-02
1112289,long,1970-01-21 03:27:00,1970-01-21 03:28:00,1970-01-21 03:28:00,2939.289,2940.489,TP,1.0399999999998182,4,qg_dual_full_s42,2025-02
1112831,long,1970-01-21 03:28:00,1970-01-21 03:29:00,1970-01-21 03:29:00,2920.325,2919.5379666666663,SL,-0.9460333333335111,6,qg_dual_full_s42,2025-02
1113574,long,1970-01-21 03:29:00,1970-01-21 03:30:00,1970-01-21 03:30:00,2913.921,2913.382452083333,SL,-0.6985479166666301,12,qg_dual_full_s42,2025-02
1116719,long,1970-01-21 03:32:00,1970-01-21 03:35:00,1970-01-21 03:35:00,2873.556,2873.0048,SL,-0.7111999999998807,1,qg_dual_full_s42,2025-02
1118732,long,1970-01-21 03:37:00,1970-01-21 03:38:00,1970-01-21 03:38:00,2916.602,2917.9559479166664,TP,1.1939479166665843,3,qg_dual_full_s42,2025-03
1119692,long,1970-01-21 03:38:00,1970-01-21 03:39:00,1970-01-21 03:39:00,2907.235,2906.4906437500003,SL,-0.9043562499997825,1,qg_dual_full_s42,2025-03
1120718,long,1970-01-21 03:39:00,1970-01-21 03:40:00,1970-01-21 03:40:00,2915.02,2914.4874270833334,SL,-0.6925729166665952,1,qg_dual_full_s42,2025-03
1122947,long,1970-01-21 03:41:00,1970-01-21 03:42:00,1970-01-21 03:42:00,2905.285,2904.804925,SL,-0.6400749999999426,4,qg_dual_full_s42,2025-03
1123346,long,1970-01-21 03:42:00,1970-01-21 03:43:00,1970-01-21 03:43:00,2910.295,2909.815,SL,-0.6400000000000182,4,qg_dual_full_s42,2025-03
1125101,long,1970-01-21 03:46:00,1970-01-21 03:47:00,1970-01-21 03:47:00,2904.153,2906.1061458333334,TP,1.793145833333565,4,qg_dual_full_s42,2025-03
1125285,long,1970-01-21 03:47:00,1970-01-21 03:48:00,1970-01-21 03:48:00,2901.052,2903.1729375,TP,1.9609374999998546,9,qg_dual_full_s42,2025-03
1127884,long,1970-01-21 03:49:00,1970-01-21 03:50:00,1970-01-21 03:50:00,2937.054,2938.499984375,TP,1.2859843750000801,1,qg_dual_full_s42,2025-03
1130471,long,1970-01-21 03:52:00,1970-01-21 03:53:00,1970-01-21 03:53:00,2983.0,2984.2,TP,1.0399999999998182,8,qg_dual_full_s42,2025-03
1137553,long,1970-01-21 04:02:00,1970-01-21 04:03:00,1970-01-21 04:03:00,3013.714,3015.0827760416664,TP,1.2097760416664787,12,qg_dual_full_s42,2025-03
1138273,long,1970-01-21 04:06:00,1970-01-21 04:07:00,1970-01-21 04:07:00,3026.488,3026.008,SL,-0.6400000000000182,1,qg_dual_full_s42,2025-03
1142180,long,1970-01-21 04:10:00,1970-01-21 04:11:00,1970-01-21 04:11:00,3031.972,3031.492,SL,-0.6400000000000182,2,qg_dual_full_s42,2025-03
1147332,long,1970-01-21 04:18:00,1970-01-21 04:19:00,1970-01-21 04:19:00,3118.569,3117.66460625,SL,-1.0643937500000538,9,qg_dual_full_s42,2025-04
1147741,long,1970-01-21 04:19:00,1970-01-21 04:20:00,1970-01-21 04:20:00,3124.996,3126.196,TP,1.0399999999998182,1,qg_dual_full_s42,2025-04
1149967,long,1970-01-21 04:21:00,1970-01-21 04:22:00,1970-01-21 04:22:00,3115.584,3113.956027083333,SL,-1.7869729166667494,5,qg_dual_full_s42,2025-04
1151207,long,1970-01-21 04:22:00,1970-01-21 04:23:00,1970-01-21 04:23:00,3039.364,3037.96138125,SL,-1.562618749999874,1,qg_dual_full_s42,2025-04
1151440,long,1970-01-21 04:23:00,1970-01-21 04:26:00,1970-01-21 04:26:00,3028.686,3026.189247916667,SL,-2.6567520833333766,4,qg_dual_full_s42,2025-04
1151819,long,1970-01-21 04:26:00,1970-01-21 04:27:00,1970-01-21 04:27:00,3025.163,3028.4333802083333,TP,3.111380208333336,1,qg_dual_full_s42,2025-04
1153054,long,1970-01-21 04:27:00,1970-01-21 04:28:00,1970-01-21 04:28:00,3003.422,3002.0790458333336,SL,-1.502954166666459,1,qg_dual_full_s42,2025-04
1153471,long,1970-01-21 04:28:00,1970-01-21 04:29:00,1970-01-21 04:29:00,2979.638,2978.6751875,SL,-1.1228124999999272,1,qg_dual_full_s42,2025-04
1154590,long,1970-01-21 04:29:00,1970-01-21 04:30:00,1970-01-21 04:30:00,3066.648,3068.5745104166667,TP,1.766510416666588,1,qg_dual_full_s42,2025-04
1155674,long,1970-01-21 04:30:00,1970-01-21 04:31:00,1970-01-21 04:31:00,3122.232,3126.349630208333,TP,3.957630208333139,8,qg_dual_full_s42,2025-04
1157407,long,1970-01-21 04:32:00,1970-01-21 04:33:00,1970-01-21 04:33:00,3224.083,3226.2778645833337,TP,2.034864583333583,1,qg_dual_full_s42,2025-04
1158205,long,1970-01-21 04:33:00,1970-01-21 04:36:00,1970-01-21 04:36:00,3220.46,3219.0009291666665,SL,-1.6190708333334987,1,qg_dual_full_s42,2025-04
1159358,long,1970-01-21 04:37:00,1970-01-21 04:38:00,1970-01-21 04:38:00,3220.113,3222.3930520833333,TP,2.12005208333343,2,qg_dual_full_s42,2025-04
1163308,long,1970-01-21 04:41:00,1970-01-21 04:42:00,1970-01-21 04:42:00,3320.691,3319.7729249999998,SL,-1.0780750000000443,1,qg_dual_full_s42,2025-04
1164986,long,1970-01-21 04:47:00,1970-01-21 04:48:00,1970-01-21 04:48:00,3434.524,3433.7399229166667,SL,-0.944077083333159,1,qg_dual_full_s42,2025-04
1166851,long,1970-01-21 04:49:00,1970-01-21 04:50:00,1970-01-21 04:50:00,3337.156,3335.49788125,SL,-1.8171187500000852,7,qg_dual_full_s42,2025-04
1167526,long,1970-01-21 04:50:00,1970-01-21 04:51:00,1970-01-21 04:51:00,3357.44,3361.0663645833333,TP,3.46636458333327,1,qg_dual_full_s42,2025-04
1170427,long,1970-01-21 04:53:00,1970-01-21 04:56:00,1970-01-21 04:56:00,3325.64,3324.6482729166664,SL,-1.151727083333444,1,qg_dual_full_s42,2025-04
1171353,long,1970-01-21 04:56:00,1970-01-21 04:57:00,1970-01-21 04:57:00,3295.089,3293.7263,SL,-1.5217000000001317,2,qg_dual_full_s42,2025-04
1173916,long,1970-01-21 04:59:00,1970-01-21 05:00:00,1970-01-21 05:00:00,3307.242,3306.5281458333334,SL,-0.8728541666668062,1,qg_dual_full_s42,2025-04
1174422,long,1970-01-21 05:00:00,1970-01-21 05:01:00,1970-01-21 05:01:00,3252.423,3251.5432145833333,SL,-1.0397854166664364,1,qg_dual_full_s42,2025-04
1180735,long,1970-01-21 05:09:00,1970-01-21 05:10:00,1970-01-21 05:10:00,3391.35,3389.8135104166668,SL,-1.6964895833331501,1,qg_dual_full_s42,2025-05
1181105,long,1970-01-21 05:10:00,1970-01-21 05:11:00,1970-01-21 05:11:00,3372.688,3375.392166666667,TP,2.5441666666668787,22,qg_dual_full_s42,2025-05
1182479,long,1970-01-21 05:11:00,1970-01-21 05:12:00,1970-01-21 05:12:00,3330.47,3329.128420833333,SL,-1.5005791666666337,1,qg_dual_full_s42,2025-05
1184322,long,1970-01-21 05:13:00,1970-01-21 05:16:00,1970-01-21 05:16:00,3282.255,3284.6408854166666,TP,2.2258854166664968,1,qg_dual_full_s42,2025-05
1185275,long,1970-01-21 05:17:00,1970-01-21 05:18:00,1970-01-21 05:18:00,3235.355,3234.280602083333,SL,-1.2343979166668395,1,qg_dual_full_s42,2025-05
1188078,long,1970-01-21 05:20:00,1970-01-21 05:21:00,1970-01-21 05:21:00,3179.701,3181.817864583333,TP,1.956864583333154,3,qg_dual_full_s42,2025-05
1189109,long,1970-01-21 05:21:00,1970-01-21 05:22:00,1970-01-21 05:22:00,3201.908,3201.10353125,SL,-0.9634687500000692,1,qg_dual_full_s42,2025-05
1190108,long,1970-01-21 05:22:00,1970-01-21 05:23:00,1970-01-21 05:23:00,3208.079,3207.2822458333335,SL,-0.9567541666666876,1,qg_dual_full_s42,2025-05
1193019,long,1970-01-21 05:28:00,1970-01-21 05:29:00,1970-01-21 05:29:00,3240.285,3239.7556833333333,SL,-0.6893166666665457,1,qg_dual_full_s42,2025-05
1194468,long,1970-01-21 05:29:00,1970-01-21 05:30:00,1970-01-21 05:30:00,3307.505,3306.82630625,SL,-0.8386937500000932,1,qg_dual_full_s42,2025-05
1194794,long,1970-01-21 05:30:00,1970-01-21 05:31:00,1970-01-21 05:31:00,3315.139,3314.1661333333336,SL,-1.131866666666505,14,qg_dual_full_s42,2025-05
1198371,long,1970-01-21 05:33:00,1970-01-21 05:36:00,1970-01-21 05:36:00,3352.095,3351.364045833333,SL,-0.8909541666668338,1,qg_dual_full_s42,2025-05
1200254,long,1970-01-21 05:38:00,1970-01-21 05:39:00,1970-01-21 05:39:00,3296.3,3298.557666666667,TP,2.097666666666864,1,qg_dual_full_s42,2025-05
1204012,long,1970-01-21 05:42:00,1970-01-21 05:43:00,1970-01-21 05:43:00,3293.301,3292.78373125,SL,-0.6772687499998574,4,qg_dual_full_s42,2025-05
1205353,long,1970-01-21 05:47:00,1970-01-21 05:48:00,1970-01-21 05:48:00,3374.319,3375.9409739583334,TP,1.461973958333456,3,qg_dual_full_s42,2025-06
1206274,long,1970-01-21 05:48:00,1970-01-21 05:49:00,1970-01-21 05:49:00,3362.725,3361.71585625,SL,-1.169143750000021,1,qg_dual_full_s42,2025-06
1207200,long,1970-01-21 05:49:00,1970-01-21 05:50:00,1970-01-21 05:50:00,3361.425,3363.367932291667,TP,1.7829322916666934,3,qg_dual_full_s42,2025-06
1208369,long,1970-01-21 05:50:00,1970-01-21 05:51:00,1970-01-21 05:51:00,3379.149,3378.411783333333,SL,-0.8972166666668818,2,qg_dual_full_s42,2025-06
1210502,long,1970-01-21 05:52:00,1970-01-21 05:53:00,1970-01-21 05:53:00,3362.78,3366.360791666667,TP,3.420791666666755,8,qg_dual_full_s42,2025-06
1211835,long,1970-01-21 05:53:00,1970-01-21 05:54:00,1970-01-21 05:54:00,3312.382,3310.9678520833336,SL,-1.5741479166664794,4,qg_dual_full_s42,2025-06
1212011,long,1970-01-21 05:54:00,1970-01-21 05:57:00,1970-01-21 05:57:00,3317.818,3319.5415833333336,TP,1.5635833333334086,1,qg_dual_full_s42,2025-06
1212069,long,1970-01-21 05:57:00,1970-01-21 05:58:00,1970-01-21 05:58:00,3318.364,3317.7350625,SL,-0.7889375000001201,1,qg_dual_full_s42,2025-06
1214918,long,1970-01-21 05:59:00,1970-01-21 06:00:00,1970-01-21 06:00:00,3327.936,3327.379335416667,SL,-0.7166645833332587,1,qg_dual_full_s42,2025-06
1214978,long,1970-01-21 06:00:00,1970-01-21 06:01:00,1970-01-21 06:01:00,3328.604,3330.1818385416664,TP,1.4188385416665514,5,qg_dual_full_s42,2025-06
1218339,long,1970-01-21 06:03:00,1970-01-21 06:04:00,1970-01-21 06:04:00,3433.733,3436.2271770833336,TP,2.3341770833333975,8,qg_dual_full_s42,2025-06
1219135,long,1970-01-21 06:07:00,1970-01-21 06:08:00,1970-01-21 06:08:00,3415.857,3414.9343979166665,SL,-1.0826020833334586,2,qg_dual_full_s42,2025-06
1219896,long,1970-01-21 06:08:00,1970-01-21 06:09:00,1970-01-21 06:09:00,3392.652,3391.7665270833336,SL,-1.0454729166664583,1,qg_dual_full_s42,2025-06
1224898,long,1970-01-21 06:13:00,1970-01-21 06:14:00,1970-01-21 06:14:00,3371.621,3370.9598479166666,SL,-0.8211520833334908,1,qg_dual_full_s42,2025-06
1225399,long,1970-01-21 06:14:00,1970-01-21 06:17:00,1970-01-21 06:17:00,3384.117,3383.3972125,SL,-0.8797875000001659,1,qg_dual_full_s42,2025-06
1227160,long,1970-01-21 06:18:00,1970-01-21 06:19:00,1970-01-21 06:19:00,3349.129,3348.129433333333,SL,-1.1595666666668512,20,qg_dual_full_s42,2025-06
1227465,long,1970-01-21 06:19:00,1970-01-21 06:20:00,1970-01-21 06:20:00,3324.444,3323.702533333333,SL,-0.9014666666668382,1,qg_dual_full_s42,2025-06
1228533,long,1970-01-21 06:20:00,1970-01-21 06:21:00,1970-01-21 06:21:00,3314.44,3313.96,SL,-0.6400000000000182,1,qg_dual_full_s42,2025-06
1231089,long,1970-01-21 06:22:00,1970-01-21 06:23:00,1970-01-21 06:23:00,3322.496,3322.016,SL,-0.6400000000000182,1,qg_dual_full_s42,2025-06
1231703,long,1970-01-21 06:23:00,1970-01-21 06:24:00,1970-01-21 06:24:00,3274.574,3276.665994791667,TP,1.9319947916668208,11,qg_dual_full_s42,2025-06
1232285,long,1970-01-21 06:24:00,1970-01-21 06:27:00,1970-01-21 06:27:00,3272.488,3271.5665354166663,SL,-1.0814645833335452,4,qg_dual_full_s42,2025-06
1232482,long,1970-01-21 06:27:00,1970-01-21 06:28:00,1970-01-21 06:28:00,3285.018,3284.4838437500002,SL,-0.6941562499997963,1,qg_dual_full_s42,2025-06
1234763,long,1970-01-21 06:29:00,1970-01-21 06:30:00,1970-01-21 06:30:00,3338.042,3337.4022125,SL,-0.7997874999997839,1,qg_dual_full_s42,2025-07
1235427,long,1970-01-21 06:30:00,1970-01-21 06:31:00,1970-01-21 06:31:00,3346.799,3348.1171041666666,TP,1.1581041666666716,1,qg_dual_full_s42,2025-07
1238822,long,1970-01-21 06:33:00,1970-01-21 06:34:00,1970-01-21 06:34:00,3332.305,3331.81394375,SL,-0.6510562499999287,1,qg_dual_full_s42,2025-07
1241931,long,1970-01-21 06:40:00,1970-01-21 06:41:00,1970-01-21 06:41:00,3292.735,3292.255,SL,-0.6400000000000182,1,qg_dual_full_s42,2025-07
1245095,long,1970-01-21 06:43:00,1970-01-21 06:44:00,1970-01-21 06:44:00,3357.844,3357.364,SL,-0.6400000000000182,1,qg_dual_full_s42,2025-07
1247166,long,1970-01-21 06:48:00,1970-01-21 06:49:00,1970-01-21 06:49:00,3346.693,3348.269197916667,TP,1.4161979166668426,6,qg_dual_full_s42,2025-07
1251662,long,1970-01-21 06:53:00,1970-01-21 06:54:00,1970-01-21 06:54:00,3354.458,3355.658,TP,1.0399999999998182,1,qg_dual_full_s42,2025-07
1255048,long,1970-01-21 06:59:00,1970-01-21 07:00:00,1970-01-21 07:00:00,3426.64,3427.8399999999997,TP,1.0399999999998182,7,qg_dual_full_s42,2025-07
1257568,long,1970-01-21 07:02:00,1970-01-21 07:03:00,1970-01-21 07:03:00,3370.092,3369.4502770833333,SL,-0.8017229166668222,1,qg_dual_full_s42,2025-07
1258553,long,1970-01-21 07:03:00,1970-01-21 07:04:00,1970-01-21 07:04:00,3345.436,3344.956,SL,-0.6400000000000182,1,qg_dual_full_s42,2025-07
1259114,long,1970-01-21 07:04:00,1970-01-21 07:07:00,1970-01-21 07:07:00,3329.144,3330.448239583333,TP,1.1442395833331285,1,qg_dual_full_s42,2025-07
1263828,long,1970-01-21 07:11:00,1970-01-21 07:12:00,1970-01-21 07:12:00,3285.257,3287.628890625,TP,2.2118906250001054,1,qg_dual_full_s42,2025-07
1265351,long,1970-01-21 07:13:00,1970-01-21 07:14:00,1970-01-21 07:14:00,3294.601,3294.121,SL,-0.6400000000000182,3,qg_dual_full_s42,2025-08
1265911,long,1970-01-21 07:14:00,1970-01-21 07:17:00,1970-01-21 07:17:00,3364.339,3363.7734833333334,SL,-0.7255166666665537,1,qg_dual_full_s42,2025-08
1267941,long,1970-01-21 07:18:00,1970-01-21 07:19:00,1970-01-21 07:19:00,3374.399,3373.919,SL,-0.6400000000000182,2,qg_dual_full_s42,2025-08
1267964,long,1970-01-21 07:19:00,1970-01-21 07:20:00,1970-01-21 07:20:00,3369.122,3370.3219999999997,TP,1.0399999999998182,3,qg_dual_full_s42,2025-08
1268914,long,1970-01-21 07:20:00,1970-01-21 07:21:00,1970-01-21 07:21:00,3374.323,3373.704852083333,SL,-0.7781479166666577,1,qg_dual_full_s42,2025-08
1269836,long,1970-01-21 07:21:00,1970-01-21 07:22:00,1970-01-21 07:22:00,3371.078,3372.278,TP,1.0399999999998182,3,qg_dual_full_s42,2025-08
1271155,long,1970-01-21 07:22:00,1970-01-21 07:23:00,1970-01-21 07:23:00,3387.595,3387.077720833333,SL,-0.6772791666668673,1,qg_dual_full_s42,2025-08
1272237,long,1970-01-21 07:23:00,1970-01-21 07:24:00,1970-01-21 07:24:00,3402.027,3401.0818541666667,SL,-1.1051458333332993,1,qg_dual_full_s42,2025-08
1272779,long,1970-01-21 07:24:00,1970-01-21 07:27:00,1970-01-21 07:27:00,3400.57,3399.85321875,SL,-0.8767812500001674,1,qg_dual_full_s42,2025-08
1273989,long,1970-01-21 07:28:00,1970-01-21 07:29:00,1970-01-21 07:29:00,3352.695,3352.0938583333336,SL,-0.7611416666665355,1,qg_dual_full_s42,2025-08
1274804,long,1970-01-21 07:29:00,1970-01-21 07:30:00,1970-01-21 07:30:00,3347.464,3346.88165625,SL,-0.7423437499998363,2,qg_dual_full_s42,2025-08
1278230,long,1970-01-21 07:32:00,1970-01-21 07:33:00,1970-01-21 07:33:00,3344.079,3343.4711083333336,SL,-0.7678916666665464,1,qg_dual_full_s42,2025-08
1279632,long,1970-01-21 07:34:00,1970-01-21 07:37:00,1970-01-21 07:37:00,3334.569,3334.081889583333,SL,-0.6471104166668374,1,qg_dual_full_s42,2025-08
1282474,long,1970-01-21 07:39:00,1970-01-21 07:40:00,1970-01-21 07:40:00,3343.345,3342.865,SL,-0.6400000000000182,2,qg_dual_full_s42,2025-08
1282509,long,1970-01-21 07:40:00,1970-01-21 07:41:00,1970-01-21 07:41:00,3317.204,3316.724,SL,-0.6400000000000182,3,qg_dual_full_s42,2025-08
1285246,long,1970-01-21 07:42:00,1970-01-21 07:43:00,1970-01-21 07:43:00,3341.07,3342.27,TP,1.0399999999998182,1,qg_dual_full_s42,2025-08
1285408,long,1970-01-21 07:43:00,1970-01-21 07:44:00,1970-01-21 07:44:00,3328.283,3327.6840562499997,SL,-0.7589437500002169,1,qg_dual_full_s42,2025-08
1286822,long,1970-01-21 07:44:00,1970-01-21 07:47:00,1970-01-21 07:47:00,3368.744,3368.1971916666666,SL,-0.7068083333335017,1,qg_dual_full_s42,2025-08
1288537,long,1970-01-21 07:49:00,1970-01-21 07:50:00,1970-01-21 07:50:00,3378.097,3377.617,SL,-0.6400000000000182,1,qg_dual_full_s42,2025-08
1289291,long,1970-01-21 07:50:00,1970-01-21 07:51:00,1970-01-21 07:51:00,3386.253,3385.749385416667,SL,-0.6636145833332739,3,qg_dual_full_s42,2025-08
1290732,long,1970-01-21 07:51:00,1970-01-21 07:52:00,1970-01-21 07:52:00,3395.094,3394.614,SL,-0.6400000000000182,17,qg_dual_full_s42,2025-08
1291227,long,1970-01-21 07:52:00,1970-01-21 07:53:00,1970-01-21 07:53:00,3398.89,3400.125171875,TP,1.0751718750001056,2,qg_dual_full_s42,2025-08
1293204,long,1970-01-21 07:54:00,1970-01-21 07:55:00,1970-01-21 07:55:00,3448.122,3449.3219999999997,TP,1.0399999999998182,4,qg_dual_full_s42,2025-08
1295265,long,1970-01-21 07:59:00,1970-01-21 08:00:00,1970-01-21 08:00:00,3476.955,3476.475,SL,-0.6400000000000182,1,qg_dual_full_s42,2025-09
1295960,long,1970-01-21 08:00:00,1970-01-21 08:01:00,1970-01-21 08:01:00,3541.29,3540.59590625,SL,-0.8540937499998654,4,qg_dual_full_s42,2025-09
1298186,long,1970-01-21 08:02:00,1970-01-21 08:03:00,1970-01-21 08:03:00,3538.681,3540.280760416667,TP,1.439760416666868,2,qg_dual_full_s42,2025-09
1300023,long,1970-01-21 08:04:00,1970-01-21 08:05:00,1970-01-21 08:05:00,3593.901,3593.384233333333,SL,-0.6767666666666264,1,qg_dual_full_s42,2025-09
1302789,long,1970-01-21 08:10:00,1970-01-21 08:11:00,1970-01-21 08:11:00,3638.23,3640.1525625,TP,1.7625624999999128,2,qg_dual_full_s42,2025-09
1305235,long,1970-01-21 08:12:00,1970-01-21 08:13:00,1970-01-21 08:13:00,3627.153,3626.6179666666662,SL,-0.6950333333335584,4,qg_dual_full_s42,2025-09
1306795,long,1970-01-21 08:14:00,1970-01-21 08:15:00,1970-01-21 08:15:00,3648.7,3648.1228604166663,SL,-0.7371395833335191,1,qg_dual_full_s42,2025-09
1307785,long,1970-01-21 08:18:00,1970-01-21 08:19:00,1970-01-21 08:19:00,3642.985,3644.185,TP,1.0399999999998182,3,qg_dual_full_s42,2025-09
1310072,long,1970-01-21 08:20:00,1970-01-21 08:21:00,1970-01-21 08:21:00,3691.231,3690.4817958333338,SL,-0.9092041666664591,1,qg_dual_full_s42,2025-09
1310459,long,1970-01-21 08:21:00,1970-01-21 08:22:00,1970-01-21 08:22:00,3685.041,3684.561,SL,-0.6400000000000182,1,qg_dual_full_s42,2025-09
1313311,long,1970-01-21 08:23:00,1970-01-21 08:24:00,1970-01-21 08:24:00,3640.242,3641.442,TP,1.0399999999998182,1,qg_dual_full_s42,2025-09
1313327,long,1970-01-21 08:24:00,1970-01-21 08:25:00,1970-01-21 08:25:00,3669.343,3668.863,SL,-0.6400000000000182,1,qg_dual_full_s42,2025-09
1314329,long,1970-01-21 08:25:00,1970-01-21 08:28:00,1970-01-21 08:28:00,3687.969,3687.1752312500003,SL,-0.9537687499997992,1,qg_dual_full_s42,2025-09
1315422,long,1970-01-21 08:29:00,1970-01-21 08:30:00,1970-01-21 08:30:00,3746.489,3745.8512125,SL,-0.7977874999998312,6,qg_dual_full_s42,2025-09
1316939,long,1970-01-21 08:30:00,1970-01-21 08:31:00,1970-01-21 08:31:00,3763.871,3762.928172916667,SL,-1.1028270833332134,10,qg_dual_full_s42,2025-09
1317434,long,1970-01-21 08:31:00,1970-01-21 08:32:00,1970-01-21 08:32:00,3770.065,3771.86009375,TP,1.6350937499999783,1,qg_dual_full_s42,2025-09
1321067,long,1970-01-21 08:34:00,1970-01-21 08:35:00,1970-01-21 08:35:00,3775.401,3774.5250979166667,SL,-1.0359020833331305,2,qg_dual_full_s42,2025-09
1321160,long,1970-01-21 08:35:00,1970-01-21 08:38:00,1970-01-21 08:38:00,3764.718,3767.3203072916663,TP,2.4423072916664204,5,qg_dual_full_s42,2025-09
1323369,long,1970-01-21 08:40:00,1970-01-21 08:41:00,1970-01-21 08:41:00,3851.296,3853.307723958333,TP,1.8517239583332776,1,qg_dual_full_s42,2025-09
1330173,long,1970-01-21 08:50:00,1970-01-21 08:51:00,1970-01-21 08:51:00,3980.954,3980.1427895833335,SL,-0.9712104166666541,1,qg_dual_full_s42,2025-10
1332681,long,1970-01-21 08:52:00,1970-01-21 08:53:00,1970-01-21 08:53:00,4020.327,4023.6338489583336,TP,3.1468489583333756,3,qg_dual_full_s42,2025-10
1332846,long,1970-01-21 08:53:00,1970-01-21 08:54:00,1970-01-21 08:54:00,3973.087,3976.554239583333,TP,3.307239583333139,1,qg_dual_full_s42,2025-10
1337064,long,1970-01-21 09:00:00,1970-01-21 09:01:00,1970-01-21 09:01:00,4140.345,4138.774689583333,SL,-1.7303104166668708,2,qg_dual_full_s42,2025-10
1337707,long,1970-01-21 09:01:00,1970-01-21 09:02:00,1970-01-21 09:02:00,4192.027,4190.164575,SL,-2.0224250000002577,1,qg_dual_full_s42,2025-10
1340779,long,1970-01-21 09:04:00,1970-01-21 09:05:00,1970-01-21 09:05:00,4330.391,4327.737902083333,SL,-2.813097916666411,1,qg_dual_full_s42,2025-10
1343899,long,1970-01-21 09:10:00,1970-01-21 09:11:00,1970-01-21 09:11:00,4136.012,4134.474125,SL,-1.6978749999999854,1,qg_dual_full_s42,2025-10
1356227,long,1970-01-21 09:29:00,1970-01-21 09:30:00,1970-01-21 09:30:00,4004.67,4007.345776041667,TP,2.5157760416667223,2,qg_dual_full_s42,2025-11
1358637,long,1970-01-21 09:31:00,1970-01-21 09:32:00,1970-01-21 09:32:00,3974.452,3977.2541458333335,TP,2.64214583333327,8,qg_dual_full_s42,2025-11
1362065,long,1970-01-21 09:35:00,1970-01-21 09:38:00,1970-01-21 09:38:00,4004.876,4007.23440625,TP,2.198406249999916,1,qg_dual_full_s42,2025-11
1364441,long,1970-01-21 09:40:00,1970-01-21 09:41:00,1970-01-21 09:41:00,4140.351,4139.410145833333,SL,-1.100854166666213,4,qg_dual_full_s42,2025-11
1365622,long,1970-01-21 09:42:00,1970-01-21 09:43:00,1970-01-21 09:43:00,4193.499,4195.95528125,TP,2.296281249999847,5,qg_dual_full_s42,2025-11
1368845,long,1970-01-21 09:45:00,1970-01-21 09:48:00,1970-01-21 09:48:00,4083.755,4082.278616666667,SL,-1.6363833333331603,1,qg_dual_full_s42,2025-11
1369444,long,1970-01-21 09:48:00,1970-01-21 09:49:00,1970-01-21 09:49:00,4088.443,4087.009085416667,SL,-1.5939145833332622,2,qg_dual_full_s42,2025-11
1369709,long,1970-01-21 09:49:00,1970-01-21 09:50:00,1970-01-21 09:50:00,4076.748,4074.9926812500003,SL,-1.9153187499997875,21,qg_dual_full_s42,2025-11
1373284,long,1970-01-21 09:52:00,1970-01-21 09:53:00,1970-01-21 09:53:00,4077.221,4075.408608333333,SL,-1.9723916666668264,1,qg_dual_full_s42,2025-11
1379474,long,1970-01-21 10:02:00,1970-01-21 10:03:00,1970-01-21 10:03:00,4167.155,4169.5551562499995,TP,2.2401562499997816,5,qg_dual_full_s42,2025-11
1382005,long,1970-01-21 10:05:00,1970-01-21 10:09:00,1970-01-21 10:09:00,4220.023,4219.2867375000005,SL,-0.8962624999996115,1,qg_dual_full_s42,2025-11
1382956,long,1970-01-21 10:09:00,1970-01-21 10:10:00,1970-01-21 10:10:00,4231.453,4230.4686645833335,SL,-1.1443354166669086,1,qg_dual_full_s42,2025-12
1384153,long,1970-01-21 10:10:00,1970-01-21 10:11:00,1970-01-21 10:11:00,4216.73,4215.488997916666,SL,-1.4010020833331145,15,qg_dual_full_s42,2025-12
1387175,long,1970-01-21 10:13:00,1970-01-21 10:14:00,1970-01-21 10:14:00,4188.92,4188.149991666667,SL,-0.9300083333329531,1,qg_dual_full_s42,2025-12
1388105,long,1970-01-21 10:14:00,1970-01-21 10:15:00,1970-01-21 10:15:00,4203.012,4201.767699999999,SL,-1.4043000000002939,5,qg_dual_full_s42,2025-12
1388769,long,1970-01-21 10:15:00,1970-01-21 10:16:00,1970-01-21 10:16:00,4214.038,4213.326497916666,SL,-0.8715020833334711,1,qg_dual_full_s42,2025-12
1389960,long,1970-01-21 10:19:00,1970-01-21 10:20:00,1970-01-21 10:20:00,4207.714,4206.57689375,SL,-1.2971062500002153,2,qg_dual_full_s42,2025-12
1390680,long,1970-01-21 10:20:00,1970-01-21 10:21:00,1970-01-21 10:21:00,4179.764,4178.677264583333,SL,-1.24673541666667,1,qg_dual_full_s42,2025-12
1393078,long,1970-01-21 10:22:00,1970-01-21 10:23:00,1970-01-21 10:23:00,4191.868,4193.526375,TP,1.4983749999999783,1,qg_dual_full_s42,2025-12
1393447,long,1970-01-21 10:23:00,1970-01-21 10:24:00,1970-01-21 10:24:00,4216.053,4215.171670833333,SL,-1.0413291666665463,1,qg_dual_full_s42,2025-12
1395366,long,1970-01-21 10:25:00,1970-01-21 10:26:00,1970-01-21 10:26:00,4283.194,4285.373473958333,TP,2.019473958332892,1,qg_dual_full_s42,2025-12
1396565,long,1970-01-21 10:26:00,1970-01-21 10:29:00,1970-01-21 10:29:00,4300.525,4304.159192708333,TP,3.474192708333103,2,qg_dual_full_s42,2025-12
1396598,long,1970-01-21 10:29:00,1970-01-21 10:30:00,1970-01-21 10:30:00,4342.747,4345.655692708334,TP,2.7486927083335466,2,qg_dual_full_s42,2025-12
1398081,long,1970-01-21 10:30:00,1970-01-21 10:31:00,1970-01-21 10:31:00,4290.616,4289.868658333334,SL,-0.9073416666662161,1,qg_dual_full_s42,2025-12
1398364,long,1970-01-21 10:31:00,1970-01-21 10:32:00,1970-01-21 10:32:00,4302.662,4301.597070833333,SL,-1.2249291666668431,5,qg_dual_full_s42,2025-12
1400805,long,1970-01-21 10:33:00,1970-01-21 10:34:00,1970-01-21 10:34:00,4334.624,4333.791885416666,SL,-0.9921145833333503,1,qg_dual_full_s42,2025-12
1401177,long,1970-01-21 10:34:00,1970-01-21 10:35:00,1970-01-21 10:35:00,4334.62,4336.271583333333,TP,1.4915833333332922,4,qg_dual_full_s42,2025-12
1403140,long,1970-01-21 10:36:00,1970-01-21 10:39:00,1970-01-21 10:39:00,4340.979,4343.996510416667,TP,2.857510416666482,7,qg_dual_full_s42,2025-12
1403527,long,1970-01-21 10:39:00,1970-01-21 10:40:00,1970-01-21 10:40:00,4410.426,4409.736510416667,SL,-0.8494895833329429,1,qg_dual_full_s42,2025-12
1406183,long,1970-01-21 10:42:00,1970-01-21 10:43:00,1970-01-21 10:43:00,4493.111,4492.130033333333,SL,-1.1409666666669727,1,qg_dual_full_s42,2025-12
1407516,long,1970-01-21 10:45:00,1970-01-21 10:46:00,1970-01-21 10:46:00,4525.279,4523.994652083334,SL,-1.4443479166667748,1,qg_dual_full_s42,2025-12
1409230,long,1970-01-21 10:49:00,1970-01-21 10:50:00,1970-01-21 10:50:00,4465.733,4464.516102083334,SL,-1.376897916666312,2,qg_dual_full_s42,2025-12
1409401,long,1970-01-21 10:50:00,1970-01-21 10:51:00,1970-01-21 10:51:00,4360.211,4358.35595,SL,-2.0150500000001195,1,qg_dual_full_s42,2025-12
1410315,long,1970-01-21 10:51:00,1970-01-21 10:52:00,1970-01-21 10:52:00,4366.122,4364.709027083333,SL,-1.5729729166670585,1,qg_dual_full_s42,2025-12
1413221,long,1970-01-21 10:55:00,1970-01-21 10:56:00,1970-01-21 10:56:00,4398.914,4397.839160416666,SL,-1.2348395833334143,1,qg_dual_full_s42,2026-01
1413815,long,1970-01-21 10:56:00,1970-01-21 10:59:00,1970-01-21 10:59:00,4353.486,4352.3469770833335,SL,-1.299022916666363,1,qg_dual_full_s42,2026-01
1415766,long,1970-01-21 11:01:00,1970-01-21 11:02:00,1970-01-21 11:02:00,4488.656,4487.64429375,SL,-1.1717062500003157,1,qg_dual_full_s42,2026-01
1417431,long,1970-01-21 11:02:00,1970-01-21 11:03:00,1970-01-21 11:03:00,4463.36,4462.081387499999,SL,-1.4386125000002357,1,qg_dual_full_s42,2026-01
1417811,long,1970-01-21 11:03:00,1970-01-21 11:04:00,1970-01-21 11:04:00,4439.033,4441.566671875,TP,2.373671874999527,1,qg_dual_full_s42,2026-01
1418747,long,1970-01-21 11:04:00,1970-01-21 11:05:00,1970-01-21 11:05:00,4448.539,4447.409318749999,SL,-1.2896812500004307,7,qg_dual_full_s42,2026-01
1419717,long,1970-01-21 11:05:00,1970-01-21 11:06:00,1970-01-21 11:06:00,4475.334,4477.8468125,TP,2.352812500000109,1,qg_dual_full_s42,2026-01
1421005,long,1970-01-21 11:06:00,1970-01-21 11:09:00,1970-01-21 11:09:00,4517.918,4521.476374999999,TP,3.3983749999996142,1,qg_dual_full_s42,2026-01
1422831,long,1970-01-21 11:11:00,1970-01-21 11:12:00,1970-01-21 11:12:00,4619.001,4617.841452083334,SL,-1.3195479166662698,1,qg_dual_full_s42,2026-01
1424434,long,1970-01-21 11:12:00,1970-01-21 11:13:00,1970-01-21 11:13:00,4630.992,4633.610348958334,TP,2.4583489583336267,6,qg_dual_full_s42,2026-01
1424716,long,1970-01-21 11:13:00,1970-01-21 11:14:00,1970-01-21 11:14:00,4603.687,4602.7097375,SL,-1.1372624999995968,4,qg_dual_full_s42,2026-01
1425404,long,1970-01-21 11:14:00,1970-01-21 11:15:00,1970-01-21 11:15:00,4616.497,4619.840885416667,TP,3.183885416667035,2,qg_dual_full_s42,2026-01
1426776,long,1970-01-21 11:15:00,1970-01-21 11:16:00,1970-01-21 11:16:00,4607.966,4607.013997916667,SL,-1.1120020833333546,3,qg_dual_full_s42,2026-01
1427341,long,1970-01-21 11:16:00,1970-01-21 11:19:00,1970-01-21 11:19:00,4655.358,4654.43139375,SL,-1.086606250000077,1,qg_dual_full_s42,2026-01
1430659,long,1970-01-21 11:22:00,1970-01-21 11:23:00,1970-01-21 11:23:00,4838.178,4837.232845833333,SL,-1.1051541666667253,1,qg_dual_full_s42,2026-01
1433493,long,1970-01-21 11:25:00,1970-01-21 11:26:00,1970-01-21 11:26:00,4905.613,4909.437755208333,TP,3.6647552083330446,1,qg_dual_full_s42,2026-01
1433990,long,1970-01-21 11:26:00,1970-01-21 11:29:00,1970-01-21 11:29:00,5019.847,5018.4450354166665,SL,-1.5619645833332105,2,qg_dual_full_s42,2026-01
1435591,long,1970-01-21 11:30:00,1970-01-21 11:31:00,1970-01-21 11:31:00,5041.335,5044.7965208333335,TP,3.301520833333452,1,qg_dual_full_s42,2026-01
1438955,long,1970-01-21 11:34:00,1970-01-21 11:35:00,1970-01-21 11:35:00,5332.445,5344.097984375,TP,11.492984375000415,1,qg_dual_full_s42,2026-01
1441625,long,1970-01-21 11:39:00,1970-01-21 11:40:00,1970-01-21 11:40:00,4755.515,4745.426579166667,SL,-10.248420833333657,7,qg_dual_full_s42,2026-02
1441873,long,1970-01-21 11:40:00,1970-01-21 11:41:00,1970-01-21 11:41:00,4635.586,4659.8343593750005,TP,24.08835937500029,19,qg_dual_full_s42,2026-02
1445616,long,1970-01-21 11:43:00,1970-01-21 11:44:00,1970-01-21 11:44:00,4954.011,4967.369197916667,TP,13.11819791666654,16,qg_dual_full_s42,2026-02
1446002,long,1970-01-21 11:44:00,1970-01-21 11:45:00,1970-01-21 11:45:00,4835.332,4830.380741666667,SL,-5.191258333333499,1,qg_dual_full_s42,2026-02
1447971,long,1970-01-21 11:46:00,1970-01-21 11:49:00,1970-01-21 11:49:00,4967.733,4974.591432291667,TP,6.570432291666759,1,qg_dual_full_s42,2026-02
1449820,long,1970-01-21 11:51:00,1970-01-21 11:52:00,1970-01-21 11:52:00,5054.807,5053.2294437499995,SL,-1.8175562500002707,8,qg_dual_full_s42,2026-02
1451375,long,1970-01-21 11:52:00,1970-01-21 11:53:00,1970-01-21 11:53:00,5049.832,5053.782880208334,TP,3.7108802083337284,2,qg_dual_full_s42,2026-02
1451745,long,1970-01-21 11:53:00,1970-01-21 11:54:00,1970-01-21 11:54:00,5082.113,5080.8279062500005,SL,-1.5250937499997599,4,qg_dual_full_s42,2026-02
1453577,long,1970-01-21 11:55:00,1970-01-21 11:56:00,1970-01-21 11:56:00,4972.934,4976.842885416667,TP,3.668885416666635,1,qg_dual_full_s42,2026-02
1455424,long,1970-01-21 11:59:00,1970-01-21 12:00:00,1970-01-21 12:00:00,5019.849,5018.179260416667,SL,-2.0297395833334666,1,qg_dual_full_s42,2026-02
1455590,long,1970-01-21 12:00:00,1970-01-21 12:01:00,1970-01-21 12:01:00,4987.214,4985.563472916667,SL,-1.8905270833331451,7,qg_dual_full_s42,2026-02
1456628,long,1970-01-21 12:01:00,1970-01-21 12:02:00,1970-01-21 12:02:00,4919.636,4918.63695,SL,-1.2390500000003521,3,qg_dual_full_s42,2026-02
1457357,long,1970-01-21 12:02:00,1970-01-21 12:03:00,1970-01-21 12:03:00,4889.736,4893.7138125,TP,3.8178125000002545,4,qg_dual_full_s42,2026-02
1458915,long,1970-01-21 12:03:00,1970-01-21 12:04:00,1970-01-21 12:04:00,4986.505,4985.0563,SL,-1.688699999999917,2,qg_dual_full_s42,2026-02
1459167,long,1970-01-21 12:04:00,1970-01-21 12:05:00,1970-01-21 12:05:00,4987.151,4985.471052083333,SL,-1.839947916666606,5,qg_dual_full_s42,2026-02
1461034,long,1970-01-21 12:06:00,1970-01-21 12:07:00,1970-01-21 12:07:00,5085.928,5084.555525,SL,-1.6124750000001222,1,qg_dual_full_s42,2026-02
1462461,long,1970-01-21 12:10:00,1970-01-21 12:11:00,1970-01-21 12:11:00,5199.584,5197.689922916667,SL,-2.1340770833332865,2,qg_dual_full_s42,2026-02
1463610,long,1970-01-21 12:11:00,1970-01-21 12:12:00,1970-01-21 12:12:00,5178.999,5177.39119375,SL,-1.9678062500000668,1,qg_dual_full_s42,2026-02
1464035,long,1970-01-21 12:12:00,1970-01-21 12:13:00,1970-01-21 12:13:00,5152.262,5150.696458333333,SL,-1.8055416666668316,3,qg_dual_full_s42,2026-02
1466457,long,1970-01-21 12:14:00,1970-01-21 12:15:00,1970-01-21 12:15:00,5186.436,5184.235504166666,SL,-2.5604958333336616,18,qg_dual_full_s42,2026-02
1467172,long,1970-01-21 12:15:00,1970-01-21 12:16:00,1970-01-21 12:16:00,5178.395,5182.2350572916675,TP,3.600057291667108,6,qg_dual_full_s42,2026-02
1468737,long,1970-01-21 12:16:00,1970-01-21 12:17:00,1970-01-21 12:17:00,5249.763,5247.22430625,SL,-2.8986937499997656,3,qg_dual_full_s42,2026-02
1468991,long,1970-01-21 12:17:00,1970-01-21 12:20:00,1970-01-21 12:20:00,5319.152,5322.659578125,TP,3.147578124999782,1,qg_dual_full_s42,2026-02
1471096,long,1970-01-21 12:22:00,1970-01-21 12:23:00,1970-01-21 12:23:00,5121.486,5118.2300187499995,SL,-3.6159812500003317,19,qg_dual_full_s42,2026-03
1474321,long,1970-01-21 12:25:00,1970-01-21 12:26:00,1970-01-21 12:26:00,5084.685,5081.196754166667,SL,-3.728245833333167,3,qg_dual_full_s42,2026-03
1475431,long,1970-01-21 12:26:00,1970-01-21 12:27:00,1970-01-21 12:27:00,5140.405,5147.159046875,TP,6.3940468750003125,9,qg_dual_full_s42,2026-03
1483327,long,1970-01-21 12:40:00,1970-01-21 12:41:00,1970-01-21 12:41:00,5012.604,5016.068494791667,TP,3.224494791666766,3,qg_dual_full_s42,2026-03
1486389,long,1970-01-21 12:43:00,1970-01-21 12:44:00,1970-01-21 12:44:00,4851.238,4856.343302083334,TP,4.905302083333299,1,qg_dual_full_s42,2026-03
1486491,long,1970-01-21 12:44:00,1970-01-21 12:45:00,1970-01-21 12:45:00,4827.553,4835.03015625,TP,7.277156250000007,1,qg_dual_full_s42,2026-03
1487849,long,1970-01-21 12:45:00,1970-01-21 12:46:00,1970-01-21 12:46:00,4656.59,4651.5146,SL,-5.355399999999718,2,qg_dual_full_s42,2026-03
1488745,long,1970-01-21 12:46:00,1970-01-21 12:47:00,1970-01-21 12:47:00,4562.568,4560.4234354166665,SL,-2.424564583333704,1,qg_dual_full_s42,2026-03
1489372,long,1970-01-21 12:47:00,1970-01-21 12:50:00,1970-01-21 12:50:00,4477.889,4473.7990500000005,SL,-4.36994999999959,1,qg_dual_full_s42,2026-03
1489798,long,1970-01-21 12:50:00,1970-01-21 12:51:00,1970-01-21 12:51:00,4253.292,4249.060270833334,SL,-4.51172916666681,3,qg_dual_full_s42,2026-03
1490363,long,1970-01-21 12:51:00,1970-01-21 12:52:00,1970-01-21 12:52:00,4361.585,4354.848120833333,SL,-6.996879166666767,1,qg_dual_full_s42,2026-03
1494322,long,1970-01-21 12:55:00,1970-01-21 12:56:00,1970-01-21 12:56:00,4382.101,4387.893645833333,TP,5.512645833333154,3,qg_dual_full_s42,2026-03
1496326,long,1970-01-21 12:57:00,1970-01-21 13:00:00,1970-01-21 13:00:00,4511.584,4508.3992312499995,SL,-3.4647687500003306,1,qg_dual_full_s42,2026-03
1498071,long,1970-01-21 13:01:00,1970-01-21 13:02:00,1970-01-21 13:02:00,4568.84,4573.89865625,TP,4.77865625000024,1,qg_dual_full_s42,2026-03
1498153,long,1970-01-21 13:02:00,1970-01-21 13:03:00,1970-01-21 13:03:00,4654.684,4661.092182291667,TP,6.1281822916668895,8,qg_dual_full_s42,2026-03
1499403,long,1970-01-21 13:03:00,1970-01-21 13:04:00,1970-01-21 13:04:00,4730.068,4735.2216718750005,TP,4.873671875000327,4,qg_dual_full_s42,2026-04
1500630,long,1970-01-21 13:04:00,1970-01-21 13:05:00,1970-01-21 13:05:00,4690.945,4689.1769395833335,SL,-2.048060416666231,1,qg_dual_full_s42,2026-04
1500965,long,1970-01-21 13:05:00,1970-01-21 13:06:00,1970-01-21 13:06:00,4672.166,4668.694620833334,SL,-3.7513791666663385,18,qg_dual_full_s42,2026-04
1503714,long,1970-01-21 13:12:00,1970-01-21 13:13:00,1970-01-21 13:13:00,4658.034,4662.877661458333,TP,4.563661458333372,8,qg_dual_full_s42,2026-04
1505071,long,1970-01-21 13:13:00,1970-01-21 13:14:00,1970-01-21 13:14:00,4797.32,4805.694322916666,TP,8.094322916666643,6,qg_dual_full_s42,2026-04
1505983,long,1970-01-21 13:14:00,1970-01-21 13:15:00,1970-01-21 13:15:00,4727.183,4724.7523270833335,SL,-2.710672916666481,1,qg_dual_full_s42,2026-04
1507020,long,1970-01-21 13:15:00,1970-01-21 13:16:00,1970-01-21 13:16:00,4776.678,4775.3060125,SL,-1.6519874999997046,1,qg_dual_full_s42,2026-04
1507513,long,1970-01-21 13:16:00,1970-01-21 13:17:00,1970-01-21 13:17:00,4758.248,4762.064598958333,TP,3.536598958333088,4,qg_dual_full_s42,2026-04
1508374,long,1970-01-21 13:17:00,1970-01-21 13:20:00,1970-01-21 13:20:00,4670.232,4673.37015625,TP,2.8581562500000652,1,qg_dual_full_s42,2026-04
1508972,long,1970-01-21 13:20:00,1970-01-21 13:21:00,1970-01-21 13:21:00,4729.286,4727.5785562500005,SL,-1.9874437499995838,1,qg_dual_full_s42,2026-04
1510422,long,1970-01-21 13:22:00,1970-01-21 13:23:00,1970-01-21 13:23:00,4800.297,4803.019125,TP,2.4421250000002326,1,qg_dual_full_s42,2026-04
1511643,long,1970-01-21 13:23:00,1970-01-21 13:24:00,1970-01-21 13:24:00,4810.912,4809.71390625,SL,-1.5580937500002254,1,qg_dual_full_s42,2026-04
1512284,long,1970-01-21 13:24:00,1970-01-21 13:25:00,1970-01-21 13:25:00,4827.569,4830.866739583334,TP,3.017739583333168,1,qg_dual_full_s42,2026-04
1513687,long,1970-01-21 13:25:00,1970-01-21 13:26:00,1970-01-21 13:26:00,4790.603,4793.615880208334,TP,2.7328802083336265,5,qg_dual_full_s42,2026-04
1514215,long,1970-01-21 13:26:00,1970-01-21 13:27:00,1970-01-21 13:27:00,4790.548,4788.638941666666,SL,-2.189058333333633,10,qg_dual_full_s42,2026-04
1515407,long,1970-01-21 13:27:00,1970-01-21 13:30:00,1970-01-21 13:30:00,4774.618,4779.867557291667,TP,4.88955729166686,1,qg_dual_full_s42,2026-04
1518105,long,1970-01-21 13:32:00,1970-01-21 13:33:00,1970-01-21 13:33:00,4779.141,4777.767545833333,SL,-1.6534541666663063,1,qg_dual_full_s42,2026-04
1518171,long,1970-01-21 13:33:00,1970-01-21 13:34:00,1970-01-21 13:34:00,4764.618,4768.83575,TP,3.937749999999796,20,qg_dual_full_s42,2026-04
1520011,long,1970-01-21 13:35:00,1970-01-21 13:36:00,1970-01-21 13:36:00,4720.571,4719.683702083334,SL,-1.1672979166662845,1,qg_dual_full_s42,2026-04
1522268,long,1970-01-21 13:37:00,1970-01-21 13:40:00,1970-01-21 13:40:00,4696.125,4694.38988125,SL,-2.015118749999856,3,qg_dual_full_s42,2026-04
1524476,long,1970-01-21 13:42:00,1970-01-21 13:43:00,1970-01-21 13:43:00,4583.909,4586.30471875,TP,2.1157187500000143,1,qg_dual_full_s42,2026-04
1524921,long,1970-01-21 13:43:00,1970-01-21 13:44:00,1970-01-21 13:44:00,4600.633,4598.763997916666,SL,-2.149002083333726,2,qg_dual_full_s42,2026-04
1525859,long,1970-01-21 13:44:00,1970-01-21 13:45:00,1970-01-21 13:45:00,4542.801,4541.623595833334,SL,-1.4574041666667472,2,qg_dual_full_s42,2026-04
1526796,long,1970-01-21 13:45:00,1970-01-21 13:46:00,1970-01-21 13:46:00,4612.497,4616.705109375001,TP,3.9281093750002762,1,qg_dual_full_s42,2026-04
1528349,long,1970-01-21 13:46:00,1970-01-21 13:47:00,1970-01-21 13:47:00,4596.033,4595.128425000001,SL,-1.1845749999995678,1,qg_dual_full_s42,2026-05
1528732,long,1970-01-21 13:47:00,1970-01-21 13:50:00,1970-01-21 13:50:00,4626.129,4625.085672916666,SL,-1.3233270833336792,1,qg_dual_full_s42,2026-05
1530584,long,1970-01-21 13:51:00,1970-01-21 13:52:00,1970-01-21 13:52:00,4514.735,4512.673449999999,SL,-2.3415500000003524,3,qg_dual_full_s42,2026-05
1530787,long,1970-01-21 13:52:00,1970-01-21 13:53:00,1970-01-21 13:53:00,4550.186,4555.869385416667,TP,5.403385416667079,3,qg_dual_full_s42,2026-05
1531946,long,1970-01-21 13:53:00,1970-01-21 13:54:00,1970-01-21 13:54:00,4643.84,4647.606052083333,TP,3.4860520833333064,8,qg_dual_full_s42,2026-05
1532678,long,1970-01-21 13:54:00,1970-01-21 13:55:00,1970-01-21 13:55:00,4690.821,4689.53510625,SL,-1.565893749999559,1,qg_dual_full_s42,2026-05
1533851,long,1970-01-21 13:55:00,1970-01-21 13:56:00,1970-01-21 13:56:00,4740.496,4739.502347916667,SL,-1.2736520833334726,1,qg_dual_full_s42,2026-05
1535065,long,1970-01-21 13:56:00,1970-01-21 13:57:00,1970-01-21 13:57:00,4727.28,4725.367472916666,SL,-2.2725270833337707,1,qg_dual_full_s42,2026-05
1535952,long,1970-01-21 13:57:00,1970-01-21 14:00:00,1970-01-21 14:00:00,4691.978,4690.59311875,SL,-1.664881250000035,1,qg_dual_full_s42,2026-05
1536603,long,1970-01-21 14:01:00,1970-01-21 14:02:00,1970-01-21 14:02:00,4717.437,4720.532140625,TP,2.815140624999658,3,qg_dual_full_s42,2026-05
1538631,long,1970-01-21 14:03:00,1970-01-21 14:04:00,1970-01-21 14:04:00,4695.013,4693.717216666667,SL,-1.57578333333302,5,qg_dual_full_s42,2026-05
1539664,long,1970-01-21 14:04:00,1970-01-21 14:05:00,1970-01-21 14:05:00,4688.214,4687.067170833333,SL,-1.4268291666669757,8,qg_dual_full_s42,2026-05
1540466,long,1970-01-21 14:05:00,1970-01-21 14:06:00,1970-01-21 14:06:00,4694.081,4697.042151041667,TP,2.681151041667108,1,qg_dual_full_s42,2026-05
1542167,long,1970-01-21 14:06:00,1970-01-21 14:07:00,1970-01-21 14:07:00,4611.443,4609.832275,SL,-1.890725000000457,3,qg_dual_full_s42,2026-05
1542382,long,1970-01-21 14:07:00,1970-01-21 14:10:00,1970-01-21 14:10:00,4538.378,4542.8224375,TP,4.164437500000276,2,qg_dual_full_s42,2026-05
1543438,long,1970-01-21 14:11:00,1970-01-21 14:12:00,1970-01-21 14:12:00,4543.752,4542.350445833334,SL,-1.681554166666756,1,qg_dual_full_s42,2026-05
1545600,long,1970-01-21 14:13:00,1970-01-21 14:14:00,1970-01-21 14:14:00,4495.611,4494.20889375,SL,-1.6821062499996333,1,qg_dual_full_s42,2026-05
1546290,long,1970-01-21 14:14:00,1970-01-21 14:15:00,1970-01-21 14:15:00,4531.228,4534.822890625,TP,3.314890624999607,15,qg_dual_full_s42,2026-05
1547572,long,1970-01-21 14:15:00,1970-01-21 14:16:00,1970-01-21 14:16:00,4509.019,4508.145410416667,SL,-1.1535895833333416,1,qg_dual_full_s42,2026-05
1549313,long,1970-01-21 14:17:00,1970-01-21 14:18:00,1970-01-21 14:18:00,4508.403,4507.3357375000005,SL,-1.3472624999997425,1,qg_dual_full_s42,2026-05
1551891,long,1970-01-21 14:22:00,1970-01-21 14:23:00,1970-01-21 14:23:00,4526.707,4525.650608333333,SL,-1.3363916666669684,1,qg_dual_full_s42,2026-05
1552024,long,1970-01-21 14:23:00,1970-01-21 14:24:00,1970-01-21 14:24:00,4519.688,4522.2425625000005,TP,2.274562500000429,1,qg_dual_full_s42,2026-05
1553551,long,1970-01-21 14:24:00,1970-01-21 14:25:00,1970-01-21 14:25:00,4449.705,4452.790427083333,TP,2.805427083333343,1,qg_dual_full_s42,2026-05
1554423,long,1970-01-21 14:25:00,1970-01-21 14:26:00,1970-01-21 14:26:00,4390.012,4393.055901041666,TP,2.763901041666686,1,qg_dual_full_s42,2026-05
1555011,long,1970-01-21 14:26:00,1970-01-21 14:27:00,1970-01-21 14:27:00,4506.225,4509.482036458334,TP,2.977036458333459,1,qg_dual_full_s42,2026-05
1555863,long,1970-01-21 14:27:00,1970-01-21 14:28:00,1970-01-21 14:28:00,4560.255,4559.139585416667,SL,-1.3954145833334042,3,qg_dual_full_s42,2026-05
1556808,long,1970-01-21 14:28:00,1970-01-21 14:31:00,1970-01-21 14:31:00,4521.226,4525.527505208333,TP,4.021505208333765,1,qg_dual_full_s42,2026-05
1556948,long,1970-01-21 14:31:00,1970-01-21 14:32:00,1970-01-21 14:32:00,4481.987,4480.928060416667,SL,-1.3389395833330855,1,qg_dual_full_s42,2026-05
1562973,long,1970-01-21 14:37:00,1970-01-21 14:38:00,1970-01-21 14:38:00,4338.268,4341.413520833334,TP,2.8655208333336484,1,qg_dual_full_s42,2026-06
1563896,long,1970-01-21 14:41:00,1970-01-21 14:42:00,1970-01-21 14:42:00,4331.323,4329.6338125,SL,-1.9691875000001164,1,qg_dual_full_s42,2026-06
1565664,long,1970-01-21 14:43:00,1970-01-21 14:44:00,1970-01-21 14:44:00,4256.058,4254.796441666666,SL,-1.5415583333335963,1,qg_dual_full_s42,2026-06
1567030,long,1970-01-21 14:44:00,1970-01-21 14:45:00,1970-01-21 14:45:00,4179.466,4177.565275,SL,-2.1607250000004203,1,qg_dual_full_s42,2026-06
1568105,long,1970-01-21 14:45:00,1970-01-21 14:46:00,1970-01-21 14:46:00,4088.374,4093.671520833333,TP,5.037520833333238,5,qg_dual_full_s42,2026-06
1573129,long,1970-01-21 14:53:00,1970-01-21 14:54:00,1970-01-21 14:54:00,4334.049,4332.699260416666,SL,-1.6097395833337578,1,qg_dual_full_s42,2026-06
1573665,long,1970-01-21 14:54:00,1970-01-21 14:55:00,1970-01-21 14:55:00,4330.397,4329.62274375,SL,-1.0542562499997803,2,qg_dual_full_s42,2026-06
1574458,long,1970-01-21 14:55:00,1970-01-21 14:56:00,1970-01-21 14:56:00,4321.194,4320.170914583334,SL,-1.2830854166666177,2,qg_dual_full_s42,2026-06
1575851,long,1970-01-21 14:56:00,1970-01-21 14:57:00,1970-01-21 14:57:00,4208.762,4206.892279166666,SL,-2.1297208333333035,3,qg_dual_full_s42,2026-06
1576475,long,1970-01-21 14:57:00,1970-01-21 14:58:00,1970-01-21 14:58:00,4148.331,4147.242279166667,SL,-1.3487208333333547,1,qg_dual_full_s42,2026-06
1578158,long,1970-01-21 15:02:00,1970-01-21 15:03:00,1970-01-21 15:03:00,4161.148,4160.041689583333,SL,-1.366310416666929,1,qg_dual_full_s42,2026-06
1581651,long,1970-01-21 15:05:00,1970-01-21 15:06:00,1970-01-21 15:06:00,3995.273,3993.85961875,SL,-1.6733812499999294,1,qg_dual_full_s42,2026-06
1581931,long,1970-01-21 15:06:00,1970-01-21 15:07:00,1970-01-21 15:07:00,4025.978,4031.263479166667,TP,5.025479166666846,22,qg_dual_full_s42,2026-06
1583664,long,1970-01-21 15:07:00,1970-01-21 15:08:00,1970-01-21 15:08:00,4050.707,4054.0275052083334,TP,3.080505208333543,1,qg_dual_full_s42,2026-06
1589894,long,1970-01-21 15:17:00,1970-01-21 15:18:00,1970-01-21 15:18:00,4181.197,4180.282620833334,SL,-1.1543791666665493,1,qg_dual_full_s42,2026-07
1590614,long,1970-01-21 15:18:00,1970-01-21 15:21:00,1970-01-21 15:21:00,4177.917,4177.0011375,SL,-1.155862500000003,1,qg_dual_full_s42,2026-07
1591078,long,1970-01-21 15:21:00,1970-01-21 15:22:00,1970-01-21 15:22:00,4155.918,4154.680264583333,SL,-1.47773541666651,3,qg_dual_full_s42,2026-07
1591602,long,1970-01-21 15:22:00,1970-01-21 15:23:00,1970-01-21 15:23:00,4164.673,4163.557116666667,SL,-1.3558833333329312,2,qg_dual_full_s42,2026-07
1592908,long,1970-01-21 15:23:00,1970-01-21 15:24:00,1970-01-21 15:24:00,4138.923,4137.784691666667,SL,-1.3783083333330433,1,qg_dual_full_s42,2026-07
1594399,long,1970-01-21 15:25:00,1970-01-21 15:26:00,1970-01-21 15:26:00,4074.11,4072.3886479166667,SL,-1.961352083333386,1,qg_dual_full_s42,2026-07
1595669,long,1970-01-21 15:26:00,1970-01-21 15:27:00,1970-01-21 15:27:00,4136.168,4134.873227083333,SL,-1.5347729166662611,1,qg_dual_full_s42,2026-07
1596247,long,1970-01-21 15:27:00,1970-01-21 15:28:00,1970-01-21 15:28:00,4108.031,4106.68454375,SL,-1.5864562500003012,17,qg_dual_full_s42,2026-07
1597206,long,1970-01-21 15:28:00,1970-01-21 15:31:00,1970-01-21 15:31:00,4098.56,4097.628027083334,SL,-1.171972916666382,1,qg_dual_full_s42,2026-07
1597953,long,1970-01-21 15:31:00,1970-01-21 15:32:00,1970-01-21 15:32:00,4065.834,4064.6778979166666,SL,-1.3961020833332805,1,qg_dual_full_s42,2026-07
1598802,long,1970-01-21 15:32:00,1970-01-21 15:33:00,1970-01-21 15:33:00,4004.1,4002.43286875,SL,-1.907131249999784,3,qg_dual_full_s42,2026-07
1599180,long,1970-01-21 15:33:00,1970-01-21 15:34:00,1970-01-21 15:34:00,4079.423,4082.322208333333,TP,2.639208333333263,4,qg_dual_full_s42,2026-07
1600222,long,1970-01-21 15:34:00,1970-01-21 15:35:00,1970-01-21 15:35:00,4029.281,4027.2291458333334,SL,-2.2918541666665444,2,qg_dual_full_s42,2026-07
1601457,long,1970-01-21 15:35:00,1970-01-21 15:36:00,1970-01-21 15:36:00,4057.945,4056.8495208333334,SL,-1.3354791666667916,1,qg_dual_full_s42,2026-07
1602785,long,1970-01-21 15:36:00,1970-01-21 15:37:00,1970-01-21 15:37:00,3991.263,3990.25514375,SL,-1.2478562499998043,1,qg_dual_full_s42,2026-07
1603633,long,1970-01-21 15:37:00,1970-01-21 15:38:00,1970-01-21 15:38:00,3995.999,3998.953411458333,TP,2.7144114583331973,2,qg_dual_full_s42,2026-07
