entry_time,exit_time,side,entry_px,exit_px,cost,pnl,hold_bars,reason,atr_entry
2022-01-19 14:00,2022-01-26 19:00,L,1823.96,1829.12,0.88,4.29,120,time,2.94
2022-01-31 14:00,2022-02-07 19:00,L,1797.67,1821.13,1.02,22.44,120,time,3.4
2022-02-07 20:00,2022-02-15 03:00,L,1822.28,1876.29,0.98,53.02,120,time,3.26
2022-02-15 04:00,2022-02-22 11:00,L,1877.38,1896.49,1.58,17.53,120,time,5.28
2022-02-23 15:00,2022-03-02 20:00,L,1906.0,1927.88,1.2,20.68,120,time,4.0
2022-03-04 01:00,2022-03-11 06:00,L,1947.24,1983.64,1.98,34.42,120,time,6.6
2022-03-16 20:00,2022-03-24 02:00,L,1927.93,1941.98,2.83,11.21,120,time,9.45
2022-03-24 12:00,2022-03-31 17:00,L,1956.42,1944.38,1.36,-13.41,120,time,4.53
2022-03-31 18:00,2022-04-08 00:00,L,1945.16,1932.97,1.83,-14.02,120,time,6.09
2022-04-08 14:00,2022-04-18 19:00,L,1939.57,1979.74,1.29,38.88,120,time,4.31
2022-04-20 20:00,2022-04-28 02:00,L,1957.81,1882.59,1.5,-76.71,120,time,4.99
2022-04-28 20:00,2022-05-06 02:00,L,1895.86,1870.13,1.97,-27.7,120,time,6.55
2022-05-16 19:00,2022-05-24 01:00,L,1822.44,1851.88,2.4,27.05,120,time,7.99
2022-06-07 19:00,2022-06-15 01:00,L,1854.28,1811.39,1.47,-44.36,120,time,4.89
2022-06-15 10:00,2022-06-22 18:00,L,1825.38,1840.6,1.33,13.89,120,time,4.44
2022-06-23 14:00,2022-06-30 19:00,L,1844.28,1806.72,1.37,-38.93,120,time,4.56
2022-07-01 19:00,2022-07-11 04:00,L,1809.02,1742.58,2.0,-68.45,120,time,6.68
2022-07-13 15:00,2022-07-20 20:00,L,1742.19,1695.73,2.16,-48.62,120,time,7.2
2022-07-21 15:00,2022-07-28 20:00,L,1711.65,1755.33,2.07,41.61,120,time,6.91
2022-07-29 04:00,2022-08-05 09:00,L,1762.86,1787.37,1.35,23.17,120,time,4.49
2022-08-09 14:00,2022-08-16 19:00,L,1797.52,1777.05,1.26,-21.74,120,time,4.21
2022-08-23 14:00,2022-08-30 19:00,L,1747.11,1724.18,1.34,-24.27,120,time,4.45
2022-09-07 15:00,2022-09-14 20:00,L,1711.58,1695.59,1.47,-17.46,120,time,4.89
2022-09-16 15:00,2022-09-23 20:00,L,1676.98,1642.99,1.8,-35.79,120,time,6.01
2022-09-28 14:00,2022-10-05 19:00,L,1649.26,1717.19,2.13,65.79,120,time,7.11
2022-10-11 16:00,2022-10-18 22:00,L,1681.58,1651.94,1.69,-31.33,120,time,5.62
2022-10-20 11:00,2022-10-27 16:00,L,1637.97,1661.18,1.27,21.94,120,time,4.22
2022-11-01 10:00,2022-11-08 16:00,L,1650.36,1713.09,1.12,61.61,120,time,3.75
2022-11-08 17:00,2022-11-15 23:00,L,1715.07,1777.86,1.85,60.93,120,time,6.16
2022-11-23 20:00,2022-12-01 07:00,L,1751.87,1782.72,1.69,29.15,120,time,5.65
2022-12-01 13:00,2022-12-08 18:00,L,1784.69,1787.13,1.34,1.1,120,time,4.47
2022-12-09 17:00,2022-12-18 23:00,L,1804.62,1792.45,1.55,-13.71,120,time,5.16
2022-12-20 09:00,2022-12-28 14:00,L,1803.19,1803.72,1.17,-0.64,120,time,3.9
2022-12-29 18:00,2023-01-09 00:00,L,1818.96,1869.6,1.24,49.39,120,time,4.14
2023-01-09 02:00,2023-01-16 07:00,L,1874.37,1915.73,2.02,39.34,120,time,6.73
2023-01-18 13:00,2023-01-25 18:00,L,1917.25,1937.32,1.35,18.71,120,time,4.52
2023-01-25 20:00,2023-02-02 02:00,L,1942.35,1952.73,1.85,8.54,120,time,6.16
2023-02-07 16:00,2023-02-14 21:00,L,1879.38,1855.89,1.49,-24.99,120,time,4.98
2023-02-28 16:00,2023-03-07 21:00,L,1824.1,1813.93,1.31,-11.48,120,time,4.36
2023-03-10 14:00,2023-03-17 18:00,L,1842.42,1972.83,1.33,129.08,120,time,4.42
2023-03-17 19:00,2023-03-27 01:00,L,1983.57,1973.64,2.49,-12.43,120,time,8.31
2023-03-28 13:00,2023-04-04 18:00,L,1965.23,2018.29,1.3,51.77,120,time,4.32
2023-04-12 02:00,2023-04-19 07:00,L,2014.5,1991.04,1.2,-24.66,120,time,4.01
2023-04-20 11:00,2023-04-27 16:00,L,2003.51,1982.25,1.22,-22.48,120,time,4.07
2023-04-28 15:00,2023-05-05 20:00,L,1992.35,2017.73,1.56,23.82,120,time,5.21
2023-05-08 16:00,2023-05-15 22:00,L,2027.07,2016.17,1.2,-12.09,120,time,3.99
2023-05-19 16:00,2023-05-28 22:00,L,1974.81,1943.26,1.74,-33.28,120,time,5.8
2023-05-30 10:00,2023-06-06 15:00,L,1952.83,1960.02,1.25,5.94,120,time,4.18
2023-06-07 14:00,2023-06-14 19:00,L,1969.57,1950.06,1.19,-20.7,120,time,3.97
2023-06-23 14:00,2023-06-30 19:00,L,1932.14,1918.97,1.28,-14.45,120,time,4.26
2023-07-03 14:00,2023-07-10 22:00,L,1926.08,1925.35,1.19,-1.92,120,time,3.97
2023-07-12 13:00,2023-07-19 18:00,L,1943.15,1977.26,1.1,33.02,120,time,3.65
2023-07-20 02:00,2023-07-27 07:00,L,1984.96,1974.77,1.12,-11.31,120,time,3.74
2023-07-28 12:00,2023-08-04 17:00,L,1956.54,1941.69,1.15,-16.0,120,time,3.83
2023-08-21 13:00,2023-08-28 18:00,L,1897.13,1920.33,1.06,22.14,120,time,3.52
2023-08-29 15:00,2023-09-06 00:00,L,1934.09,1926.57,1.07,-8.59,120,time,3.56
2023-09-08 01:00,2023-09-15 06:00,L,1923.67,1916.22,0.89,-8.34,120,time,2.95
2023-09-15 14:00,2023-09-22 19:00,L,1924.48,1924.92,0.88,-0.44,120,time,2.94
2023-10-06 16:00,2023-10-15 22:00,L,1832.53,1927.52,1.5,93.49,120,time,4.99
2023-10-18 02:00,2023-10-25 07:00,L,1939.02,1971.32,1.59,30.71,120,time,5.31
2023-10-25 14:00,2023-11-01 19:00,L,1985.09,1974.86,1.34,-11.56,120,time,4.47
2023-11-03 13:00,2023-11-10 19:00,L,2000.13,1935.94,1.05,-65.24,120,time,3.51
2023-11-13 17:00,2023-11-20 23:00,L,1945.71,1977.88,1.15,31.02,120,time,3.83
2023-11-21 01:00,2023-11-28 12:00,L,1986.29,2015.17,1.29,27.59,120,time,4.3
2023-11-28 14:00,2023-12-05 19:00,L,2021.45,2018.07,0.99,-4.37,120,time,3.29
2023-12-06 08:00,2023-12-13 13:00,L,2033.99,1981.37,1.14,-53.75,120,time,3.79
2023-12-13 14:00,2023-12-20 19:00,L,1984.3,2036.21,0.98,50.93,120,time,3.25
2023-12-21 14:00,2023-12-29 19:00,L,2041.43,2064.82,1.08,22.31,120,time,3.6
2024-01-02 06:00,2024-01-09 11:00,L,2074.31,2035.45,1.19,-40.04,120,time,3.96
2024-01-09 14:00,2024-01-16 21:00,L,2038.6,2028.29,1.27,-11.57,120,time,4.22
2024-01-18 19:00,2024-01-26 01:00,L,2020.41,2021.23,1.27,-0.44,120,time,4.22
2024-01-29 14:00,2024-02-05 19:00,L,2036.77,2025.92,1.11,-11.95,120,time,3.69
2024-02-06 16:00,2024-02-13 21:00,L,2036.23,1992.68,1.17,-44.72,120,time,3.9
2024-02-14 18:00,2024-02-22 02:00,L,1994.37,2027.03,1.11,31.55,120,time,3.7
2024-02-23 13:00,2024-03-01 18:00,L,2028.05,2084.77,1.04,55.68,120,time,3.45
2024-03-04 14:00,2024-03-11 18:00,L,2091.63,2179.7,1.04,87.03,120,time,3.45
2024-03-13 16:00,2024-03-20 22:00,L,2171.71,2186.4,1.25,13.45,120,time,4.16
2024-03-20 23:00,2024-03-28 04:00,L,2200.17,2194.75,2.4,-7.81,120,time,7.99
2024-03-28 11:00,2024-04-05 16:00,L,2212.12,2326.19,1.55,112.53,120,time,5.16
2024-04-08 03:00,2024-04-15 08:00,L,2348.08,2353.04,4.26,0.69,120,time,14.21
2024-04-15 19:00,2024-04-23 01:00,L,2375.87,2332.56,3.57,-46.88,120,time,11.91
2024-04-26 08:00,2024-05-03 13:00,L,2345.51,2304.79,1.39,-42.1,120,time,4.62
2024-05-06 08:00,2024-05-13 13:00,L,2322.64,2347.01,1.88,22.48,120,time,6.26
2024-05-14 14:00,2024-05-21 19:00,L,2353.81,2420.34,1.71,64.82,120,time,5.69
2024-05-27 14:00,2024-06-03 23:00,L,2354.94,2350.56,1.54,-5.92,120,time,5.13
2024-06-05 14:00,2024-06-12 19:00,L,2345.76,2322.73,1.59,-24.62,120,time,5.31
2024-06-18 14:00,2024-06-25 23:00,L,2326.66,2320.6,1.76,-7.83,120,time,5.87
2024-07-02 14:00,2024-07-09 23:00,L,2334.42,2364.41,1.64,28.36,120,time,5.45
2024-07-11 13:00,2024-07-18 18:00,L,2406.26,2456.3,1.6,48.44,120,time,5.33
2024-07-24 13:00,2024-07-31 18:00,L,2421.42,2426.01,1.52,3.06,120,time,5.08
2024-07-31 19:00,2024-08-08 01:00,L,2433.76,2385.44,2.0,-50.32,120,time,6.67
2024-08-08 11:00,2024-08-15 16:00,L,2405.08,2458.39,1.63,51.68,120,time,5.43
2024-08-16 13:00,2024-08-23 18:00,L,2491.64,2510.91,1.82,17.45,120,time,6.06
2024-08-27 19:00,2024-09-04 04:00,L,2524.46,2495.06,2.21,-31.61,120,time,7.36
2024-09-11 00:00,2024-09-18 05:00,L,2518.64,2568.6,1.53,48.43,120,time,5.1
2024-09-20 13:00,2024-09-27 18:00,L,2615.63,2645.13,1.62,27.89,120,time,5.39
2024-10-01 14:00,2024-10-08 19:00,L,2668.51,2615.67,1.71,-54.55,120,time,5.7
2024-10-10 13:00,2024-10-17 18:00,L,2625.05,2691.97,1.65,65.28,120,time,5.49
2024-10-18 02:00,2024-10-25 07:00,L,2704.53,2732.21,1.98,25.7,120,time,6.61
2024-10-25 15:00,2024-11-01 20:00,L,2738.42,2734.08,1.95,-6.29,120,time,6.49
2024-11-07 14:00,2024-11-14 19:00,L,2684.53,2569.9,2.6,-117.23,120,time,8.66
2024-11-18 01:00,2024-11-25 06:00,L,2576.49,2664.71,2.42,85.8,120,time,8.08
2024-11-27 06:00,2024-12-04 17:00,L,2642.08,2649.71,1.74,5.89,120,time,5.8
2024-12-09 10:00,2024-12-16 15:00,L,2655.67,2654.88,2.43,-3.22,120,time,8.12
2024-12-20 14:00,2024-12-30 23:00,L,2609.53,2606.64,1.8,-4.69,120,time,5.99
2024-12-31 16:00,2025-01-08 21:00,L,2625.63,2663.49,1.73,36.13,120,time,5.76
2025-01-10 15:00,2025-01-17 20:00,L,2687.86,2703.19,1.74,13.59,120,time,5.8
2025-01-21 02:00,2025-01-28 07:00,L,2718.08,2739.69,2.01,19.6,120,time,6.69
2025-02-03 15:00,2025-02-10 20:00,L,2830.16,2904.37,2.62,71.59,120,time,8.72
2025-02-11 00:00,2025-02-18 07:00,L,2917.89,2913.72,2.36,-6.53,120,time,7.86
2025-02-18 13:00,2025-02-25 18:00,L,2918.16,2907.64,1.67,-12.19,120,time,5.58
2025-03-03 16:00,2025-03-10 20:00,L,2887.86,2885.47,2.21,-4.6,120,time,7.35
2025-03-11 10:00,2025-03-18 15:00,L,2911.73,3027.94,2.02,114.19,120,time,6.72
2025-03-19 19:00,2025-03-27 01:00,L,3046.77,3025.35,2.64,-24.06,120,time,8.8
2025-03-27 11:00,2025-04-03 16:00,L,3051.42,3110.56,1.93,57.2,120,time,6.44
2025-04-09 07:00,2025-04-16 12:00,L,3039.1,3306.8,4.58,263.11,120,time,15.28
2025-04-16 16:00,2025-04-24 22:00,L,3325.22,3353.18,4.37,23.6,120,time,14.56
2025-04-28 17:00,2025-05-05 23:00,L,3336.58,3330.66,4.65,-10.57,120,time,15.5
2025-05-06 02:00,2025-05-13 07:00,L,3379.6,3261.97,3.91,-121.54,120,time,13.03
2025-05-15 15:00,2025-05-22 20:00,L,3205.37,3290.34,5.38,79.59,120,time,17.93
2025-05-23 07:00,2025-05-30 14:00,L,3331.08,3276.74,3.13,-57.47,120,time,10.44
2025-06-02 06:00,2025-06-09 11:00,L,3323.69,3314.69,3.02,-12.02,120,time,10.07
2025-06-10 14:00,2025-06-17 19:00,L,3343.59,3382.83,3.06,36.18,120,time,10.21
2025-07-16 16:00,2025-07-23 22:00,L,3343.52,3391.11,3.18,44.4,120,time,10.61
2025-08-01 13:00,2025-08-08 18:00,L,3341.18,3381.73,3.15,37.4,120,time,10.5
2025-08-22 15:00,2025-08-29 20:00,L,3373.85,3452.6,2.49,76.27,120,time,8.3
2025-09-01 02:00,2025-09-08 09:00,L,3457.27,3611.23,2.95,151.01,120,time,9.83
2025-09-08 13:00,2025-09-15 18:00,L,3624.27,3681.7,2.78,54.65,120,time,9.26
2025-09-16 01:00,2025-09-23 06:00,L,3686.39,3753.14,2.69,64.07,120,time,8.95
2025-09-23 09:00,2025-09-30 14:00,L,3774.28,3824.03,2.91,46.84,120,time,9.71
2025-10-01 08:00,2025-10-08 13:00,L,3879.24,4039.95,3.04,157.67,120,time,10.14
2025-10-08 17:00,2025-10-15 23:00,L,4056.54,4213.32,3.91,152.86,120,time,13.04
2025-10-16 02:00,2025-10-23 09:00,L,4230.22,4116.18,4.9,-118.94,120,time,16.33
2025-10-23 14:00,2025-10-30 19:00,L,4144.9,4016.13,6.77,-135.54,120,time,22.56
2025-10-30 20:00,2025-11-07 03:00,L,4023.43,3995.3,6.76,-34.89,120,time,22.53
2025-11-10 02:00,2025-11-17 07:00,L,4043.95,4066.0,5.0,17.05,120,time,16.67
2025-11-19 06:00,2025-11-26 11:00,L,4095.47,4159.93,4.78,59.68,120,time,15.92
2025-11-26 12:00,2025-12-03 21:00,L,4171.58,4206.11,3.45,31.08,120,time,11.51
2025-12-10 21:00,2025-12-18 03:00,L,4229.73,4333.24,3.86,99.64,120,time,12.88
2025-12-18 17:00,2025-12-29 02:00,L,4360.38,4497.1,3.93,132.79,120,time,13.1
2025-12-30 13:00,2026-01-07 18:00,L,4401.3,4451.91,5.79,44.82,120,time,19.29
2026-01-08 21:00,2026-01-16 03:00,L,4476.0,4594.92,4.85,114.07,120,time,16.16
2026-01-19 00:00,2026-01-26 07:00,L,4672.63,5077.98,8.16,397.19,120,time,27.19
2026-01-27 21:00,2026-02-04 03:00,L,5176.62,5040.37,8.1,-144.35,120,time,26.99
2026-02-04 04:00,2026-02-11 09:00,L,5070.01,5053.73,16.14,-32.42,120,time,53.79
2026-02-11 11:00,2026-02-18 18:00,L,5093.01,4998.97,6.49,-100.52,120,time,21.62
2026-02-19 07:00,2026-02-26 12:00,L,5018.38,5164.76,4.93,141.46,120,time,16.43
2026-02-27 14:00,2026-03-06 19:00,L,5223.18,5161.16,5.35,-67.37,120,time,17.83
2026-03-09 20:00,2026-03-17 02:00,L,5141.17,5027.59,8.64,-122.22,120,time,28.81
2026-03-24 22:00,2026-04-01 03:00,L,4479.7,4684.64,13.17,191.77,120,time,43.89
2026-04-01 07:00,2026-04-09 12:00,L,4730.54,4756.43,8.72,17.17,120,time,29.08
2026-04-09 16:00,2026-04-16 22:00,L,4793.04,4794.58,6.66,-5.12,120,time,22.2
2026-05-07 15:00,2026-05-14 20:00,L,4762.54,4654.13,6.32,-114.74,120,time,21.08
2026-05-18 13:00,2026-05-25 18:00,L,4571.19,4565.22,7.74,-13.7,120,time,25.79
2026-05-28 15:00,2026-06-04 20:00,L,4469.2,4480.85,7.99,3.66,120,time,26.64
2026-06-11 18:00,2026-06-19 00:00,L,4152.02,4188.5,8.64,27.84,120,time,28.8
2026-06-25 16:00,2026-07-02 22:00,L,4041.06,4126.48,6.95,78.46,120,time,23.18
2026-07-03 01:00,2026-07-10 10:00,L,4147.26,4104.21,6.78,-49.83,120,time,22.6
2026-07-14 13:00,2026-07-17 20:00,L,4076.28,4017.75,5.29,-63.83,76,eod,17.64
