fold,pnl
2022-08,-14.410908854166793
2022-09,-42.68619791666634
2022-11,-8.06899999999996
2022-12,0.06300000000001127
2023-04,-3.1177256944444247
2023-07,-3.1800651041668964
2023-08,2.037999999999874
2023-10,-10.059004340277717
2024-01,-14.769049479167144
2024-02,8.99799999999991
2024-03,-0.21910590277811837
2024-04,6.725285590277555
2024-05,-1.5164279513890209
2024-06,1.7705703125014358
2024-07,0.3985954861107812
2024-11,-33.7013993055555
2025-03,-9.011973958334485
2025-04,16.796917534722915
2025-05,-9.553541666665696
2025-06,-8.766190104166226
2025-07,-8.376671006943619
2025-08,-27.38426475694525
2025-09,12.999101562500018
2025-10,-11.651684027782137
2025-11,-2.0575390624974554
2025-12,11.316453993056419
2026-01,-75.70005642361444
2026-02,-7.68384114583216
2026-03,77.31088107638749
2026-04,-46.37250868055142
2026-05,-70.02365017360752
2026-06,-132.10424913194402
