,weak,eq1.2_2.0
2022-08,0.0,0.0
2022-09,0.0,0.0
2022-10,9.996975000000056,23.7
2022-11,6.686987499999777,8.91
2022-12,-4.831281249999826,-7.71
2023-01,-22.345337500000014,22.67
2023-02,0.0,25.75
2023-03,0.0,32.05
2023-04,18.08080624999971,-2.76
2023-05,25.967899999999908,3.17
2023-06,1.8490312499995731,4.45
2023-07,-1.597687500000477,-26.34
2023-08,46.31301875000004,0.0
2023-09,-10.93670624999979,31.53
2023-10,-43.056456249999954,15.34
2023-11,0.0,37.07
2023-12,0.0,16.0
2024-01,44.976281249999985,14.87
2024-02,-4.434806249999584,2.3
2024-03,8.796912500000035,17.54
2024-04,-10.775133333333251,24.99
2024-05,0.0,46.83
2024-06,19.407194444445274,-32.21
2024-07,12.782081249999582,-15.62
2024-08,-21.61551180555622,0.0
2024-09,0.0,0.0
2024-10,0.0,0.0
2024-11,0.0,0.0
2024-12,0.0,0.0
2025-01,0.0,0.0
2025-02,0.0,0.0
2025-03,0.0,0.0
2025-04,55.28025972222266,-35.47
2025-05,-25.717872916666856,0.0
2025-06,32.10135138888887,0.0
2025-07,57.44069097222211,0.0
2025-08,3.3679062500000683,0.0
2025-09,17.7690333333332,-31.3
2025-10,313.58949097222285,0.0
2025-11,92.75293888888955,17.3
2025-12,-5.128238888888825,53.16
2026-01,148.7371652777772,95.65
2026-02,232.3686763888889,29.78
2026-03,-29.85161597222185,-42.41
2026-04,-6.451203472221259,0.0
2026-05,0.0,0.0
2026-06,-103.33353541666762,0.0
2026-07,204.39107291666693,0.0
