row,dir,signal_time,entry_time,exit_time,entry_px,exit_px,outcome,pnl,dur_m1,prob,variant,fold
912458,short,1970-01-20 22:27:00,1970-01-20 22:28:00,1970-01-20 22:28:00,2446.959,2445.759,TP,-1.3789999999998181,1,0.43694949190917914,ml_m1sc_ad_ens6,2024-08
912500,short,1970-01-20 22:28:00,1970-01-20 22:29:00,1970-01-20 22:29:00,2440.459,2440.939,SL,0.3000000000000182,1,0.43600873991668126,ml_m1sc_ad_ens6,2024-08
914603,short,1970-01-20 22:30:00,1970-01-20 22:33:00,1970-01-20 22:33:00,2441.02,2438.37153125,TP,-2.82746875000012,1,0.4234689241579867,ml_m1sc_ad_ens6,2024-08
923168,short,1970-01-20 22:44:00,1970-01-20 22:45:00,1970-01-20 22:45:00,2470.85,2471.33,SL,0.31100000000001815,11,0.42325601020987696,ml_m1sc_ad_ens6,2024-08
923258,short,1970-01-20 22:45:00,1970-01-20 22:46:00,1970-01-20 22:46:00,2467.807,2468.287,SL,0.31100000000001815,1,0.42098704693181277,ml_m1sc_ad_ens6,2024-08
925545,short,1970-01-20 22:47:00,1970-01-20 22:48:00,1970-01-20 22:48:00,2449.396,2450.0473020833333,SL,0.4823020833331211,1,0.41445159762068634,ml_m1sc_ad_ens6,2024-08
928252,long,1970-01-20 22:50:00,1970-01-20 22:53:00,1970-01-20 22:53:00,2506.461,2505.9809999999998,SL,-0.6490000000000182,1,0.4553712117191684,ml_m1sc_ad_ens6,2024-08
928737,long,1970-01-20 22:53:00,1970-01-20 22:54:00,1970-01-20 22:54:00,2503.199,2504.399,TP,1.020999999999818,11,0.46737170596417454,ml_m1sc_ad_ens6,2024-08
940264,short,1970-01-20 23:08:00,1970-01-20 23:09:00,1970-01-20 23:09:00,2516.861,2517.341,SL,0.32100000000001816,1,0.41542547477861497,ml_m1sc_ad_ens6,2024-08
942242,long,1970-01-20 23:10:00,1970-01-20 23:13:00,1970-01-20 23:13:00,2502.485,2504.3907187500004,TP,1.7467187500002328,5,0.44548078863898233,ml_m1sc_ad_ens6,2024-08
942786,short,1970-01-20 23:14:00,1970-01-20 23:15:00,1970-01-20 23:15:00,2499.525,2498.3250000000003,TP,-1.359999999999818,21,0.44737488875465176,ml_m1sc_ad_ens6,2024-09
946603,short,1970-01-20 23:18:00,1970-01-20 23:19:00,1970-01-20 23:19:00,2521.749,2522.229,SL,0.32000000000001816,1,0.45012417314597764,ml_m1sc_ad_ens6,2024-09
947846,short,1970-01-20 23:19:00,1970-01-20 23:20:00,1970-01-20 23:20:00,2520.477,2520.957,SL,0.32000000000001816,10,0.48031042022974035,ml_m1sc_ad_ens6,2024-09
948287,long,1970-01-20 23:20:00,1970-01-20 23:23:00,1970-01-20 23:23:00,2497.038,2496.558,SL,-0.6400000000000182,9,0.45178019961935345,ml_m1sc_ad_ens6,2024-09
949586,long,1970-01-20 23:24:00,1970-01-20 23:25:00,1970-01-20 23:25:00,2502.474,2501.994,SL,-0.6400000000000182,9,0.4456894144025942,ml_m1sc_ad_ens6,2024-09
951682,short,1970-01-20 23:26:00,1970-01-20 23:27:00,1970-01-20 23:27:00,2518.781,2519.3919854166666,SL,0.4509854166666082,1,0.44722153553690147,ml_m1sc_ad_ens6,2024-09
952311,long,1970-01-20 23:27:00,1970-01-20 23:28:00,1970-01-20 23:28:00,2512.474,2511.994,SL,-0.6400000000000182,5,0.4515615209754494,ml_m1sc_ad_ens6,2024-09
954757,short,1970-01-20 23:29:00,1970-01-20 23:30:00,1970-01-20 23:30:00,2567.922,2566.722,TP,-1.359999999999818,12,0.45739272823111854,ml_m1sc_ad_ens6,2024-09
955031,long,1970-01-20 23:30:00,1970-01-20 23:31:00,1970-01-20 23:31:00,2580.179,2579.699,SL,-0.6400000000000182,13,0.49575516978682543,ml_m1sc_ad_ens6,2024-09
959998,short,1970-01-20 23:38:00,1970-01-20 23:39:00,1970-01-20 23:39:00,2591.813,2590.471026041667,TP,-1.5019739583332556,1,0.4558866218864005,ml_m1sc_ad_ens6,2024-09
961392,short,1970-01-20 23:39:00,1970-01-20 23:40:00,1970-01-20 23:40:00,2591.701,2592.31030625,SL,0.45030624999991775,10,0.47636502355424,ml_m1sc_ad_ens6,2024-09
965725,short,1970-01-20 23:46:00,1970-01-20 23:47:00,1970-01-20 23:47:00,2657.007,2657.487,SL,0.32000000000001816,5,0.456043975335723,ml_m1sc_ad_ens6,2024-09
965759,short,1970-01-20 23:47:00,1970-01-20 23:48:00,1970-01-20 23:48:00,2657.652,2658.132,SL,0.32000000000001816,2,0.4481162064882628,ml_m1sc_ad_ens6,2024-09
968336,short,1970-01-20 23:49:00,1970-01-20 23:50:00,1970-01-20 23:50:00,2670.719,2671.2885895833333,SL,0.40958958333325424,1,0.44897391713662266,ml_m1sc_ad_ens6,2024-09
975879,short,1970-01-21 00:00:00,1970-01-21 00:01:00,1970-01-21 00:01:00,2644.821,2643.621,TP,-1.359999999999818,1,0.5488309835037137,ml_m1sc_ad_ens6,2024-10
979102,short,1970-01-21 00:06:00,1970-01-21 00:07:00,1970-01-21 00:07:00,2620.187,2621.0382729166668,SL,0.6922729166668578,9,0.5537336603448711,ml_m1sc_ad_ens6,2024-10
980509,short,1970-01-21 00:08:00,1970-01-21 00:09:00,1970-01-21 00:09:00,2613.282,2613.9628687500003,SL,0.5208687500001724,7,0.5589958009016942,ml_m1sc_ad_ens6,2024-10
981886,short,1970-01-21 00:09:00,1970-01-21 00:10:00,1970-01-21 00:10:00,2628.333,2629.2315458333333,SL,0.7385458333331735,21,0.5537085321199768,ml_m1sc_ad_ens6,2024-10
982710,short,1970-01-21 00:10:00,1970-01-21 00:11:00,1970-01-21 00:11:00,2656.936,2657.416,SL,0.32000000000001816,1,0.5500121867645908,ml_m1sc_ad_ens6,2024-10
983301,long,1970-01-21 00:11:00,1970-01-21 00:14:00,1970-01-21 00:14:00,2650.086,2649.460958333333,SL,-0.7850416666666752,1,0.40964530687653744,ml_m1sc_ad_ens6,2024-10
987257,short,1970-01-21 00:18:00,1970-01-21 00:19:00,1970-01-21 00:19:00,2677.695,2678.20613125,SL,0.3511312499998348,1,0.5565204112740809,ml_m1sc_ad_ens6,2024-10
988208,short,1970-01-21 00:19:00,1970-01-21 00:20:00,1970-01-21 00:20:00,2692.423,2692.903,SL,0.32000000000001816,1,0.5526530084248747,ml_m1sc_ad_ens6,2024-10
989077,short,1970-01-21 00:20:00,1970-01-21 00:21:00,1970-01-21 00:21:00,2713.624,2712.424,TP,-1.439999999999818,2,0.6623284863830429,ml_m1sc_ad_ens6,2024-10
994420,short,1970-01-21 00:28:00,1970-01-21 00:29:00,1970-01-21 00:29:00,2722.533,2723.3911,SL,0.6980999999999221,7,0.5496555566701685,ml_m1sc_ad_ens6,2024-10
994982,short,1970-01-21 00:29:00,1970-01-21 00:30:00,1970-01-21 00:30:00,2737.073,2735.873,TP,-1.359999999999818,2,0.5595594580859541,ml_m1sc_ad_ens6,2024-10
996066,short,1970-01-21 00:30:00,1970-01-21 00:31:00,1970-01-21 00:31:00,2727.501,2727.981,SL,0.32000000000001816,1,0.5711789707766649,ml_m1sc_ad_ens6,2024-10
998949,short,1970-01-21 00:36:00,1970-01-21 00:37:00,1970-01-21 00:37:00,2764.993,2765.473,SL,0.32000000000001816,1,0.5487751670500856,ml_m1sc_ad_ens6,2024-10
1000336,short,1970-01-21 00:37:00,1970-01-21 00:38:00,1970-01-21 00:38:00,2782.072,2780.8720000000003,TP,-1.359999999999818,5,0.5481785465061159,ml_m1sc_ad_ens6,2024-10
1002690,short,1970-01-21 00:39:00,1970-01-21 00:40:00,1970-01-21 00:40:00,2746.593,2744.6976718749997,TP,-2.0553281250001056,2,0.5509306383302532,ml_m1sc_ad_ens6,2024-10
1002701,short,1970-01-21 00:40:00,1970-01-21 00:41:00,1970-01-21 00:41:00,2752.372,2753.1114749999997,SL,0.5794749999998566,1,0.5922389328222699,ml_m1sc_ad_ens6,2024-10
1002958,short,1970-01-21 00:40:00,1970-01-21 00:41:00,1970-01-21 00:41:00,2752.372,2752.852,SL,0.32000000000001816,1,0.47551346274478157,ml_m1sc_ad_ens6,2024-11
1004016,short,1970-01-21 00:41:00,1970-01-21 00:44:00,1970-01-21 00:44:00,2732.846,2733.61168125,SL,0.6056812499999432,1,0.4123801133647399,ml_m1sc_ad_ens6,2024-11
1008135,short,1970-01-21 00:48:00,1970-01-21 00:49:00,1970-01-21 00:49:00,2663.289,2660.7756822916667,TP,-2.6733177083334887,20,0.40671460343041915,ml_m1sc_ad_ens6,2024-11
1008442,short,1970-01-21 00:49:00,1970-01-21 00:50:00,1970-01-21 00:50:00,2697.921,2698.401,SL,0.32000000000001816,1,0.4072615905789953,ml_m1sc_ad_ens6,2024-11
1009544,short,1970-01-21 00:50:00,1970-01-21 00:51:00,1970-01-21 00:51:00,2689.276,2687.627640625,TP,-1.8083593749999272,5,0.4522293801058802,ml_m1sc_ad_ens6,2024-11
1011966,long,1970-01-21 00:55:00,1970-01-21 00:56:00,1970-01-21 00:56:00,2622.665,2622.0244166666666,SL,-0.8005833333333249,14,0.39926661193606644,ml_m1sc_ad_ens6,2024-11
1014899,short,1970-01-21 00:58:00,1970-01-21 00:59:00,1970-01-21 00:59:00,2577.473,2578.334775,SL,0.7027749999998523,1,0.4249330505585761,ml_m1sc_ad_ens6,2024-11
1015418,short,1970-01-21 00:59:00,1970-01-21 01:00:00,1970-01-21 01:00:00,2570.203,2570.7690895833334,SL,0.4060895833334507,1,0.40774638881066017,ml_m1sc_ad_ens6,2024-11
1022164,short,1970-01-21 01:09:00,1970-01-21 01:10:00,1970-01-21 01:10:00,2669.3,2668.1000000000004,TP,-1.359999999999818,1,0.44342982658120966,ml_m1sc_ad_ens6,2024-11
1023210,short,1970-01-21 01:10:00,1970-01-21 01:11:00,1970-01-21 01:11:00,2692.005,2692.700547916667,SL,0.5355479166667828,2,0.4072316658816095,ml_m1sc_ad_ens6,2024-11
1024784,short,1970-01-21 01:11:00,1970-01-21 01:14:00,1970-01-21 01:14:00,2711.186,2711.666,SL,0.32000000000001816,1,0.42503433160784165,ml_m1sc_ad_ens6,2024-11
1024884,short,1970-01-21 01:14:00,1970-01-21 01:15:00,1970-01-21 01:15:00,2701.248,2701.728,SL,0.32000000000001816,1,0.4306137233833371,ml_m1sc_ad_ens6,2024-11
1025871,long,1970-01-21 01:15:00,1970-01-21 01:16:00,1970-01-21 01:16:00,2620.927,2619.83935625,SL,-1.2476437500000974,1,0.3931467895417343,ml_m1sc_ad_ens6,2024-11
1030563,long,1970-01-21 01:21:00,1970-01-21 01:24:00,1970-01-21 01:24:00,2649.054,2648.5462333333335,SL,-0.6677666666666119,1,0.40861615527037426,ml_m1sc_ad_ens6,2024-11
1032050,short,1970-01-21 01:25:00,1970-01-21 01:26:00,1970-01-21 01:26:00,2641.647,2640.2491354166664,TP,-1.5578645833335576,4,0.7135840815088329,ml_m1sc_ad_ens6,2024-12
1039752,short,1970-01-21 01:36:00,1970-01-21 01:37:00,1970-01-21 01:37:00,2665.024,2665.504,SL,0.32000000000001816,1,0.7020790182758737,ml_m1sc_ad_ens6,2024-12
1041055,short,1970-01-21 01:37:00,1970-01-21 01:38:00,1970-01-21 01:38:00,2700.081,2700.561,SL,0.32000000000001816,1,0.6801754516663094,ml_m1sc_ad_ens6,2024-12
1041075,short,1970-01-21 01:38:00,1970-01-21 01:39:00,1970-01-21 01:39:00,2717.959,2718.439,SL,0.32000000000001816,2,0.6929281746769981,ml_m1sc_ad_ens6,2024-12
1042233,short,1970-01-21 01:39:00,1970-01-21 01:40:00,1970-01-21 01:40:00,2715.446,2714.246,TP,-1.367999999999818,5,0.7114904904696571,ml_m1sc_ad_ens6,2024-12
1043741,long,1970-01-21 01:40:00,1970-01-21 01:41:00,1970-01-21 01:41:00,2688.273,2689.473,TP,1.0399999999998182,10,0.4230674427185384,ml_m1sc_ad_ens6,2024-12
1044029,long,1970-01-21 01:41:00,1970-01-21 01:42:00,1970-01-21 01:42:00,2652.973,2652.493,SL,-0.6400000000000182,1,0.4169735483730995,ml_m1sc_ad_ens6,2024-12
1044971,long,1970-01-21 01:42:00,1970-01-21 01:45:00,1970-01-21 01:45:00,2649.414,2648.934,SL,-0.6400000000000182,1,0.41436596847216045,ml_m1sc_ad_ens6,2024-12
1045058,long,1970-01-21 01:45:00,1970-01-21 01:46:00,1970-01-21 01:46:00,2657.176,2656.696,SL,-0.6400000000000182,2,0.41583169811939635,ml_m1sc_ad_ens6,2024-12
1049314,short,1970-01-21 01:49:00,1970-01-21 01:50:00,1970-01-21 01:50:00,2619.979,2620.8857083333332,SL,0.7467083333334267,2,0.6958918294156772,ml_m1sc_ad_ens6,2024-12
1049881,short,1970-01-21 01:50:00,1970-01-21 01:51:00,1970-01-21 01:51:00,2603.792,2602.3296666666665,TP,-1.6223333333333902,1,0.6761716317612707,ml_m1sc_ad_ens6,2024-12
1057772,short,1970-01-21 02:05:00,1970-01-21 02:06:00,1970-01-21 02:06:00,2616.332,2616.812,SL,0.32000000000001816,1,0.6758134896508159,ml_m1sc_ad_ens6,2024-12
1064097,short,1970-01-21 02:16:00,1970-01-21 02:17:00,1970-01-21 02:17:00,2638.836,2639.316,SL,0.32000000000001816,5,0.4914876708944671,ml_m1sc_ad_ens6,2025-01
1064297,short,1970-01-21 02:17:00,1970-01-21 02:18:00,1970-01-21 02:18:00,2649.298,2648.098,TP,-1.359999999999818,10,0.4609543724618833,ml_m1sc_ad_ens6,2025-01
1070738,long,1970-01-21 02:26:00,1970-01-21 02:27:00,1970-01-21 02:27:00,2670.778,2670.2054083333333,SL,-0.7325916666665399,1,0.5311189248815841,ml_m1sc_ad_ens6,2025-01
1071086,short,1970-01-21 02:27:00,1970-01-21 02:28:00,1970-01-21 02:28:00,2671.365,2671.845,SL,0.32000000000001816,12,0.4893206951182808,ml_m1sc_ad_ens6,2025-01
1075707,short,1970-01-21 02:31:00,1970-01-21 02:32:00,1970-01-21 02:32:00,2706.577,2707.0570000000002,SL,0.32000000000001816,1,0.4330341655330088,ml_m1sc_ad_ens6,2025-01
1082593,short,1970-01-21 02:42:00,1970-01-21 02:45:00,1970-01-21 02:45:00,2765.65,2766.13,SL,0.32000000000001816,1,0.44706733204866966,ml_m1sc_ad_ens6,2025-01
1084193,long,1970-01-21 02:46:00,1970-01-21 02:47:00,1970-01-21 02:47:00,2739.991,2741.95228125,TP,1.8012812499999564,7,0.5320509255801871,ml_m1sc_ad_ens6,2025-01
1085123,short,1970-01-21 02:47:00,1970-01-21 02:48:00,1970-01-21 02:48:00,2755.325,2755.805,SL,0.32000000000001816,1,0.43480804545253426,ml_m1sc_ad_ens6,2025-01
1090298,short,1970-01-21 02:55:00,1970-01-21 02:56:00,1970-01-21 02:56:00,2783.208,2784.11201875,SL,0.7440187499999774,7,0.3417758236645347,ml_m1sc_ad_ens6,2025-02
1091353,short,1970-01-21 02:56:00,1970-01-21 02:57:00,1970-01-21 02:57:00,2813.266,2813.7900416666666,SL,0.36504166666656235,2,0.33820952366664997,ml_m1sc_ad_ens6,2025-02
1091429,short,1970-01-21 02:57:00,1970-01-21 02:58:00,1970-01-21 02:58:00,2840.195,2838.9950000000003,TP,-1.359999999999818,5,0.3638068131243959,ml_m1sc_ad_ens6,2025-02
1092696,short,1970-01-21 02:58:00,1970-01-21 02:59:00,1970-01-21 02:59:00,2857.209,2857.689,SL,0.32000000000001816,3,0.34038130838145675,ml_m1sc_ad_ens6,2025-02
1098468,short,1970-01-21 03:07:00,1970-01-21 03:08:00,1970-01-21 03:08:00,2882.727,2883.359883333333,SL,0.4738833333332113,1,0.34614467337734883,ml_m1sc_ad_ens6,2025-02
1101503,short,1970-01-21 03:10:00,1970-01-21 03:11:00,1970-01-21 03:11:00,2919.144,2917.9195833333333,TP,-1.3844166666664568,1,0.3481342353472708,ml_m1sc_ad_ens6,2025-02
1103668,long,1970-01-21 03:12:00,1970-01-21 03:15:00,1970-01-21 03:15:00,2893.643,2892.9855000000002,SL,-0.8174999999997999,1,0.4147642757574156,ml_m1sc_ad_ens6,2025-02
1103779,long,1970-01-21 03:15:00,1970-01-21 03:16:00,1970-01-21 03:16:00,2898.204,2899.551354166667,TP,1.187354166666719,1,0.42539339728524844,ml_m1sc_ad_ens6,2025-02
1104124,long,1970-01-21 03:16:00,1970-01-21 03:17:00,1970-01-21 03:17:00,2899.102,2898.5415749999997,SL,-0.720425000000123,1,0.41547004675122884,ml_m1sc_ad_ens6,2025-02
1106801,short,1970-01-21 03:19:00,1970-01-21 03:20:00,1970-01-21 03:20:00,2935.481,2934.2810000000004,TP,-1.359999999999818,6,0.34617919715634626,ml_m1sc_ad_ens6,2025-02
1109655,short,1970-01-21 03:22:00,1970-01-21 03:25:00,1970-01-21 03:25:00,2939.411,2938.046338541667,TP,-1.5246614583331028,1,0.33917064464185165,ml_m1sc_ad_ens6,2025-02
1115003,short,1970-01-21 03:30:00,1970-01-21 03:31:00,1970-01-21 03:31:00,2886.309,2886.869347916667,SL,0.40034791666661473,3,0.339658961503953,ml_m1sc_ad_ens6,2025-02
1116318,short,1970-01-21 03:31:00,1970-01-21 03:32:00,1970-01-21 03:32:00,2864.713,2863.1298958333336,TP,-1.743104166666544,10,0.34082806783314684,ml_m1sc_ad_ens6,2025-02
1116352,short,1970-01-21 03:32:00,1970-01-21 03:35:00,1970-01-21 03:35:00,2873.556,2871.9022604166666,TP,-1.8137395833333902,1,0.3458856558016416,ml_m1sc_ad_ens6,2025-02
1120809,short,1970-01-21 03:39:00,1970-01-21 03:40:00,1970-01-21 03:40:00,2915.02,2913.5774114583332,TP,-1.602588541666737,1,0.4316527482713725,ml_m1sc_ad_ens6,2025-03
1123105,short,1970-01-21 03:41:00,1970-01-21 03:42:00,1970-01-21 03:42:00,2905.285,2905.8294979166667,SL,0.38449791666684174,1,0.43106266827520495,ml_m1sc_ad_ens6,2025-03
1124989,short,1970-01-21 03:46:00,1970-01-21 03:47:00,1970-01-21 03:47:00,2904.153,2904.8082249999998,SL,0.49522499999997305,1,0.432832197556366,ml_m1sc_ad_ens6,2025-03
1125863,short,1970-01-21 03:47:00,1970-01-21 03:48:00,1970-01-21 03:48:00,2901.052,2901.532,SL,0.32000000000001816,3,0.4325682842574205,ml_m1sc_ad_ens6,2025-03
1127032,short,1970-01-21 03:48:00,1970-01-21 03:49:00,1970-01-21 03:49:00,2912.902,2913.382,SL,0.32000000000001816,4,0.43187375988550886,ml_m1sc_ad_ens6,2025-03
1129854,long,1970-01-21 03:51:00,1970-01-21 03:52:00,1970-01-21 03:52:00,2985.786,2986.986,TP,1.0399999999998182,1,0.3494398162415522,ml_m1sc_ad_ens6,2025-03
1130073,long,1970-01-21 03:52:00,1970-01-21 03:53:00,1970-01-21 03:53:00,2983.0,2984.2,TP,1.0399999999998182,8,0.3494398162415522,ml_m1sc_ad_ens6,2025-03
1131964,short,1970-01-21 03:56:00,1970-01-21 03:57:00,1970-01-21 03:57:00,2988.369,2988.849,SL,0.32000000000001816,1,0.43236989079426885,ml_m1sc_ad_ens6,2025-03
1136851,short,1970-01-21 04:02:00,1970-01-21 04:03:00,1970-01-21 04:03:00,3013.714,3014.194,SL,0.32000000000001816,1,0.43168377935697877,ml_m1sc_ad_ens6,2025-03
1138054,short,1970-01-21 04:06:00,1970-01-21 04:07:00,1970-01-21 04:07:00,3026.488,3025.288,TP,-1.359999999999818,5,0.42905322060972545,ml_m1sc_ad_ens6,2025-03
1139486,short,1970-01-21 04:07:00,1970-01-21 04:08:00,1970-01-21 04:08:00,3018.094,3018.574,SL,0.32000000000001816,2,0.4291275046171729,ml_m1sc_ad_ens6,2025-03
1139962,short,1970-01-21 04:08:00,1970-01-21 04:09:00,1970-01-21 04:09:00,3019.663,3020.143,SL,0.32000000000001816,1,0.4368941693391025,ml_m1sc_ad_ens6,2025-03
1142096,long,1970-01-21 04:10:00,1970-01-21 04:11:00,1970-01-21 04:11:00,3031.972,3031.492,SL,-0.6400000000000182,2,0.3473880770919704,ml_m1sc_ad_ens6,2025-03
1143145,long,1970-01-21 04:11:00,1970-01-21 04:12:00,1970-01-21 04:12:00,3055.726,3057.7608906250002,TP,1.8748906250001165,5,0.34691869655649876,ml_m1sc_ad_ens6,2025-03
1148969,short,1970-01-21 04:20:00,1970-01-21 04:21:00,1970-01-21 04:21:00,3131.924,3132.730202083333,SL,0.567202083333119,1,0.44485936481785476,ml_m1sc_ad_ens6,2025-04
1149493,long,1970-01-21 04:21:00,1970-01-21 04:22:00,1970-01-21 04:22:00,3115.584,3114.6492937499997,SL,-1.0947062500000901,5,0.34504800046478673,ml_m1sc_ad_ens6,2025-04
1150600,short,1970-01-21 04:22:00,1970-01-21 04:23:00,1970-01-21 04:23:00,3039.364,3037.9068541666666,TP,-1.6171458333334703,1,0.4135158642373022,ml_m1sc_ad_ens6,2025-04
1152569,short,1970-01-21 04:27:00,1970-01-21 04:28:00,1970-01-21 04:28:00,3003.422,2999.7829895833333,TP,-3.799010416666679,18,0.42574160010742607,ml_m1sc_ad_ens6,2025-04
1159341,short,1970-01-21 04:37:00,1970-01-21 04:38:00,1970-01-21 04:38:00,3220.113,3221.0277312499998,SL,0.7547312499999316,1,0.4179520739236924,ml_m1sc_ad_ens6,2025-04
1162850,long,1970-01-21 04:40:00,1970-01-21 04:41:00,1970-01-21 04:41:00,3341.832,3341.142983333333,SL,-0.8490166666667028,1,0.34364686657997967,ml_m1sc_ad_ens6,2025-04
1163355,long,1970-01-21 04:41:00,1970-01-21 04:42:00,1970-01-21 04:42:00,3320.691,3319.7665562499997,SL,-1.0834437500001368,1,0.34558482798412893,ml_m1sc_ad_ens6,2025-04
1166410,long,1970-01-21 04:48:00,1970-01-21 04:49:00,1970-01-21 04:49:00,3376.844,3375.2985604166665,SL,-1.7054395833335183,1,0.34501484142380906,ml_m1sc_ad_ens6,2025-04
1170209,short,1970-01-21 04:52:00,1970-01-21 04:53:00,1970-01-21 04:53:00,3295.396,3296.7643854166668,SL,1.2093854166665696,2,0.41408644056610894,ml_m1sc_ad_ens6,2025-04
1171174,short,1970-01-21 04:56:00,1970-01-21 04:57:00,1970-01-21 04:57:00,3295.089,3296.4075374999998,SL,1.1595374999998203,7,0.41346618557690784,ml_m1sc_ad_ens6,2025-04
1171477,short,1970-01-21 04:57:00,1970-01-21 04:58:00,1970-01-21 04:58:00,3337.258,3338.3437916666667,SL,0.9257916666668643,1,0.4133810847359485,ml_m1sc_ad_ens6,2025-04
1173745,short,1970-01-21 04:59:00,1970-01-21 05:00:00,1970-01-21 05:00:00,3307.242,3305.58971875,TP,-1.8122812500002146,1,0.41494703659026755,ml_m1sc_ad_ens6,2025-04
1175773,long,1970-01-21 05:01:00,1970-01-21 05:02:00,1970-01-21 05:02:00,3219.967,3219.014685416667,SL,-1.1123145833331909,1,0.3469468555240392,ml_m1sc_ad_ens6,2025-05
1176243,long,1970-01-21 05:02:00,1970-01-21 05:03:00,1970-01-21 05:03:00,3265.246,3263.860475,SL,-1.5455250000001433,1,0.3469468555240392,ml_m1sc_ad_ens6,2025-05
1177838,short,1970-01-21 05:06:00,1970-01-21 05:07:00,1970-01-21 05:07:00,3255.947,3256.8084083333333,SL,0.7014083333332018,1,0.5350918097118544,ml_m1sc_ad_ens6,2025-05
1178956,long,1970-01-21 05:07:00,1970-01-21 05:08:00,1970-01-21 05:08:00,3336.247,3335.1718124999998,SL,-1.2351875000000836,1,0.346043408223181,ml_m1sc_ad_ens6,2025-05
1179286,long,1970-01-21 05:08:00,1970-01-21 05:09:00,1970-01-21 05:09:00,3391.747,3393.521927083333,TP,1.6149270833332958,1,0.34595961911519524,ml_m1sc_ad_ens6,2025-05
1183300,long,1970-01-21 05:12:00,1970-01-21 05:13:00,1970-01-21 05:13:00,3323.454,3326.621541666667,TP,3.007541666666693,6,0.3469468555240392,ml_m1sc_ad_ens6,2025-05
1184728,short,1970-01-21 05:16:00,1970-01-21 05:17:00,1970-01-21 05:17:00,3274.572,3275.3331562500002,SL,0.6011562500001127,1,0.5073109462463177,ml_m1sc_ad_ens6,2025-05
1185256,long,1970-01-21 05:17:00,1970-01-21 05:18:00,1970-01-21 05:18:00,3235.355,3234.350985416667,SL,-1.1640145833331734,1,0.35070229919119456,ml_m1sc_ad_ens6,2025-05
1186330,short,1970-01-21 05:18:00,1970-01-21 05:19:00,1970-01-21 05:19:00,3241.653,3242.512675,SL,0.699675000000152,1,0.5130865338145945,ml_m1sc_ad_ens6,2025-05
1188577,long,1970-01-21 05:20:00,1970-01-21 05:21:00,1970-01-21 05:21:00,3179.701,3183.292578125,TP,3.431578125000069,6,0.34625313707721694,ml_m1sc_ad_ens6,2025-05
1188840,long,1970-01-21 05:21:00,1970-01-21 05:22:00,1970-01-21 05:22:00,3201.908,3201.1903770833333,SL,-0.8776229166666417,1,0.34830677317812514,ml_m1sc_ad_ens6,2025-05
1190085,long,1970-01-21 05:22:00,1970-01-21 05:23:00,1970-01-21 05:23:00,3208.079,3207.212716666667,SL,-1.0262833333332855,1,0.3475282719896363,ml_m1sc_ad_ens6,2025-05
1191610,short,1970-01-21 05:26:00,1970-01-21 05:27:00,1970-01-21 05:27:00,3218.473,3219.246833333333,SL,0.6138333333331866,1,0.5009816713047454,ml_m1sc_ad_ens6,2025-05
1193033,short,1970-01-21 05:28:00,1970-01-21 05:29:00,1970-01-21 05:29:00,3240.285,3238.9750260416668,TP,-1.4699739583331028,1,0.5418507291723647,ml_m1sc_ad_ens6,2025-05
1193765,short,1970-01-21 05:29:00,1970-01-21 05:30:00,1970-01-21 05:30:00,3307.505,3308.2309520833332,SL,0.5659520833331407,1,0.5180303124918635,ml_m1sc_ad_ens6,2025-05
1197397,long,1970-01-21 05:32:00,1970-01-21 05:33:00,1970-01-21 05:33:00,3323.825,3326.0010208333333,TP,2.0160208333334957,1,0.34628113652251435,ml_m1sc_ad_ens6,2025-05
1198261,short,1970-01-21 05:33:00,1970-01-21 05:36:00,1970-01-21 05:36:00,3352.095,3349.131640625,TP,-3.123359374999982,1,0.5027922384353877,ml_m1sc_ad_ens6,2025-05
1199404,long,1970-01-21 05:37:00,1970-01-21 05:38:00,1970-01-21 05:38:00,3341.309,3340.701360416667,SL,-0.7676395833333663,9,0.3478267805326086,ml_m1sc_ad_ens6,2025-05
1199794,short,1970-01-21 05:38:00,1970-01-21 05:39:00,1970-01-21 05:39:00,3296.3,3296.78,SL,0.32000000000001816,1,0.507456755846904,ml_m1sc_ad_ens6,2025-05
1200399,short,1970-01-21 05:39:00,1970-01-21 05:40:00,1970-01-21 05:40:00,3308.068,3305.1048125,TP,-3.123187500000004,7,0.5200073322425747,ml_m1sc_ad_ens6,2025-05
1202922,long,1970-01-21 05:41:00,1970-01-21 05:42:00,1970-01-21 05:42:00,3299.844,3298.976039583333,SL,-1.0279604166668468,1,0.35153705391464274,ml_m1sc_ad_ens6,2025-05
1207281,long,1970-01-21 05:49:00,1970-01-21 05:50:00,1970-01-21 05:50:00,3361.425,3363.3339739583334,TP,1.748973958333263,3,0.3492911794907084,ml_m1sc_ad_ens6,2025-06
1209330,long,1970-01-21 05:51:00,1970-01-21 05:52:00,1970-01-21 05:52:00,3396.37,3395.89,SL,-0.6400000000000182,1,0.3494398329424124,ml_m1sc_ad_ens6,2025-06
1212949,short,1970-01-21 05:57:00,1970-01-21 05:58:00,1970-01-21 05:58:00,3318.364,3316.776578125,TP,-1.747421875000018,1,0.4531173913747244,ml_m1sc_ad_ens6,2025-06
1213822,long,1970-01-21 05:58:00,1970-01-21 05:59:00,1970-01-21 05:59:00,3326.145,3325.3763770833334,SL,-0.9286229166665726,1,0.3492911794907084,ml_m1sc_ad_ens6,2025-06
1217698,short,1970-01-21 06:02:00,1970-01-21 06:03:00,1970-01-21 06:03:00,3427.539,3426.277046875,TP,-1.4219531250002182,1,0.4451490215045618,ml_m1sc_ad_ens6,2025-06
1217813,short,1970-01-21 06:03:00,1970-01-21 06:04:00,1970-01-21 06:04:00,3433.733,3434.7676458333335,SL,0.874645833333343,1,0.44247208434815716,ml_m1sc_ad_ens6,2025-06
1219618,long,1970-01-21 06:07:00,1970-01-21 06:08:00,1970-01-21 06:08:00,3415.857,3414.9856375,SL,-1.031362500000032,2,0.3492911794907084,ml_m1sc_ad_ens6,2025-06
1220722,long,1970-01-21 06:08:00,1970-01-21 06:09:00,1970-01-21 06:09:00,3392.652,3391.83231875,SL,-0.9796812500000306,1,0.3492911794907084,ml_m1sc_ad_ens6,2025-06
1221042,short,1970-01-21 06:09:00,1970-01-21 06:10:00,1970-01-21 06:10:00,3389.781,3390.5420791666666,SL,0.6010791666666045,1,0.44256537270671337,ml_m1sc_ad_ens6,2025-06
1221757,short,1970-01-21 06:10:00,1970-01-21 06:11:00,1970-01-21 06:11:00,3385.3,3385.8417062500002,SL,0.3817062500000611,1,0.44280985841886034,ml_m1sc_ad_ens6,2025-06
1227113,short,1970-01-21 06:18:00,1970-01-21 06:19:00,1970-01-21 06:19:00,3349.129,3346.7805937499998,TP,-2.508406250000153,25,0.446473595796602,ml_m1sc_ad_ens6,2025-06
1227401,short,1970-01-21 06:19:00,1970-01-21 06:20:00,1970-01-21 06:20:00,3324.444,3322.630755208333,TP,-1.9732447916668752,2,0.4517968833018691,ml_m1sc_ad_ens6,2025-06
1233850,short,1970-01-21 06:28:00,1970-01-21 06:29:00,1970-01-21 06:29:00,3318.305,3318.785,SL,0.32000000000001816,1,0.4469187281269649,ml_m1sc_ad_ens6,2025-06
1237320,long,1970-01-21 06:32:00,1970-01-21 06:33:00,1970-01-21 06:33:00,3326.167,3325.587520833333,SL,-0.7394791666667152,1,0.3618596663076926,ml_m1sc_ad_ens6,2025-07
1238977,long,1970-01-21 06:34:00,1970-01-21 06:37:00,1970-01-21 06:37:00,3341.408,3340.9215104166665,SL,-0.6464895833334231,1,0.362235495995334,ml_m1sc_ad_ens6,2025-07
1239284,short,1970-01-21 06:37:00,1970-01-21 06:38:00,1970-01-21 06:38:00,3309.277,3309.79050625,SL,0.3535062499998639,5,0.5122922990403409,ml_m1sc_ad_ens6,2025-07
1242044,long,1970-01-21 06:40:00,1970-01-21 06:41:00,1970-01-21 06:41:00,3292.735,3292.2413625,SL,-0.6536375000002045,1,0.36189631885742857,ml_m1sc_ad_ens6,2025-07
1245981,short,1970-01-21 06:47:00,1970-01-21 06:48:00,1970-01-21 06:48:00,3371.956,3370.7560000000003,TP,-1.359999999999818,1,0.5220430048406993,ml_m1sc_ad_ens6,2025-07
1248921,long,1970-01-21 06:50:00,1970-01-21 06:51:00,1970-01-21 06:51:00,3340.022,3339.542,SL,-0.6400000000000182,3,0.36189631885742857,ml_m1sc_ad_ens6,2025-07
1257230,long,1970-01-21 07:02:00,1970-01-21 07:03:00,1970-01-21 07:03:00,3370.092,3369.57561875,SL,-0.6763812499999949,1,0.3622485445538501,ml_m1sc_ad_ens6,2025-07
1258617,long,1970-01-21 07:03:00,1970-01-21 07:04:00,1970-01-21 07:04:00,3345.436,3344.956,SL,-0.6400000000000182,1,0.35940167884900154,ml_m1sc_ad_ens6,2025-07
1259408,long,1970-01-21 07:04:00,1970-01-21 07:07:00,1970-01-21 07:07:00,3329.144,3331.2107239583333,TP,1.9067239583335687,1,0.36132198660472314,ml_m1sc_ad_ens6,2025-07
1260223,short,1970-01-21 07:08:00,1970-01-21 07:09:00,1970-01-21 07:09:00,3313.217,3313.697,SL,0.32000000000001816,1,0.5010739416225165,ml_m1sc_ad_ens6,2025-07
1261886,short,1970-01-21 07:09:00,1970-01-21 07:10:00,1970-01-21 07:10:00,3325.834,3326.48083125,SL,0.48683125000010474,1,0.5361049722669353,ml_m1sc_ad_ens6,2025-07
1262504,long,1970-01-21 07:10:00,1970-01-21 07:11:00,1970-01-21 07:11:00,3330.317,3329.837,SL,-0.6400000000000182,1,0.3618951499049514,ml_m1sc_ad_ens6,2025-07
1264036,long,1970-01-21 07:12:00,1970-01-21 07:13:00,1970-01-21 07:13:00,3294.43,3296.126848958333,TP,1.5368489583332485,2,0.36276503929051407,ml_m1sc_ad_ens6,2025-07
1266534,short,1970-01-21 07:14:00,1970-01-21 07:17:00,1970-01-21 07:17:00,3364.339,3362.748171875,TP,-1.7508281249999162,1,0.36632149563265126,ml_m1sc_ad_ens6,2025-08
1266609,long,1970-01-21 07:17:00,1970-01-21 07:18:00,1970-01-21 07:18:00,3360.259,3359.7035875,SL,-0.7154124999998749,37,0.34429112092921027,ml_m1sc_ad_ens6,2025-08
1268104,short,1970-01-21 07:19:00,1970-01-21 07:20:00,1970-01-21 07:20:00,3369.122,3369.602,SL,0.32000000000001816,1,0.3659808814855688,ml_m1sc_ad_ens6,2025-08
1272961,short,1970-01-21 07:24:00,1970-01-21 07:27:00,1970-01-21 07:27:00,3400.57,3398.6551770833335,TP,-2.074822916666708,1,0.36515719762051874,ml_m1sc_ad_ens6,2025-08
1273486,short,1970-01-21 07:27:00,1970-01-21 07:28:00,1970-01-21 07:28:00,3375.012,3376.018535416667,SL,0.846535416666793,1,0.3709071181570579,ml_m1sc_ad_ens6,2025-08
1273767,short,1970-01-21 07:28:00,1970-01-21 07:29:00,1970-01-21 07:29:00,3352.695,3353.4540770833337,SL,0.5990770833335227,10,0.36488155464528943,ml_m1sc_ad_ens6,2025-08
1275385,short,1970-01-21 07:29:00,1970-01-21 07:30:00,1970-01-21 07:30:00,3347.464,3347.99878125,SL,0.37478124999992357,1,0.3648538576506333,ml_m1sc_ad_ens6,2025-08
1275697,short,1970-01-21 07:30:00,1970-01-21 07:31:00,1970-01-21 07:31:00,3350.588,3351.209029166667,SL,0.46102916666663074,12,0.38738295890015956,ml_m1sc_ad_ens6,2025-08
1280105,long,1970-01-21 07:34:00,1970-01-21 07:37:00,1970-01-21 07:37:00,3334.569,3333.8791145833334,SL,-0.8498854166665842,1,0.343635552963675,ml_m1sc_ad_ens6,2025-08
1282369,short,1970-01-21 07:39:00,1970-01-21 07:40:00,1970-01-21 07:40:00,3343.345,3342.145,TP,-1.359999999999818,5,0.3670964401048674,ml_m1sc_ad_ens6,2025-08
1282627,short,1970-01-21 07:40:00,1970-01-21 07:41:00,1970-01-21 07:41:00,3317.204,3317.684,SL,0.32000000000001816,1,0.36467526224551616,ml_m1sc_ad_ens6,2025-08
1285246,long,1970-01-21 07:42:00,1970-01-21 07:43:00,1970-01-21 07:43:00,3341.07,3342.27,TP,1.0399999999998182,1,0.34336011625677115,ml_m1sc_ad_ens6,2025-08
1288641,short,1970-01-21 07:49:00,1970-01-21 07:50:00,1970-01-21 07:50:00,3378.097,3376.8970000000004,TP,-1.359999999999818,4,0.3676204109248174,ml_m1sc_ad_ens6,2025-08
1289951,short,1970-01-21 07:50:00,1970-01-21 07:51:00,1970-01-21 07:51:00,3386.253,3386.733,SL,0.32000000000001816,1,0.3657919581258627,ml_m1sc_ad_ens6,2025-08
1291664,short,1970-01-21 07:52:00,1970-01-21 07:53:00,1970-01-21 07:53:00,3398.89,3399.37,SL,0.32000000000001816,1,0.36452951854268906,ml_m1sc_ad_ens6,2025-08
1292766,short,1970-01-21 07:53:00,1970-01-21 07:54:00,1970-01-21 07:54:00,3410.843,3409.643,TP,-1.359999999999818,4,0.3645913943153642,ml_m1sc_ad_ens6,2025-08
1294116,short,1970-01-21 07:55:00,1970-01-21 07:57:00,1970-01-21 07:57:00,3445.866,3444.63196875,TP,-1.3940312500000436,1,0.3647744132802748,ml_m1sc_ad_ens6,2025-08
1294118,short,1970-01-21 07:57:00,1970-01-21 07:58:00,1970-01-21 07:58:00,3450.691,3449.4442135416666,TP,-1.4067864583331902,1,0.3646440361949619,ml_m1sc_ad_ens6,2025-08
1294153,short,1970-01-21 07:58:00,1970-01-21 07:59:00,1970-01-21 07:59:00,3477.959,3476.70084375,TP,-1.4181562499999563,4,0.36595917700298064,ml_m1sc_ad_ens6,2025-08
1300253,long,1970-01-21 08:04:00,1970-01-21 08:05:00,1970-01-21 08:05:00,3593.901,3593.353695833333,SL,-0.7073041666668906,1,0.388180412531111,ml_m1sc_ad_ens6,2025-09
1305560,long,1970-01-21 08:12:00,1970-01-21 08:13:00,1970-01-21 08:13:00,3627.153,3626.50966875,SL,-0.8033312499998465,7,0.38815206158428417,ml_m1sc_ad_ens6,2025-09
1305594,long,1970-01-21 08:13:00,1970-01-21 08:14:00,1970-01-21 08:14:00,3639.831,3641.4324375,TP,1.4414374999999746,3,0.3877627333243741,ml_m1sc_ad_ens6,2025-09
1308243,short,1970-01-21 08:18:00,1970-01-21 08:19:00,1970-01-21 08:19:00,3642.985,3643.465,SL,0.32000000000001816,1,0.32709422466480476,ml_m1sc_ad_ens6,2025-09
1315427,long,1970-01-21 08:29:00,1970-01-21 08:30:00,1970-01-21 08:30:00,3746.489,3745.8536125,SL,-0.7953874999999789,6,0.39790420353739436,ml_m1sc_ad_ens6,2025-09
1317872,short,1970-01-21 08:31:00,1970-01-21 08:32:00,1970-01-21 08:32:00,3770.065,3770.6783125,SL,0.45331250000012,1,0.32806083687327403,ml_m1sc_ad_ens6,2025-09
1320232,long,1970-01-21 08:34:00,1970-01-21 08:35:00,1970-01-21 08:35:00,3775.401,3774.7381833333334,SL,-0.8228166666664584,2,0.3889462303918732,ml_m1sc_ad_ens6,2025-09
1321283,long,1970-01-21 08:35:00,1970-01-21 08:38:00,1970-01-21 08:38:00,3764.718,3767.1749166666664,TP,2.2969166666665295,4,0.3881022806238506,ml_m1sc_ad_ens6,2025-09
1324329,short,1970-01-21 08:41:00,1970-01-21 08:42:00,1970-01-21 08:42:00,3883.621,3884.19758125,SL,0.4165812499998901,3,0.4161944761063067,ml_m1sc_ad_ens6,2025-10
1325651,short,1970-01-21 08:42:00,1970-01-21 08:43:00,1970-01-21 08:43:00,3864.994,3863.2745156250003,TP,-1.8794843749998653,6,0.4013036733714648,ml_m1sc_ad_ens6,2025-10
1325985,long,1970-01-21 08:43:00,1970-01-21 08:44:00,1970-01-21 08:44:00,3856.811,3856.1614062500003,SL,-0.8095937499998945,1,0.4509978350965052,ml_m1sc_ad_ens6,2025-10
1327878,short,1970-01-21 08:44:00,1970-01-21 08:45:00,1970-01-21 08:45:00,3882.607,3883.3246229166666,SL,0.5576229166666417,1,0.3985030215491514,ml_m1sc_ad_ens6,2025-10
1331233,short,1970-01-21 08:51:00,1970-01-21 08:52:00,1970-01-21 08:52:00,4034.059,4034.6096458333336,SL,0.3906458333334194,1,0.40017406795713667,ml_m1sc_ad_ens6,2025-10
1332719,long,1970-01-21 08:52:00,1970-01-21 08:53:00,1970-01-21 08:53:00,4020.327,4023.9080677083334,TP,3.4210677083331937,3,0.43250668639269296,ml_m1sc_ad_ens6,2025-10
1333905,long,1970-01-21 08:54:00,1970-01-21 08:55:00,1970-01-21 08:55:00,3987.478,3986.114466666667,SL,-1.52353333333318,1,0.4290695028255146,ml_m1sc_ad_ens6,2025-10
1335578,short,1970-01-21 08:58:00,1970-01-21 08:59:00,1970-01-21 08:59:00,4069.559,4071.1244395833337,SL,1.4054395833335003,1,0.40479479787785994,ml_m1sc_ad_ens6,2025-10
1335953,short,1970-01-21 08:59:00,1970-01-21 09:00:00,1970-01-21 09:00:00,4128.091,4125.431005208334,TP,-2.819994791666577,2,0.40225553948170245,ml_m1sc_ad_ens6,2025-10
1339641,long,1970-01-21 09:03:00,1970-01-21 09:04:00,1970-01-21 09:04:00,4290.919,4293.636380208333,TP,2.557380208333452,5,0.4300018362929992,ml_m1sc_ad_ens6,2025-10
1340570,long,1970-01-21 09:04:00,1970-01-21 09:05:00,1970-01-21 09:05:00,4330.391,4328.609874999999,SL,-1.9411250000004292,1,0.43820442590329645,ml_m1sc_ad_ens6,2025-10
1341348,long,1970-01-21 09:05:00,1970-01-21 09:08:00,1970-01-21 09:08:00,4264.629,4262.31691875,SL,-2.4720812500001195,1,0.4306263963950421,ml_m1sc_ad_ens6,2025-10
1342469,short,1970-01-21 09:09:00,1970-01-21 09:10:00,1970-01-21 09:10:00,4364.21,4360.399994791666,TP,-3.970005208333678,1,0.40381561645932773,ml_m1sc_ad_ens6,2025-10
1343899,long,1970-01-21 09:10:00,1970-01-21 09:11:00,1970-01-21 09:11:00,4136.012,4134.474125,SL,-1.6978749999999854,1,0.4487237959465564,ml_m1sc_ad_ens6,2025-10
1344597,short,1970-01-21 09:11:00,1970-01-21 09:12:00,1970-01-21 09:12:00,4132.863,4126.337901041667,TP,-6.685098958333729,2,0.4199535318415778,ml_m1sc_ad_ens6,2025-10
1345273,long,1970-01-21 09:12:00,1970-01-21 09:13:00,1970-01-21 09:13:00,4078.771,4083.6209114583335,TP,4.689911458333281,7,0.4551213373872614,ml_m1sc_ad_ens6,2025-10
1347612,long,1970-01-21 09:14:00,1970-01-21 09:15:00,1970-01-21 09:15:00,4060.728,4063.849578125,TP,2.9615781249998143,1,0.42916273222092194,ml_m1sc_ad_ens6,2025-10
1348303,long,1970-01-21 09:15:00,1970-01-21 09:18:00,1970-01-21 09:18:00,4083.575,4081.7922416666665,SL,-1.9427583333332767,1,0.43852612075696856,ml_m1sc_ad_ens6,2025-10
1348903,short,1970-01-21 09:18:00,1970-01-21 09:19:00,1970-01-21 09:19:00,4060.506,4062.147158333333,SL,1.4811583333333511,7,0.3982164648164949,ml_m1sc_ad_ens6,2025-10
1349213,short,1970-01-21 09:19:00,1970-01-21 09:20:00,1970-01-21 09:20:00,3986.884,3988.3572875,SL,1.3132874999999695,1,0.39849479184998865,ml_m1sc_ad_ens6,2025-10
1354811,long,1970-01-21 09:24:00,1970-01-21 09:25:00,1970-01-21 09:25:00,4022.166,4025.8186145833333,TP,3.492614583333161,2,0.4303841236243705,ml_m1sc_ad_ens6,2025-10
1354964,long,1970-01-21 09:25:00,1970-01-21 09:28:00,1970-01-21 09:28:00,3990.719,3994.0851927083336,TP,3.2061927083335284,2,0.44032052375895653,ml_m1sc_ad_ens6,2025-10
1355739,short,1970-01-21 09:28:00,1970-01-21 09:29:00,1970-01-21 09:29:00,4008.445,4009.66880625,SL,1.0638062500000525,4,0.3429119127899476,ml_m1sc_ad_ens6,2025-11
1356345,short,1970-01-21 09:29:00,1970-01-21 09:30:00,1970-01-21 09:30:00,4004.67,4005.917604166667,SL,1.0876041666668608,1,0.3429119127899476,ml_m1sc_ad_ens6,2025-11
1360091,long,1970-01-21 09:33:00,1970-01-21 09:34:00,1970-01-21 09:34:00,3999.039,3998.135429166667,SL,-1.0635708333331058,1,0.40329110370077953,ml_m1sc_ad_ens6,2025-11
1361060,long,1970-01-21 09:34:00,1970-01-21 09:35:00,1970-01-21 09:35:00,4008.754,4007.4665812499998,SL,-1.4474187500001425,2,0.4090926082881349,ml_m1sc_ad_ens6,2025-11
1362126,long,1970-01-21 09:35:00,1970-01-21 09:38:00,1970-01-21 09:38:00,4004.876,4007.4839114583338,TP,2.4479114583335466,1,0.41039929085481486,ml_m1sc_ad_ens6,2025-11
1363674,long,1970-01-21 09:39:00,1970-01-21 09:40:00,1970-01-21 09:40:00,4110.204,4109.00041875,SL,-1.3635812499998428,1,0.3980989439204439,ml_m1sc_ad_ens6,2025-11
1363953,long,1970-01-21 09:40:00,1970-01-21 09:41:00,1970-01-21 09:41:00,4140.351,4139.617556249999,SL,-0.8934437500003333,4,0.4055039229162436,ml_m1sc_ad_ens6,2025-11
1367197,long,1970-01-21 09:43:00,1970-01-21 09:44:00,1970-01-21 09:44:00,4229.843,4232.767145833333,TP,2.7641458333335684,1,0.39920127592926336,ml_m1sc_ad_ens6,2025-11
1368901,long,1970-01-21 09:45:00,1970-01-21 09:48:00,1970-01-21 09:48:00,4083.755,4082.0715875,SL,-1.8434125000000312,1,0.3989922404765114,ml_m1sc_ad_ens6,2025-11
1369503,short,1970-01-21 09:48:00,1970-01-21 09:49:00,1970-01-21 09:49:00,4088.443,4089.98914375,SL,1.3861437499998284,3,0.34553898166677555,ml_m1sc_ad_ens6,2025-11
1369543,short,1970-01-21 09:49:00,1970-01-21 09:50:00,1970-01-21 09:50:00,4076.748,4078.30673125,SL,1.3987312500001645,1,0.34553898166677555,ml_m1sc_ad_ens6,2025-11
1370566,short,1970-01-21 09:50:00,1970-01-21 09:51:00,1970-01-21 09:51:00,4040.134,4041.7760125,SL,1.4820124999999644,1,0.3429119127899476,ml_m1sc_ad_ens6,2025-11
1380604,long,1970-01-21 10:03:00,1970-01-21 10:04:00,1970-01-21 10:04:00,4153.902,4155.688265625,TP,1.6262656249999419,10,0.401570200620531,ml_m1sc_ad_ens6,2025-11
1381461,long,1970-01-21 10:04:00,1970-01-21 10:05:00,1970-01-21 10:05:00,4186.493,4188.258369791667,TP,1.6053697916666716,10,0.39811584933673966,ml_m1sc_ad_ens6,2025-11
1381953,long,1970-01-21 10:05:00,1970-01-21 10:09:00,1970-01-21 10:09:00,4220.023,4219.328283333333,SL,-0.8547166666668636,1,0.3981465579381213,ml_m1sc_ad_ens6,2025-11
1396060,short,1970-01-21 10:25:00,1970-01-21 10:26:00,1970-01-21 10:26:00,4283.194,4284.270291666667,SL,0.9162916666662931,1,0.3335640734051086,ml_m1sc_ad_ens6,2025-12
1404105,long,1970-01-21 10:39:00,1970-01-21 10:40:00,1970-01-21 10:40:00,4410.426,4409.47105625,SL,-1.114943749999984,1,0.3468580043224901,ml_m1sc_ad_ens6,2025-12
1404167,long,1970-01-21 10:40:00,1970-01-21 10:41:00,1970-01-21 10:41:00,4483.655,4485.822223958333,TP,2.0072239583331246,1,0.3468580043224901,ml_m1sc_ad_ens6,2025-12
1407501,short,1970-01-21 10:45:00,1970-01-21 10:46:00,1970-01-21 10:46:00,4525.279,4522.1592291666675,TP,-3.2797708333329503,1,0.33137008179483535,ml_m1sc_ad_ens6,2025-12
1409518,long,1970-01-21 10:50:00,1970-01-21 10:51:00,1970-01-21 10:51:00,4360.211,4358.425614583333,SL,-1.9453854166669406,1,0.3465973207599959,ml_m1sc_ad_ens6,2025-12
1410314,long,1970-01-21 10:51:00,1970-01-21 10:52:00,1970-01-21 10:52:00,4366.122,4364.708452083333,SL,-1.5735479166670847,1,0.3588171519861094,ml_m1sc_ad_ens6,2025-12
1414203,long,1970-01-21 10:56:00,1970-01-21 10:59:00,1970-01-21 10:59:00,4353.486,4352.226235416667,SL,-1.4197645833329806,1,0.3521301650536083,ml_m1sc_ad_ens6,2026-01
1415218,short,1970-01-21 11:00:00,1970-01-21 11:01:00,1970-01-21 11:01:00,4434.561,4436.018439583333,SL,1.2974395833333257,3,0.34424206670205587,ml_m1sc_ad_ens6,2026-01
1417553,short,1970-01-21 11:02:00,1970-01-21 11:03:00,1970-01-21 11:03:00,4463.36,4464.523345833333,SL,1.0033458333335512,6,0.3460106148146437,ml_m1sc_ad_ens6,2026-01
1417666,short,1970-01-21 11:03:00,1970-01-21 11:04:00,1970-01-21 11:04:00,4439.033,4440.217245833333,SL,1.0242458333330797,1,0.3466903578541492,ml_m1sc_ad_ens6,2026-01
1418930,long,1970-01-21 11:04:00,1970-01-21 11:05:00,1970-01-21 11:05:00,4448.539,4447.3788625,SL,-1.3201375000000188,7,0.3510898354093287,ml_m1sc_ad_ens6,2026-01
1422959,short,1970-01-21 11:11:00,1970-01-21 11:12:00,1970-01-21 11:12:00,4619.001,4619.971845833334,SL,0.810845833333442,1,0.34381010246591603,ml_m1sc_ad_ens6,2026-01
1425899,long,1970-01-21 11:14:00,1970-01-21 11:15:00,1970-01-21 11:15:00,4616.497,4619.366755208333,TP,2.7097552083331173,2,0.3510898354093287,ml_m1sc_ad_ens6,2026-01
1426532,long,1970-01-21 11:15:00,1970-01-21 11:16:00,1970-01-21 11:16:00,4607.966,4606.9288937500005,SL,-1.1971062499998515,3,0.3510898354093287,ml_m1sc_ad_ens6,2026-01
1427352,long,1970-01-21 11:16:00,1970-01-21 11:19:00,1970-01-21 11:19:00,4655.358,4654.454983333333,SL,-1.0630166666670993,1,0.3517492500486463,ml_m1sc_ad_ens6,2026-01
1428485,short,1970-01-21 11:20:00,1970-01-21 11:21:00,1970-01-21 11:21:00,4673.44,4671.149432291666,TP,-2.4505677083335833,1,0.358374673365433,ml_m1sc_ad_ens6,2026-01
1429459,short,1970-01-21 11:21:00,1970-01-21 11:22:00,1970-01-21 11:22:00,4739.205,4737.15928125,TP,-2.205718749999651,1,0.35109753853416864,ml_m1sc_ad_ens6,2026-01
1433266,short,1970-01-21 11:25:00,1970-01-21 11:26:00,1970-01-21 11:26:00,4905.613,4907.2406,SL,1.4675999999998022,1,0.3489641609493528,ml_m1sc_ad_ens6,2026-01
1434882,short,1970-01-21 11:29:00,1970-01-21 11:30:00,1970-01-21 11:30:00,5076.643,5072.241260416667,TP,-4.561739583333438,4,0.34539097208376934,ml_m1sc_ad_ens6,2026-01
1435045,short,1970-01-21 11:30:00,1970-01-21 11:31:00,1970-01-21 11:31:00,5041.335,5043.484102083334,SL,1.9891020833336734,1,0.35915964474680195,ml_m1sc_ad_ens6,2026-01
1440345,short,1970-01-21 11:35:00,1970-01-21 11:36:00,1970-01-21 11:36:00,5181.197,5169.343046875,TP,-12.013953124999862,1,0.3440899506772402,ml_m1sc_ad_ens6,2026-01
1441155,short,1970-01-21 11:36:00,1970-01-21 11:39:00,1970-01-21 11:39:00,4793.519,4800.595425,SL,6.916425000000199,1,0.34417261944983707,ml_m1sc_ad_ens6,2026-01
1441621,long,1970-01-21 11:39:00,1970-01-21 11:40:00,1970-01-21 11:40:00,4755.515,4745.548058333334,SL,-10.526941666666572,7,0.425666257582978,ml_m1sc_ad_ens6,2026-02
1441830,short,1970-01-21 11:40:00,1970-01-21 11:41:00,1970-01-21 11:41:00,4635.586,4645.30355625,SL,9.557556249999688,3,0.34279954081831243,ml_m1sc_ad_ens6,2026-02
1442938,short,1970-01-21 11:41:00,1970-01-21 11:42:00,1970-01-21 11:42:00,4916.907,4922.373510416667,SL,5.306510416667006,1,0.34031680674437687,ml_m1sc_ad_ens6,2026-02
1443765,short,1970-01-21 11:42:00,1970-01-21 11:43:00,1970-01-21 11:43:00,5071.413,5074.524033333333,SL,2.87103333333358,6,0.3388082707207575,ml_m1sc_ad_ens6,2026-02
1446062,short,1970-01-21 11:44:00,1970-01-21 11:45:00,1970-01-21 11:45:00,4835.332,4821.773270833333,TP,-13.718729166667035,1,0.34323487456128265,ml_m1sc_ad_ens6,2026-02
1447176,short,1970-01-21 11:45:00,1970-01-21 11:46:00,1970-01-21 11:46:00,4840.472,4844.160141666666,SL,3.5281416666665244,4,0.3383498328147369,ml_m1sc_ad_ens6,2026-02
1448669,short,1970-01-21 11:50:00,1970-01-21 11:51:00,1970-01-21 11:51:00,5046.308,5049.396183333333,SL,2.8481833333332904,1,0.3380329830458354,ml_m1sc_ad_ens6,2026-02
1449965,short,1970-01-21 11:51:00,1970-01-21 11:52:00,1970-01-21 11:52:00,5054.807,5057.104245833333,SL,1.9372458333333635,1,0.3430370080352123,ml_m1sc_ad_ens6,2026-02
1452571,short,1970-01-21 11:54:00,1970-01-21 11:55:00,1970-01-21 11:55:00,5063.866,5059.722692708333,TP,-4.383307291667043,2,0.3434574532610205,ml_m1sc_ad_ens6,2026-02
1453536,long,1970-01-21 11:55:00,1970-01-21 11:56:00,1970-01-21 11:56:00,4972.934,4976.37065625,TP,3.1966562499999416,1,0.42582528367948824,ml_m1sc_ad_ens6,2026-02
1454443,short,1970-01-21 11:56:00,1970-01-21 11:59:00,1970-01-21 11:59:00,5026.79,5021.849182291667,TP,-5.1808177083332705,1,0.3379675160956027,ml_m1sc_ad_ens6,2026-02
1456431,long,1970-01-21 12:00:00,1970-01-21 12:01:00,1970-01-21 12:01:00,4987.214,4990.168369791667,TP,2.794369791666977,1,0.42048464270203223,ml_m1sc_ad_ens6,2026-02
1456719,short,1970-01-21 12:01:00,1970-01-21 12:02:00,1970-01-21 12:02:00,4919.636,4920.7469270833335,SL,0.8709270833330811,1,0.3409690707678659,ml_m1sc_ad_ens6,2026-02
1457224,long,1970-01-21 12:02:00,1970-01-21 12:03:00,1970-01-21 12:03:00,4889.736,4895.206666666667,TP,5.310666666667057,4,0.4432721865311018,ml_m1sc_ad_ens6,2026-02
1459473,long,1970-01-21 12:04:00,1970-01-21 12:05:00,1970-01-21 12:05:00,4987.151,4985.730608333333,SL,-1.5803916666665463,4,0.4276567646528433,ml_m1sc_ad_ens6,2026-02
1460794,long,1970-01-21 12:05:00,1970-01-21 12:06:00,1970-01-21 12:06:00,4988.202,4991.1320364583335,TP,2.6900364583332337,2,0.43903366037074404,ml_m1sc_ad_ens6,2026-02
1461034,long,1970-01-21 12:06:00,1970-01-21 12:07:00,1970-01-21 12:07:00,5085.928,5084.555525,SL,-1.6124750000001222,1,0.4617871458876166,ml_m1sc_ad_ens6,2026-02
1462613,short,1970-01-21 12:10:00,1970-01-21 12:11:00,1970-01-21 12:11:00,5199.584,5200.974085416667,SL,1.030085416666807,1,0.3378904928547239,ml_m1sc_ad_ens6,2026-02
1463550,short,1970-01-21 12:11:00,1970-01-21 12:12:00,1970-01-21 12:12:00,5178.999,5175.4805364583335,TP,-3.8784635416662785,1,0.340002937190744,ml_m1sc_ad_ens6,2026-02
1466950,long,1970-01-21 12:15:00,1970-01-21 12:16:00,1970-01-21 12:16:00,5178.395,5181.713765625001,TP,2.9587656250001966,5,0.421487406811361,ml_m1sc_ad_ens6,2026-02
1469024,long,1970-01-21 12:20:00,1970-01-21 12:21:00,1970-01-21 12:21:00,5393.999,5392.253772916666,SL,-2.1052270833337023,1,0.39828340998109085,ml_m1sc_ad_ens6,2026-03
1471248,long,1970-01-21 12:22:00,1970-01-21 12:23:00,1970-01-21 12:23:00,5121.486,5115.850429166667,SL,-5.875570833333077,41,0.3959281480588715,ml_m1sc_ad_ens6,2026-03
1474606,short,1970-01-21 12:25:00,1970-01-21 12:26:00,1970-01-21 12:26:00,5084.685,5086.652452083334,SL,1.6074520833332282,1,0.3430708441301116,ml_m1sc_ad_ens6,2026-03
1474636,short,1970-01-21 12:26:00,1970-01-21 12:27:00,1970-01-21 12:27:00,5140.405,5142.435964583333,SL,1.6709645833331161,1,0.3430708441301116,ml_m1sc_ad_ens6,2026-03
1477079,short,1970-01-21 12:31:00,1970-01-21 12:32:00,1970-01-21 12:32:00,5170.376,5172.738608333333,SL,2.002608333332901,10,0.3455097715326,ml_m1sc_ad_ens6,2026-03
1480122,short,1970-01-21 12:34:00,1970-01-21 12:35:00,1970-01-21 12:35:00,5167.17,5168.448810416667,SL,0.9188104166666017,3,0.3430708441301116,ml_m1sc_ad_ens6,2026-03
1481352,long,1970-01-21 12:35:00,1970-01-21 12:36:00,1970-01-21 12:36:00,5098.146,5102.59759375,TP,4.091593750000029,1,0.4203979060287672,ml_m1sc_ad_ens6,2026-03
1481991,short,1970-01-21 12:36:00,1970-01-21 12:37:00,1970-01-21 12:37:00,5045.565,5046.957233333333,SL,1.0322333333330245,1,0.34273294253240333,ml_m1sc_ad_ens6,2026-03
1482759,short,1970-01-21 12:40:00,1970-01-21 12:41:00,1970-01-21 12:41:00,5012.604,5014.451427083333,SL,1.3474270833330593,2,0.34254622888175223,ml_m1sc_ad_ens6,2026-03
1486364,long,1970-01-21 12:43:00,1970-01-21 12:44:00,1970-01-21 12:44:00,4851.238,4855.762244791667,TP,4.324244791667115,1,0.38625646291357807,ml_m1sc_ad_ens6,2026-03
1486525,long,1970-01-21 12:44:00,1970-01-21 12:45:00,1970-01-21 12:45:00,4827.553,4835.591916666666,TP,7.838916666666409,1,0.38579001648468964,ml_m1sc_ad_ens6,2026-03
1487369,long,1970-01-21 12:45:00,1970-01-21 12:46:00,1970-01-21 12:46:00,4656.59,4655.198229166667,SL,-1.5917708333328846,1,0.39590213095132293,ml_m1sc_ad_ens6,2026-03
1488306,short,1970-01-21 12:46:00,1970-01-21 12:47:00,1970-01-21 12:47:00,4562.568,4565.5839166666665,SL,2.735916666666271,1,0.3430708441301116,ml_m1sc_ad_ens6,2026-03
1489663,short,1970-01-21 12:50:00,1970-01-21 12:51:00,1970-01-21 12:51:00,4253.292,4256.9525875,SL,3.3805874999995646,2,0.3430708441301116,ml_m1sc_ad_ens6,2026-03
1490364,long,1970-01-21 12:51:00,1970-01-21 12:52:00,1970-01-21 12:52:00,4361.585,4354.8527979166665,SL,-6.992202083333504,1,0.38508059159259567,ml_m1sc_ad_ens6,2026-03
1491436,short,1970-01-21 12:52:00,1970-01-21 12:53:00,1970-01-21 12:53:00,4407.583,4397.1036770833325,TP,-10.843322916667116,15,0.3557521066211612,ml_m1sc_ad_ens6,2026-03
1494257,short,1970-01-21 12:55:00,1970-01-21 12:56:00,1970-01-21 12:56:00,4382.101,4384.1112625,SL,1.7302624999999534,1,0.34273294253240333,ml_m1sc_ad_ens6,2026-03
1495164,short,1970-01-21 12:56:00,1970-01-21 12:57:00,1970-01-21 12:57:00,4431.621,4434.8996,SL,2.9985999999996418,1,0.3430708441301116,ml_m1sc_ad_ens6,2026-03
1496531,short,1970-01-21 13:00:00,1970-01-21 13:01:00,1970-01-21 13:01:00,4536.684,4538.9084604166665,SL,1.624460416666261,13,0.34532684854349555,ml_m1sc_ad_ens6,2026-03
1497700,short,1970-01-21 13:01:00,1970-01-21 13:02:00,1970-01-21 13:02:00,4568.84,4571.340416666667,SL,2.2204166666667513,1,0.3455097715326,ml_m1sc_ad_ens6,2026-03
1499287,short,1970-01-21 13:03:00,1970-01-21 13:04:00,1970-01-21 13:04:00,4730.068,4732.357854166667,SL,1.9298541666663733,1,0.34532684854349555,ml_m1sc_ad_ens6,2026-03
1501145,short,1970-01-21 13:05:00,1970-01-21 13:06:00,1970-01-21 13:06:00,4672.166,4675.570947916667,SL,3.1249479166669696,1,0.36281127705188804,ml_m1sc_ad_ens6,2026-04
1501965,short,1970-01-21 13:06:00,1970-01-21 13:10:00,1970-01-21 13:10:00,4662.923,4657.404802083333,TP,-5.798197916666395,1,0.35382771545104175,ml_m1sc_ad_ens6,2026-04
1503602,short,1970-01-21 13:12:00,1970-01-21 13:13:00,1970-01-21 13:13:00,4658.034,4659.413641666666,SL,1.01964166666643,1,0.3522895542167654,ml_m1sc_ad_ens6,2026-04
1506206,long,1970-01-21 13:14:00,1970-01-21 13:15:00,1970-01-21 13:15:00,4727.183,4725.286885416666,SL,-2.176114583333656,1,0.41025004573291685,ml_m1sc_ad_ens6,2026-04
1506430,long,1970-01-21 13:15:00,1970-01-21 13:16:00,1970-01-21 13:16:00,4776.678,4774.832445833334,SL,-2.1255541666662614,1,0.40714080938529035,ml_m1sc_ad_ens6,2026-04
1507716,long,1970-01-21 13:16:00,1970-01-21 13:17:00,1970-01-21 13:17:00,4758.248,4761.4677239583325,TP,2.9397239583329062,4,0.4086761023597494,ml_m1sc_ad_ens6,2026-04
1508925,long,1970-01-21 13:20:00,1970-01-21 13:21:00,1970-01-21 13:21:00,4729.286,4727.728829166666,SL,-1.8371708333336574,1,0.4160541856098214,ml_m1sc_ad_ens6,2026-04
1510626,long,1970-01-21 13:22:00,1970-01-21 13:23:00,1970-01-21 13:23:00,4800.297,4803.509453125,TP,2.932453125000138,1,0.4069416276709298,ml_m1sc_ad_ens6,2026-04
1514439,long,1970-01-21 13:26:00,1970-01-21 13:27:00,1970-01-21 13:27:00,4790.548,4789.4928479166665,SL,-1.3351520833332688,1,0.41862465520490083,ml_m1sc_ad_ens6,2026-04
1515736,long,1970-01-21 13:27:00,1970-01-21 13:30:00,1970-01-21 13:30:00,4774.618,4777.916192708334,TP,2.9381927083337724,1,0.40705003644432447,ml_m1sc_ad_ens6,2026-04
1516065,short,1970-01-21 13:30:00,1970-01-21 13:31:00,1970-01-21 13:31:00,4790.45,4792.50396875,SL,1.773968750000422,7,0.34259193463881876,ml_m1sc_ad_ens6,2026-04
1518322,long,1970-01-21 13:33:00,1970-01-21 13:34:00,1970-01-21 13:34:00,4764.618,4770.2729687500005,TP,5.37496875000008,21,0.41376382616146545,ml_m1sc_ad_ens6,2026-04
1519941,short,1970-01-21 13:34:00,1970-01-21 13:35:00,1970-01-21 13:35:00,4728.765,4726.390854166667,TP,-2.654145833333387,4,0.3522895542167654,ml_m1sc_ad_ens6,2026-04
1520203,short,1970-01-21 13:35:00,1970-01-21 13:36:00,1970-01-21 13:36:00,4720.571,4716.659557291667,TP,-4.191442708333198,5,0.35511904297153407,ml_m1sc_ad_ens6,2026-04
1521680,short,1970-01-21 13:36:00,1970-01-21 13:37:00,1970-01-21 13:37:00,4688.185,4689.55965625,SL,1.0946562500000436,1,0.34259193463881876,ml_m1sc_ad_ens6,2026-04
1522719,short,1970-01-21 13:40:00,1970-01-21 13:41:00,1970-01-21 13:41:00,4716.906,4717.90088125,SL,0.7148812499997075,1,0.34259193463881876,ml_m1sc_ad_ens6,2026-04
1524508,long,1970-01-21 13:42:00,1970-01-21 13:43:00,1970-01-21 13:43:00,4583.909,4586.563458333333,TP,2.374458333333423,1,0.41721095291358623,ml_m1sc_ad_ens6,2026-04
1525599,long,1970-01-21 13:43:00,1970-01-21 13:44:00,1970-01-21 13:44:00,4600.633,4599.805752083333,SL,-1.1072479166671474,1,0.4262800574937409,ml_m1sc_ad_ens6,2026-04
1528305,long,1970-01-21 13:46:00,1970-01-21 13:47:00,1970-01-21 13:47:00,4596.033,4595.1569625,SL,-1.156037500000166,1,0.4177663613946504,ml_m1sc_ad_ens6,2026-05
1528839,short,1970-01-21 13:47:00,1970-01-21 13:50:00,1970-01-21 13:50:00,4626.129,4623.131541666667,TP,-3.2774583333332705,1,0.48259683029664574,ml_m1sc_ad_ens6,2026-05
1530585,long,1970-01-21 13:51:00,1970-01-21 13:52:00,1970-01-21 13:52:00,4514.735,4512.66915625,SL,-2.3458437499996583,3,0.41435782632482804,ml_m1sc_ad_ens6,2026-05
1530787,long,1970-01-21 13:52:00,1970-01-21 13:53:00,1970-01-21 13:53:00,4550.186,4555.869385416667,TP,5.403385416667079,3,0.42650231742166045,ml_m1sc_ad_ens6,2026-05
1532302,long,1970-01-21 13:53:00,1970-01-21 13:54:00,1970-01-21 13:54:00,4643.84,4645.970104166667,TP,1.7701041666665698,6,0.4115193887802336,ml_m1sc_ad_ens6,2026-05
1533800,long,1970-01-21 13:55:00,1970-01-21 13:56:00,1970-01-21 13:56:00,4740.496,4739.61821875,SL,-1.1577812500002256,1,0.4195511922642411,ml_m1sc_ad_ens6,2026-05
1536498,short,1970-01-21 14:00:00,1970-01-21 14:01:00,1970-01-21 14:01:00,4687.522,4688.52144375,SL,0.6394437499999549,1,0.43375231201672343,ml_m1sc_ad_ens6,2026-05
1537003,short,1970-01-21 14:01:00,1970-01-21 14:02:00,1970-01-21 14:02:00,4717.437,4718.813922916666,SL,1.0969229166664445,1,0.4409562019410866,ml_m1sc_ad_ens6,2026-05
1542063,short,1970-01-21 14:06:00,1970-01-21 14:07:00,1970-01-21 14:07:00,4611.443,4612.4595,SL,0.7364999999997235,1,0.4317795943698635,ml_m1sc_ad_ens6,2026-05
1542342,short,1970-01-21 14:07:00,1970-01-21 14:10:00,1970-01-21 14:10:00,4538.378,4540.2503625,SL,1.5923625000002357,1,0.43927059707178034,ml_m1sc_ad_ens6,2026-05
1543439,long,1970-01-21 14:11:00,1970-01-21 14:12:00,1970-01-21 14:12:00,4543.752,4542.342416666667,SL,-1.689583333333103,1,0.4113659905267178,ml_m1sc_ad_ens6,2026-05
1544798,short,1970-01-21 14:12:00,1970-01-21 14:13:00,1970-01-21 14:13:00,4543.059,4544.1942125000005,SL,0.855212500000307,5,0.430830294323562,ml_m1sc_ad_ens6,2026-05
1546290,long,1970-01-21 14:14:00,1970-01-21 14:15:00,1970-01-21 14:15:00,4531.228,4534.822890625,TP,3.314890624999607,15,0.4110802017153641,ml_m1sc_ad_ens6,2026-05
1547957,long,1970-01-21 14:15:00,1970-01-21 14:16:00,1970-01-21 14:16:00,4509.019,4507.760264583334,SL,-1.5387354166662408,1,0.41116350906665194,ml_m1sc_ad_ens6,2026-05
1550217,short,1970-01-21 14:21:00,1970-01-21 14:22:00,1970-01-21 14:22:00,4567.476,4568.520575,SL,0.7645749999998952,1,0.44748051522444127,ml_m1sc_ad_ens6,2026-05
1551648,short,1970-01-21 14:22:00,1970-01-21 14:23:00,1970-01-21 14:23:00,4526.707,4527.784145833333,SL,0.7971458333329065,4,0.4641663202133153,ml_m1sc_ad_ens6,2026-05
1553733,long,1970-01-21 14:24:00,1970-01-21 14:25:00,1970-01-21 14:25:00,4449.705,4447.7980333333335,SL,-2.186966666666449,21,0.40859789830550547,ml_m1sc_ad_ens6,2026-05
1554400,long,1970-01-21 14:25:00,1970-01-21 14:26:00,1970-01-21 14:26:00,4390.012,4392.762473958333,TP,2.470473958333714,1,0.41016582415565705,ml_m1sc_ad_ens6,2026-05
1554870,short,1970-01-21 14:26:00,1970-01-21 14:27:00,1970-01-21 14:27:00,4506.225,4507.5708,SL,1.0658000000000538,1,0.43020341120843625,ml_m1sc_ad_ens6,2026-05
1555863,long,1970-01-21 14:27:00,1970-01-21 14:28:00,1970-01-21 14:28:00,4560.255,4559.139585416667,SL,-1.3954145833334042,3,0.41959657322188226,ml_m1sc_ad_ens6,2026-05
1556865,long,1970-01-21 14:28:00,1970-01-21 14:31:00,1970-01-21 14:31:00,4521.226,4524.968718749999,TP,3.462718749999767,1,0.4112554273511796,ml_m1sc_ad_ens6,2026-05
1557113,short,1970-01-21 14:31:00,1970-01-21 14:32:00,1970-01-21 14:32:00,4481.987,4479.349640625,TP,-2.917359375000415,1,0.3428437256263967,ml_m1sc_ad_ens6,2026-06
1560151,short,1970-01-21 14:34:00,1970-01-21 14:35:00,1970-01-21 14:35:00,4445.921,4442.96146875,TP,-3.2395312500005096,2,0.34783774041096815,ml_m1sc_ad_ens6,2026-06
1563354,long,1970-01-21 14:37:00,1970-01-21 14:38:00,1970-01-21 14:38:00,4338.268,4341.351583333333,TP,2.803583333333081,1,0.41514473220019593,ml_m1sc_ad_ens6,2026-06
1563630,long,1970-01-21 14:38:00,1970-01-21 14:41:00,1970-01-21 14:41:00,4325.114,4322.60843125,SL,-2.7655687499998383,1,0.4109028273100482,ml_m1sc_ad_ens6,2026-06
1563835,long,1970-01-21 14:41:00,1970-01-21 14:42:00,1970-01-21 14:42:00,4331.323,4329.71823125,SL,-1.964768750000403,1,0.4259891082666254,ml_m1sc_ad_ens6,2026-06
1565150,short,1970-01-21 14:42:00,1970-01-21 14:43:00,1970-01-21 14:43:00,4329.821,4326.932010416666,TP,-3.1489895833335684,3,0.3464541661446662,ml_m1sc_ad_ens6,2026-06
1566695,long,1970-01-21 14:44:00,1970-01-21 14:45:00,1970-01-21 14:45:00,4179.466,4178.169925,SL,-1.5560750000002008,1,0.41440419135257994,ml_m1sc_ad_ens6,2026-06
1567660,long,1970-01-21 14:45:00,1970-01-21 14:46:00,1970-01-21 14:46:00,4088.374,4096.126041666666,TP,7.492041666666628,13,0.408125636577519,ml_m1sc_ad_ens6,2026-06
1568800,short,1970-01-21 14:46:00,1970-01-21 14:47:00,1970-01-21 14:47:00,4222.227,4218.604526041667,TP,-3.8824739583331027,3,0.3500918770069851,ml_m1sc_ad_ens6,2026-06
1569428,long,1970-01-21 14:47:00,1970-01-21 14:48:00,1970-01-21 14:48:00,4211.963,4209.561856249999,SL,-2.661143750000301,3,0.40810333497645335,ml_m1sc_ad_ens6,2026-06
1570635,short,1970-01-21 14:48:00,1970-01-21 14:51:00,1970-01-21 14:51:00,4270.346,4272.124097916666,SL,1.518097916666411,1,0.3464541661446662,ml_m1sc_ad_ens6,2026-06
1571178,long,1970-01-21 14:51:00,1970-01-21 14:52:00,1970-01-21 14:52:00,4336.867,4335.491129166667,SL,-1.6558708333334653,1,0.4080072077683879,ml_m1sc_ad_ens6,2026-06
1572073,short,1970-01-21 14:52:00,1970-01-21 14:53:00,1970-01-21 14:53:00,4317.923,4318.972606249999,SL,0.7696062499996696,4,0.3428437256263967,ml_m1sc_ad_ens6,2026-06
1574816,short,1970-01-21 14:55:00,1970-01-21 14:56:00,1970-01-21 14:56:00,4321.194,4324.459479166667,SL,2.9854791666664093,10,0.3485823944031357,ml_m1sc_ad_ens6,2026-06
1575319,short,1970-01-21 14:56:00,1970-01-21 14:57:00,1970-01-21 14:57:00,4208.762,4210.092079166667,SL,1.0700791666670193,1,0.3500918770069851,ml_m1sc_ad_ens6,2026-06
1576418,long,1970-01-21 14:57:00,1970-01-21 14:58:00,1970-01-21 14:58:00,4148.331,4147.199410416667,SL,-1.3915895833331524,1,0.4166887455290499,ml_m1sc_ad_ens6,2026-06
1578587,short,1970-01-21 15:02:00,1970-01-21 15:03:00,1970-01-21 15:03:00,4161.148,4157.470973958333,TP,-3.937026041666977,2,0.3428437256263967,ml_m1sc_ad_ens6,2026-06
1580312,long,1970-01-21 15:04:00,1970-01-21 15:05:00,1970-01-21 15:05:00,4041.809,4045.1224270833336,TP,3.0534270833334087,2,0.4450172393969301,ml_m1sc_ad_ens6,2026-06
1581073,short,1970-01-21 15:05:00,1970-01-21 15:06:00,1970-01-21 15:06:00,3995.273,3989.6989270833333,TP,-5.7340729166668645,14,0.3485823944031357,ml_m1sc_ad_ens6,2026-06
1583144,short,1970-01-21 15:07:00,1970-01-21 15:08:00,1970-01-21 15:08:00,4050.707,4052.0565166666665,SL,1.1095166666666592,1,0.3464541661446662,ml_m1sc_ad_ens6,2026-06
1584337,short,1970-01-21 15:11:00,1970-01-21 15:12:00,1970-01-21 15:12:00,4061.677,4062.8689729166667,SL,0.9519729166666002,1,0.3415319172194774,ml_m1sc_ad_ens6,2026-06
1584934,short,1970-01-21 15:12:00,1970-01-21 15:13:00,1970-01-21 15:13:00,3995.869,3997.1648437500003,SL,1.055843750000131,1,0.3428437256263967,ml_m1sc_ad_ens6,2026-06
1585827,long,1970-01-21 15:13:00,1970-01-21 15:14:00,1970-01-21 15:14:00,4026.527,4025.45080625,SL,-1.3161937500001295,1,0.4176233633284184,ml_m1sc_ad_ens6,2026-06
1589945,long,1970-01-21 15:17:00,1970-01-21 15:18:00,1970-01-21 15:18:00,4181.197,4180.172858333333,SL,-1.2641416666667646,2,0.42144139557314475,ml_m1sc_ad_ens6,2026-07
1590707,long,1970-01-21 15:18:00,1970-01-21 15:21:00,1970-01-21 15:21:00,4177.917,4176.9765875,SL,-1.1804125000000931,1,0.4036040308267129,ml_m1sc_ad_ens6,2026-07
1592660,short,1970-01-21 15:23:00,1970-01-21 15:24:00,1970-01-21 15:24:00,4138.923,4140.115427083333,SL,0.9524270833333139,3,0.4451430187940391,ml_m1sc_ad_ens6,2026-07
1594668,long,1970-01-21 15:25:00,1970-01-21 15:26:00,1970-01-21 15:26:00,4074.11,4072.129516666667,SL,-2.2204833333332683,1,0.4049512467741429,ml_m1sc_ad_ens6,2026-07
1598874,long,1970-01-21 15:32:00,1970-01-21 15:33:00,1970-01-21 15:33:00,4004.1,4002.3504,SL,-1.9896000000001004,3,0.43443968532004407,ml_m1sc_ad_ens6,2026-07
1599180,long,1970-01-21 15:33:00,1970-01-21 15:34:00,1970-01-21 15:34:00,4079.423,4082.322208333333,TP,2.639208333333263,4,0.4424666130489042,ml_m1sc_ad_ens6,2026-07
1603203,long,1970-01-21 15:37:00,1970-01-21 15:38:00,1970-01-21 15:38:00,3995.999,3999.4368854166664,TP,3.1978854166666313,2,0.41230700768152834,ml_m1sc_ad_ens6,2026-07
