regime,delta,side,n,per_day,hit,avg,tot,pf,maxdd,t,be_cost,nL,nS,avgL,avgS
all,0.5,model,10576,58.1,0.478,-0.0455,-480.7,0.933,547.07,-2.87,0.0145,6072,4504,-0.0268,-0.0705
all,0.5,random,10576,58.1,0.498,-0.0555,-586.47,0.919,592.57,-3.51,0.0045,5253,5323,-0.0307,-0.0799
all,0.4,model,9661,53.1,0.471,-0.0615,-593.94,0.909,637.9,-3.75,-0.0015,5667,3994,-0.0359,-0.0977
all,0.4,random,9661,53.1,0.502,-0.0514,-496.6,0.923,538.21,-3.13,0.0086,4816,4845,-0.0211,-0.0815
all,0.3,model,7792,42.8,0.466,-0.0658,-512.38,0.9,547.96,-3.7,-0.0058,4679,3113,-0.0525,-0.0856
all,0.3,random,7792,42.8,0.494,-0.0749,-583.32,0.886,610.99,-4.22,-0.0149,3890,3902,-0.0608,-0.0889
all,0.2,model,5359,29.4,0.469,-0.0374,-200.58,0.942,231.14,-1.71,0.0226,3291,2068,-0.0243,-0.0583
all,0.2,random,5359,29.4,0.49,-0.0736,-394.46,0.889,394.54,-3.36,-0.0136,2722,2637,-0.0521,-0.0958
all,0.12,model,3135,17.2,0.475,-0.0385,-120.76,0.944,165.63,-1.23,0.0215,1902,1233,-0.0315,-0.0494
all,0.12,random,3135,17.2,0.507,-0.0219,-68.61,0.968,116.4,-0.7,0.0381,1564,1571,-0.0087,-0.035
all,0.08,model,2021,11.1,0.485,-0.0688,-139.08,0.909,179.67,-1.62,-0.0088,1104,917,-0.0618,-0.0772
all,0.08,random,2021,11.1,0.513,-0.0515,-104.15,0.931,206.58,-1.22,0.0085,1020,1001,-0.044,-0.0592
all,0.05,model,1286,7.1,0.507,-0.0736,-94.59,0.909,136.1,-1.26,-0.0136,619,667,-0.0681,-0.0787
all,0.05,random,1286,7.1,0.501,-0.0742,-95.42,0.908,139.47,-1.27,-0.0142,644,642,-0.0676,-0.0808
all,0.02,model,511,2.8,0.54,0.0326,16.67,1.035,45.15,0.29,0.0926,235,276,-0.04,0.0945
all,0.02,random,511,2.8,0.481,-0.1444,-73.77,0.861,131.8,-1.29,-0.0844,241,270,-0.2281,-0.0696
all,0.01,model,251,1.4,0.498,-0.1136,-28.52,0.894,43.91,-0.69,-0.0536,129,122,-0.0792,-0.15
all,0.01,random,251,1.4,0.542,0.0797,20.0,1.082,24.4,0.48,0.1397,116,135,0.1278,0.0383
low,0.5,model,1972,10.8,0.478,-0.0291,-57.37,0.898,68.69,-2.22,0.0309,1249,723,-0.0046,-0.0713
low,0.5,random,1972,10.8,0.485,-0.0742,-146.39,0.759,151.08,-5.67,-0.0142,1000,972,-0.0345,-0.1151
low,0.4,model,1904,10.5,0.481,-0.0236,-44.9,0.917,54.43,-1.77,0.0364,1223,681,-0.0,-0.0659
low,0.4,random,1904,10.5,0.484,-0.0723,-137.73,0.764,140.22,-5.43,-0.0123,969,935,-0.0318,-0.1143
low,0.3,model,1762,9.7,0.475,-0.0292,-51.43,0.898,55.8,-2.11,0.0308,1135,627,-0.0035,-0.0757
low,0.3,random,1762,9.7,0.482,-0.0756,-133.16,0.756,141.33,-5.45,-0.0156,902,860,-0.0335,-0.1197
low,0.2,model,1297,7.1,0.467,-0.0232,-30.1,0.918,36.16,-1.44,0.0368,891,406,0.0047,-0.0844
low,0.2,random,1297,7.1,0.509,-0.0497,-64.42,0.831,67.43,-3.07,0.0103,648,649,0.0033,-0.1025
low,0.12,model,826,4.5,0.477,0.0139,11.49,1.053,13.58,0.7,0.0739,614,212,0.0319,-0.0383
low,0.12,random,826,4.5,0.504,-0.0572,-47.23,0.806,55.54,-2.86,0.0028,410,416,0.0061,-0.1195
low,0.08,model,601,3.3,0.459,0.0104,6.23,1.04,11.38,0.45,0.0704,471,130,0.0368,-0.0856
low,0.08,random,601,3.3,0.534,-0.0215,-12.91,0.921,25.52,-0.92,0.0385,288,313,0.0681,-0.1039
low,0.05,model,413,2.3,0.424,-0.0132,-5.47,0.951,19.52,-0.48,0.0468,345,68,0.0204,-0.184
low,0.05,random,413,2.3,0.477,-0.1067,-44.05,0.66,46.67,-3.85,-0.0467,194,219,-0.0138,-0.1889
low,0.02,model,164,0.9,0.415,0.0261,4.29,1.106,8.03,0.6,0.0861,155,9,0.0318,-0.0709
low,0.02,random,164,0.9,0.524,-0.051,-8.37,0.817,12.21,-1.17,0.009,77,87,0.0425,-0.1338
low,0.01,model,68,0.4,0.397,0.0156,1.06,1.06,6.74,0.23,0.0756,66,2,0.0071,0.2958
low,0.01,random,68,0.4,0.485,-0.0678,-4.61,0.77,4.02,-0.98,-0.0078,34,34,-0.0132,-0.1224
no_low,0.5,model,8905,48.9,0.479,-0.0482,-429.03,0.936,498.2,-2.59,0.0118,4986,3919,-0.0313,-0.0696
no_low,0.5,random,8905,48.9,0.506,-0.0412,-366.94,0.945,380.86,-2.21,0.0188,4442,4463,-0.0204,-0.0619
no_low,0.4,model,8008,44.0,0.471,-0.0685,-548.94,0.91,593.7,-3.5,-0.0085,4580,3428,-0.0426,-0.1032
no_low,0.4,random,8008,44.0,0.502,-0.0514,-411.54,0.931,460.17,-2.62,0.0086,3993,4015,-0.0218,-0.0808
no_low,0.3,model,6265,34.4,0.464,-0.0758,-474.72,0.899,505.92,-3.48,-0.0158,3675,2590,-0.0663,-0.0892
no_low,0.3,random,6265,34.4,0.489,-0.0886,-554.81,0.882,592.44,-4.06,-0.0286,3175,3090,-0.0796,-0.0978
no_low,0.2,model,4230,23.2,0.472,-0.0413,-174.72,0.945,209.84,-1.51,0.0187,2488,1742,-0.0348,-0.0506
no_low,0.2,random,4230,23.2,0.499,-0.0618,-261.31,0.918,284.62,-2.26,-0.0018,2143,2087,-0.0517,-0.0721
no_low,0.12,model,2386,13.1,0.478,-0.0529,-126.13,0.936,162.86,-1.3,0.0071,1333,1053,-0.0574,-0.0471
no_low,0.12,random,2386,13.1,0.517,0.0156,37.16,1.02,95.07,0.38,0.0756,1196,1190,0.0098,0.0214
no_low,0.08,model,1450,8.0,0.497,-0.0993,-144.05,0.895,182.13,-1.7,-0.0393,651,799,-0.1263,-0.0774
no_low,0.08,random,1450,8.0,0.512,0.0111,16.05,1.012,96.68,0.19,0.0711,721,729,-0.0073,0.0292
no_low,0.05,model,889,4.9,0.547,-0.0976,-86.77,0.907,144.04,-1.17,-0.0376,288,601,-0.1554,-0.0699
no_low,0.05,random,889,4.9,0.51,-0.0403,-35.79,0.961,86.17,-0.48,0.0197,449,440,-0.0645,-0.0156
no_low,0.02,model,352,1.9,0.597,0.0353,12.42,1.028,50.17,0.22,0.0953,85,267,-0.1681,0.1
no_low,0.02,random,352,1.9,0.543,0.1851,65.16,1.156,44.85,1.15,0.2451,168,184,0.0423,0.3155
no_low,0.01,model,186,1.0,0.538,-0.1527,-28.39,0.887,45.86,-0.69,-0.0927,66,120,-0.1439,-0.1575
no_low,0.01,random,186,1.0,0.489,-0.1013,-18.84,0.924,85.08,-0.46,-0.0413,85,101,-0.069,-0.1285
mid,0.5,model,3437,18.9,0.449,-0.0828,-284.52,0.82,315.76,-5.46,-0.0228,2115,1322,-0.0725,-0.0992
mid,0.5,random,3437,18.9,0.513,-0.037,-127.0,0.915,142.91,-2.44,0.023,1708,1729,-0.03,-0.0438
mid,0.4,model,3221,17.7,0.456,-0.0734,-236.42,0.839,252.71,-4.68,-0.0134,1959,1262,-0.0602,-0.0939
mid,0.4,random,3221,17.7,0.498,-0.0611,-196.72,0.863,203.96,-3.9,-0.0011,1609,1612,-0.0486,-0.0736
mid,0.3,model,2721,15.0,0.445,-0.0735,-200.0,0.839,216.61,-4.31,-0.0135,1744,977,-0.0492,-0.1168
mid,0.3,random,2721,15.0,0.483,-0.0927,-252.27,0.8,256.67,-5.44,-0.0327,1355,1366,-0.0654,-0.1198
mid,0.2,model,1764,9.7,0.438,-0.0724,-127.7,0.841,134.18,-3.41,-0.0124,1178,586,-0.0394,-0.1386
mid,0.2,random,1764,9.7,0.516,-0.0208,-36.68,0.951,60.79,-0.98,0.0392,904,860,0.0171,-0.0607
mid,0.12,model,866,4.8,0.411,-0.1011,-87.6,0.782,88.35,-3.42,-0.0411,600,266,-0.0821,-0.144
mid,0.12,random,866,4.8,0.484,-0.0903,-78.18,0.801,97.48,-3.05,-0.0303,433,433,-0.0798,-0.1007
mid,0.08,model,426,2.3,0.399,-0.1584,-67.48,0.676,68.86,-3.81,-0.0984,272,154,-0.1462,-0.1801
mid,0.08,random,426,2.3,0.516,-0.0431,-18.35,0.899,35.53,-1.03,0.0169,200,226,-0.0543,-0.0331
mid,0.05,model,234,1.3,0.419,-0.1445,-33.81,0.696,35.46,-2.6,-0.0845,139,95,-0.1489,-0.138
mid,0.05,random,234,1.3,0.513,-0.0833,-19.48,0.81,27.54,-1.49,-0.0233,105,129,-0.1095,-0.0619
mid,0.02,model,46,0.3,0.261,-0.2619,-12.05,0.483,13.03,-2.4,-0.2019,41,5,-0.3223,0.2335
mid,0.02,random,46,0.3,0.543,0.0083,0.38,1.024,6.25,0.07,0.0683,22,24,-0.2663,0.2601
mid,0.01,model,23,0.1,0.261,-0.2405,-5.53,0.517,6.79,-1.51,-0.1805,21,2,-0.3225,0.6205
mid,0.01,random,23,0.1,0.565,0.0224,0.51,1.064,4.6,0.14,0.0824,10,13,-0.309,0.2773
mid_high,0.5,model,8905,48.9,0.479,-0.0482,-429.03,0.936,498.2,-2.59,0.0118,4986,3919,-0.0313,-0.0696
mid_high,0.5,random,8905,48.9,0.506,-0.0412,-366.94,0.945,380.86,-2.21,0.0188,4442,4463,-0.0204,-0.0619
mid_high,0.4,model,8008,44.0,0.471,-0.0685,-548.94,0.91,593.7,-3.5,-0.0085,4580,3428,-0.0426,-0.1032
mid_high,0.4,random,8008,44.0,0.502,-0.0514,-411.54,0.931,460.17,-2.62,0.0086,3993,4015,-0.0218,-0.0808
mid_high,0.3,model,6265,34.4,0.464,-0.0758,-474.72,0.899,505.92,-3.48,-0.0158,3675,2590,-0.0663,-0.0892
mid_high,0.3,random,6265,34.4,0.489,-0.0886,-554.81,0.882,592.44,-4.06,-0.0286,3175,3090,-0.0796,-0.0978
mid_high,0.2,model,4230,23.2,0.472,-0.0413,-174.72,0.945,209.84,-1.51,0.0187,2488,1742,-0.0348,-0.0506
mid_high,0.2,random,4230,23.2,0.499,-0.0618,-261.31,0.918,284.62,-2.26,-0.0018,2143,2087,-0.0517,-0.0721
mid_high,0.12,model,2386,13.1,0.478,-0.0529,-126.13,0.936,162.86,-1.3,0.0071,1333,1053,-0.0574,-0.0471
mid_high,0.12,random,2386,13.1,0.517,0.0156,37.16,1.02,95.07,0.38,0.0756,1196,1190,0.0098,0.0214
mid_high,0.08,model,1450,8.0,0.497,-0.0993,-144.05,0.895,182.13,-1.7,-0.0393,651,799,-0.1263,-0.0774
mid_high,0.08,random,1450,8.0,0.512,0.0111,16.05,1.012,96.68,0.19,0.0711,721,729,-0.0073,0.0292
mid_high,0.05,model,889,4.9,0.547,-0.0976,-86.77,0.907,144.04,-1.17,-0.0376,288,601,-0.1554,-0.0699
mid_high,0.05,random,889,4.9,0.51,-0.0403,-35.79,0.961,86.17,-0.48,0.0197,449,440,-0.0645,-0.0156
mid_high,0.02,model,352,1.9,0.597,0.0353,12.42,1.028,50.17,0.22,0.0953,85,267,-0.1681,0.1
mid_high,0.02,random,352,1.9,0.543,0.1851,65.16,1.156,44.85,1.15,0.2451,168,184,0.0423,0.3155
mid_high,0.01,model,186,1.0,0.538,-0.1527,-28.39,0.887,45.86,-0.69,-0.0927,66,120,-0.1439,-0.1575
mid_high,0.01,random,186,1.0,0.489,-0.1013,-18.84,0.924,85.08,-0.46,-0.0413,85,101,-0.069,-0.1285
high,0.5,model,5844,32.1,0.497,-0.0243,-141.77,0.973,209.87,-0.89,0.0357,3116,2728,-0.0003,-0.0516
high,0.5,random,5844,32.1,0.49,-0.0893,-521.9,0.905,601.64,-3.29,-0.0293,2973,2871,-0.0607,-0.119
high,0.4,model,5119,28.1,0.481,-0.0643,-328.95,0.931,381.37,-2.2,-0.0043,2819,2300,-0.0306,-0.1055
high,0.4,random,5119,28.1,0.501,-0.0385,-197.28,0.958,228.57,-1.32,0.0215,2608,2511,-0.003,-0.0755
high,0.3,model,3779,20.8,0.48,-0.07,-264.66,0.925,317.04,-2.04,-0.01,2078,1701,-0.0736,-0.0657
high,0.3,random,3779,20.8,0.499,-0.0503,-189.98,0.946,300.24,-1.47,0.0097,1890,1889,-0.055,-0.0456
high,0.2,model,2600,14.3,0.496,-0.0158,-41.02,0.983,120.72,-0.37,0.0442,1403,1197,-0.0297,0.0005
high,0.2,random,2600,14.3,0.488,-0.1138,-295.81,0.884,318.66,-2.69,-0.0538,1291,1309,-0.127,-0.1007
high,0.12,model,1584,8.7,0.514,-0.019,-30.03,0.981,113.73,-0.32,0.041,788,796,-0.0231,-0.0149
high,0.12,random,1584,8.7,0.498,-0.0557,-88.29,0.946,161.59,-0.94,0.0043,797,787,-0.0601,-0.0514
high,0.08,model,1055,5.8,0.537,-0.0662,-69.83,0.941,140.83,-0.84,-0.0062,405,650,-0.1007,-0.0447
high,0.08,random,1055,5.8,0.508,-0.0526,-55.5,0.953,132.02,-0.67,0.0074,533,522,-0.0754,-0.0293
high,0.05,model,673,3.7,0.587,-0.0792,-53.33,0.936,117.48,-0.73,-0.0192,164,509,-0.1617,-0.0527
high,0.05,random,673,3.7,0.514,0.01,6.75,1.008,86.07,0.09,0.07,329,344,-0.0194,0.0382
high,0.02,model,306,1.7,0.647,0.0799,24.46,1.058,47.03,0.43,0.1399,44,262,-0.0245,0.0975
high,0.02,random,306,1.7,0.497,-0.2831,-86.63,0.819,136.18,-1.54,-0.2231,142,164,-0.4402,-0.1471
high,0.01,model,163,0.9,0.577,-0.1403,-22.86,0.905,42.04,-0.56,-0.0803,45,118,-0.0605,-0.1707
high,0.01,random,163,0.9,0.583,0.4283,69.81,1.359,21.91,1.72,0.4883,76,87,0.5494,0.3225
wings,0.5,model,7793,42.8,0.491,-0.0258,-201.17,0.966,264.62,-1.25,0.0342,4355,3438,-0.0018,-0.0562
wings,0.5,random,7793,42.8,0.503,-0.0506,-394.0,0.934,411.31,-2.45,0.0094,3891,3902,-0.0191,-0.0819
wings,0.4,model,7008,38.5,0.481,-0.0533,-373.71,0.93,413.69,-2.46,0.0067,4031,2977,-0.022,-0.0958
wings,0.4,random,7008,38.5,0.496,-0.0572,-400.97,0.925,446.52,-2.64,0.0028,3505,3503,-0.0187,-0.0957
wings,0.3,model,5532,30.4,0.479,-0.0571,-315.63,0.922,368.67,-2.4,0.0029,3206,2326,-0.0489,-0.0683
wings,0.3,random,5532,30.4,0.492,-0.0786,-434.98,0.894,435.82,-3.3,-0.0186,2814,2718,-0.0678,-0.0899
wings,0.2,model,3884,21.3,0.486,-0.0184,-71.57,0.974,138.61,-0.64,0.0416,2289,1595,-0.0163,-0.0215
wings,0.2,random,3884,21.3,0.503,-0.0378,-146.65,0.948,165.81,-1.31,0.0222,1951,1933,-0.0288,-0.0468
wings,0.12,model,2409,13.2,0.501,-0.0075,-18.01,0.99,117.15,-0.19,0.0525,1401,1008,0.0014,-0.0198
wings,0.12,random,2409,13.2,0.492,-0.0939,-226.22,0.883,305.99,-2.37,-0.0339,1207,1202,-0.0741,-0.1138
wings,0.08,model,1655,9.1,0.509,-0.0381,-63.06,0.953,128.7,-0.75,0.0219,875,780,-0.0262,-0.0515
wings,0.08,random,1655,9.1,0.494,-0.0746,-123.4,0.91,129.57,-1.47,-0.0146,835,820,-0.0597,-0.0897
wings,0.05,model,1082,5.9,0.525,-0.0549,-59.42,0.937,110.36,-0.8,0.0051,505,577,-0.0398,-0.0681
wings,0.05,random,1082,5.9,0.499,-0.1102,-119.2,0.878,171.84,-1.61,-0.0502,545,537,-0.0961,-0.1244
wings,0.02,model,470,2.6,0.566,0.0612,28.75,1.062,43.79,0.51,0.1212,199,271,0.0193,0.0919
wings,0.02,random,470,2.6,0.517,0.1066,50.11,1.111,68.39,0.88,0.1666,218,252,0.0614,0.1457
wings,0.01,model,231,1.3,0.524,-0.0944,-21.8,0.916,40.66,-0.53,-0.0344,111,120,-0.0203,-0.1629
wings,0.01,random,231,1.3,0.524,-0.0607,-14.01,0.945,37.23,-0.34,-0.0007,105,126,0.019,-0.1271
