,atr_lvl,atr_ratio,atr_z,day_dist_hi,day_vs_open,ma_ema20_dist,ret_1,ret_15,ret_3,ret_5,rng_close_pos,rng_range_z60,rng_run,rv_1440,rv_15,rv_ratio_60_1440,sess_h_cos,sess_london,sess_ny,vol_ratio60,z_dir
atr_lvl,1.0,0.8104597682996123,0.7889910601217193,-0.13183321356919936,-0.030594557962595696,-0.0023253085459899276,-0.00015511400236440406,-0.00265947273484033,0.002684088275850078,0.003471070021462435,0.0010668509101818518,-0.11950161980041027,0.003918790279973318,-0.6301646885084671,-0.07492047307700765,0.7640480363436326,-0.4676178470012846,0.2651709796534133,0.13567421437736196,-0.1150204840978754,-0.2339582670682992
atr_ratio,0.8104597682996123,1.0,0.9705308204256922,-0.19939527524363646,0.009536386816597379,-0.005489160770721969,-0.0016185723695065315,-0.005651465028041642,-0.00021403981299432566,-0.0003576920486675206,9.628706172512267e-05,-0.11074486548640301,0.0024444693733098027,-0.7715524171980914,-0.06785128970157518,0.95973553053453,-0.5223487081843872,0.2951701178395813,0.16049022497158572,-0.11347460797613573,-0.3428215958855783
atr_z,0.7889910601217193,0.9705308204256922,1.0,-0.2031633236101488,0.006611944540321317,-0.006588450898135241,-0.0013943726102621555,-0.006634310693348349,-0.00022961142478468278,-0.0004694883998907136,0.0004407587918452371,-0.09959089899723295,0.003624315521260518,-0.7496690505179939,-0.04993388253444251,0.9470954025496144,-0.5338445373699793,0.3206975052185813,0.11796715918719847,-0.09976951512356261,-0.35005415856768735
day_dist_hi,-0.13183321356919936,-0.19939527524363646,-0.2031633236101488,1.0,-0.6329316594634433,-0.13497818577172202,-0.030531010033225336,-0.11826195322809151,-0.055705262692553395,-0.07125030694737342,-0.017005861286326505,-0.02386562809508245,-0.03214235031380788,0.3317652947325493,-0.02481322703181815,-0.20068726651090632,0.1118277529921105,-0.12140779048997949,0.3003461714318191,-0.026050821213589006,0.27461248369857366
day_vs_open,-0.030594557962595696,0.009536386816597379,0.006611944540321317,-0.6329316594634433,1.0,0.12139757824479354,0.025173855239866164,0.10712154642612735,0.0468507476537746,0.06125263195265877,0.012818551954838074,0.002616487917303211,0.031109826078391804,-0.044976889066326235,0.009563478263880687,0.012220143490364753,-0.006424053989008517,0.006031325391415933,0.010517013906085072,0.001946237660819986,-0.2553461628587217
ma_ema20_dist,-0.0023253085459899276,-0.005489160770721969,-0.006588450898135241,-0.13497818577172202,0.12139757824479354,1.0,0.4070381172230385,0.8939623889871939,0.6573139150706645,0.7786943082226564,0.2814946387110531,0.005653378361283272,0.44830216463045675,-0.0007664956872043917,0.00683080832955691,-0.004745565175245762,-0.011230318302157698,0.01730040917810747,-0.0014923562232753646,0.007493927074846773,-0.13442582367838138
ret_1,-0.00015511400236440406,-0.0016185723695065315,-0.0013943726102621555,-0.030531010033225336,0.025173855239866164,0.4070381172230385,1.0,0.23820032397621022,0.547246569030415,0.419662401235021,0.7410041176117294,0.013634051604607914,0.633039574126762,-4.161921262110368e-05,0.0029461263404783945,-0.0013221753421061861,-0.00324636375487524,0.0038443700030644096,0.0018666958961840003,0.007330309565478284,-0.04395146585072432
ret_15,-0.00265947273484033,-0.005651465028041642,-0.006634310693348349,-0.11826195322809151,0.10712154642612735,0.8939623889871939,0.23820032397621022,1.0,0.431141706384928,0.5653036936959104,0.1565306055408964,0.004223357586471046,0.2829823745433948,0.0003857526703860989,0.005403960160548089,-0.005037820239418071,-0.009990750543171159,0.01629310984210093,-0.0019733242714195234,0.007521674671767772,-0.1226310604822523
ret_3,0.002684088275850078,-0.00021403981299432566,-0.00022961142478468278,-0.055705262692553395,0.0468507476537746,0.6573139150706645,0.547246569030415,0.431141706384928,1.0,0.7540056507616937,0.4052606556267218,0.005047037855410938,0.6044767053839943,-0.0013578736069984885,0.0057659585467278755,0.00044870855503338625,-0.006395125571556657,0.0070342208456972335,0.0027495441077143284,0.0020700460329046745,-0.07617533246976516
ret_5,0.003471070021462435,-0.0003576920486675206,-0.0004694883998907136,-0.07125030694737342,0.06125263195265877,0.7786943082226564,0.419662401235021,0.5653036936959104,0.7540056507616937,1.0,0.30393153463764394,0.0017589341719406217,0.5012489475083194,-0.0016382628388379777,0.005977686284261735,0.0004750201625584985,-0.008144111669771758,0.009370651711333845,0.00335165587137196,0.00016432665471838062,-0.09352086912129888
rng_close_pos,0.0010668509101818518,9.628706172512267e-05,0.0004407587918452371,-0.017005861286326505,0.012818551954838074,0.2814946387110531,0.7410041176117294,0.1565306055408964,0.4052606556267218,0.30393153463764394,1.0,0.007103159436427781,0.5840157870902413,-0.003096853343716007,0.004331033182314483,0.00024487976731480613,-0.006149514024448812,0.005921479544009905,-0.0029554507603624493,0.004452295751219683,-0.03343693553301096
rng_range_z60,-0.11950161980041027,-0.11074486548640301,-0.09959089899723295,-0.02386562809508245,0.002616487917303211,0.005653378361283272,0.013634051604607914,0.004223357586471046,0.005047037855410938,0.0017589341719406217,0.007103159436427781,1.0,0.001702061833428257,0.09280372168598881,0.30059951364144394,-0.09208254774263704,0.03228697436253842,0.03488818724796197,-0.14196322934618602,0.7922824686739937,0.063682459743958
rng_run,0.003918790279973318,0.0024444693733098027,0.003624315521260518,-0.03214235031380788,0.031109826078391804,0.44830216463045675,0.633039574126762,0.2829823745433948,0.6044767053839943,0.5012489475083194,0.5840157870902413,0.001702061833428257,1.0,-0.0014505015534098118,0.0004502995765492742,0.0020427964697635375,-0.005617242349114673,0.007311888408776881,0.005698118434837964,0.00020740306863043163,-0.05260693422122442
rv_1440,-0.6301646885084671,-0.7715524171980914,-0.7496690505179939,0.3317652947325493,-0.044976889066326235,-0.0007664956872043917,-4.161921262110368e-05,0.0003857526703860989,-0.0013578736069984885,-0.0016382628388379777,-0.003096853343716007,0.09280372168598881,-0.0014505015534098118,1.0,0.08483315184867803,-0.7722074667075206,0.5456816558200969,-0.2841320091180807,-0.16116095344256084,0.09409539943008953,0.3031973586819503
rv_15,-0.07492047307700765,-0.06785128970157518,-0.04993388253444251,-0.02481322703181815,0.009563478263880687,0.00683080832955691,0.0029461263404783945,0.005403960160548089,0.0057659585467278755,0.005977686284261735,0.004331033182314483,0.30059951364144394,0.0004502995765492742,0.08483315184867803,1.0,0.017676253170399732,0.054287583806693705,0.03623565299411093,-0.15375997780674536,0.34752754910352,0.0393339121742958
rv_ratio_60_1440,0.7640480363436326,0.95973553053453,0.9470954025496144,-0.20068726651090632,0.012220143490364753,-0.004745565175245762,-0.0013221753421061861,-0.005037820239418071,0.00044870855503338625,0.0004750201625584985,0.00024487976731480613,-0.09208254774263704,0.0020427964697635375,-0.7722074667075206,0.017676253170399732,1.0,-0.48256706343387135,0.28156670148602686,0.14364052103913533,-0.089316287830785,-0.34161677540931673
sess_h_cos,-0.4676178470012846,-0.5223487081843872,-0.5338445373699793,0.1118277529921105,-0.006424053989008517,-0.011230318302157698,-0.00324636375487524,-0.009990750543171159,-0.006395125571556657,-0.008144111669771758,-0.006149514024448812,0.03228697436253842,-0.005617242349114673,0.5456816558200969,0.054287583806693705,-0.48256706343387135,1.0,-0.699807146192959,-0.019068037296351904,0.03468300002834585,0.1777621137578599
sess_london,0.2651709796534133,0.2951701178395813,0.3206975052185813,-0.12140779048997949,0.006031325391415933,0.01730040917810747,0.0038443700030644096,0.01629310984210093,0.0070342208456972335,0.009370651711333845,0.005921479544009905,0.03488818724796197,0.007311888408776881,-0.2841320091180807,0.03623565299411093,0.28156670148602686,-0.699807146192959,1.0,-0.4125636069566443,0.04561230194314287,-0.07205650425908054
sess_ny,0.13567421437736196,0.16049022497158572,0.11796715918719847,0.3003461714318191,0.010517013906085072,-0.0014923562232753646,0.0018666958961840003,-0.0019733242714195234,0.0027495441077143284,0.00335165587137196,-0.0029554507603624493,-0.14196322934618602,0.005698118434837964,-0.16116095344256084,-0.15375997780674536,0.14364052103913533,-0.019068037296351904,-0.4125636069566443,1.0,-0.15997561384406828,-0.07211212050887701
vol_ratio60,-0.1150204840978754,-0.11347460797613573,-0.09976951512356261,-0.026050821213589006,0.001946237660819986,0.007493927074846773,0.007330309565478284,0.007521674671767772,0.0020700460329046745,0.00016432665471838062,0.004452295751219683,0.7922824686739937,0.00020740306863043163,0.09409539943008953,0.34752754910352,-0.089316287830785,0.03468300002834585,0.04561230194314287,-0.15997561384406828,1.0,0.06792229256163049
z_dir,-0.2339582670682992,-0.3428215958855783,-0.35005415856768735,0.27461248369857366,-0.2553461628587217,-0.13442582367838138,-0.04395146585072432,-0.1226310604822523,-0.07617533246976516,-0.09352086912129888,-0.03343693553301096,0.063682459743958,-0.05260693422122442,0.3031973586819503,0.0393339121742958,-0.34161677540931673,0.1777621137578599,-0.07205650425908054,-0.07211212050887701,0.06792229256163049,1.0
