hour,reg,n,exp,mfe_med,p_eat
0,0,10680,-0.06002643258426968,2.07799999999992,0.9982209737827715
0,1,3591,-0.060231129908103635,3.101000000000058,1.0
0,2,1149,-0.06000000000000003,3.9740000000001054,1.0
1,0,4545,-0.060000000000000026,2.116999999999907,0.9995599559955995
1,1,7734,-0.060000000000000046,2.4915000000000327,0.9998707008016551
1,2,3141,-0.06090465616045852,3.41400000000016,1.0
2,0,3493,-0.06000000000000002,1.4419999999999527,0.9911251073575723
2,1,8697,-0.06048262763021737,1.94,0.9996550534667127
2,2,3230,-0.06521961687306517,2.5604999999999927,1.0
3,0,7550,-0.06014468046357616,1.3504999999999563,0.9776158940397351
3,1,6668,-0.062069383623275465,1.7579999999999836,0.999250149970006
3,2,1202,-0.06963222753743743,2.365999999999931,1.0
4,0,11780,-0.06032724320882852,1.70299999999992,0.9920203735144313
4,1,3248,-0.06000000000000004,2.07149999999996,1.0
4,2,392,-0.06000000000000005,2.0050000000000545,1.0
5,0,10461,-0.06061549684542592,2.2800000000001455,1.0
5,1,4613,-0.060000000000000046,2.9309999999999854,1.0
5,2,346,-0.06000000000000005,3.510500000000038,1.0
6,0,3617,-0.060000000000000026,2.1990000000000145,1.0
6,1,8885,-0.060190471299943794,2.761999999999889,1.0
6,2,2918,-0.06000000000000005,3.8694999999999617,1.0
7,0,1521,-0.06000000000000002,1.6359999999999126,1.0
7,1,7704,-0.060000000000000046,2.5899999999998635,1.0
7,2,6188,-0.06043748585972855,3.7059999999999627,1.0
8,0,1715,-0.060000000000000026,1.539999999999909,0.9994169096209913
8,1,5996,-0.060000000000000046,2.231499999999928,0.9996664442961974
8,2,7709,-0.060000000000000046,3.3040000000000327,1.0
9,0,3159,-0.060000000000000026,1.623999999999969,0.9914529914529915
9,1,7081,-0.06000000000000005,2.200999999999967,0.999717554017794
9,2,5180,-0.06000000000000006,3.1679999999999517,1.0
10,0,4597,-0.06010625135958236,1.7650000000000454,0.998259734609528
10,1,7425,-0.060000000000000046,2.503000000000102,1.0
10,2,3398,-0.060000000000000046,3.102499999999909,1.0
11,0,4300,-0.060000000000000026,2.3910000000000218,1.0
11,1,8567,-0.06000000000000005,3.3300000000001,1.0
11,2,2553,-0.060000000000000046,4.21599999999984,1.0
12,0,1611,-0.06043973463687154,3.276999999999989,1.0
12,1,6101,-0.06759172471725965,4.499999999999946,1.0
12,2,7708,-0.07079402568759749,5.762499999999878,1.0
13,0,161,-0.060000000000000026,1.9319999999999617,1.0
13,1,1529,-0.06275724329627212,4.6950000000001095,1.0
13,2,13730,-0.06445354151493088,6.39150000000001,1.0
14,0,117,-0.06000000000000002,1.1529999999999654,0.9829059829059829
14,1,292,-0.060000000000000046,1.945000000000109,1.0
14,2,15011,-0.06034641845979618,5.045000000000019,1.0
15,0,244,-0.060000000000000005,1.89900000000006,0.9262295081967213
15,1,1150,-0.060000000000000046,2.2254999999999563,1.0
15,2,14026,-0.06010679103679411,3.8399999999998635,1.0
16,0,1294,-0.060000000000000026,1.861000000000049,0.973724884080371
16,1,3510,-0.060000000000000046,2.4010000000000127,1.0
16,2,10614,-0.060000000000000046,3.5215000000000054,1.0
17,0,2624,-0.06027204649390245,1.5360000000000036,0.995045731707317
17,1,5333,-0.06051649165572855,2.146000000000131,0.9990624414025877
17,2,7323,-0.06015844175960351,3.1930000000001564,1.0
18,0,4286,-0.06013795205319646,1.2830000000000745,0.9636024265048997
18,1,5908,-0.060322126777251225,2.1564999999999963,0.9998307379823967
18,2,4925,-0.06199050616649538,3.2509999999999217,1.0
19,0,6401,-0.06000000000000002,1.121999999999789,0.9161068583033901
19,1,5449,-0.060000000000000046,1.8340000000000054,0.9994494402642686
19,2,3135,-0.06105962186897883,2.978999999999987,1.0
20,0,9033,-0.060216261208900716,1.1960000000000854,0.9373408612863944
20,1,3980,-0.06000000000000004,1.5785000000000218,0.9992462311557789
20,2,1595,-0.06123209247648903,2.7070000000000527,1.0
21,0,3105,-0.06129467391304351,1.3929999999999745,0.9455716586151369
21,1,1372,-0.060000000000000046,1.660500000000129,0.9832361516034985
21,2,336,-0.06000000000000004,2.600000000000082,1.0
22,0,8384,-0.06046466632872138,1.220999999999949,0.9320133587786259
22,1,802,-0.06000000000000004,1.847500000000141,1.0
22,2,649,-0.06411546610169498,3.519000000000178,1.0
23,0,12655,-0.06036624950612406,1.501000000000149,0.9909126827340972
23,1,1710,-0.060000000000000046,2.3439999999999963,1.0
23,2,894,-0.06613976510067122,3.482500000000018,1.0
