factor,auc,ic_mean,ic_t,n_months,r_auc,r_ic,r_ict,score,family
rv_1440,0.5094,0.0164,4.03,12,2.0,2.0,1.0,0.9734848484848485,rv
rv_ratio_60_1440,0.5083,-0.0174,-3.6,12,5.0,1.0,2.0,0.9507575757575757,rv
sess_h_cos,0.509,0.0139,3.38,12,4.0,6.0,4.0,0.9318181818181819,sess
atr_z,0.5064,-0.0151,-3.17,12,9.0,5.0,5.0,0.8939393939393939,atr
sess_london,0.5072,-0.0098,-2.37,12,7.0,7.0,11.0,0.8787878787878788,sess
atr_ratio,0.5046,-0.016,-3.41,12,13.0,3.0,3.0,0.8787878787878788,atr
ret_1,0.5041,-0.0077,-2.61,12,14.0,11.5,6.0,0.8276515151515151,ret
atr_lvl,0.5027,-0.0152,-2.43,12,23.0,4.0,9.0,0.7765151515151515,atr
ret_5,0.5029,-0.0067,-2.42,12,22.0,18.0,10.0,0.7272727272727273,ret
sess_ny,0.5035,-0.006,-1.74,12,16.0,26.0,15.0,0.7234848484848484,sess
vol_ratio60,0.5034,0.0065,1.43,12,17.0,19.5,24.0,0.7064393939393939,vol
day_dist_hi,0.5064,0.0049,1.11,12,9.0,34.5,30.0,0.6875,day
day_vs_open,0.5091,-0.0045,-0.85,12,3.0,36.5,41.0,0.6837121212121212,day
ma_ema20_dist,0.5012,-0.009,-1.88,12,31.0,8.5,14.0,0.6799242424242424,ma
sess_mins_from_open,0.5114,-0.0034,-0.81,12,1.0,42.5,42.0,0.6723484848484849,sess
ret_3,0.5015,-0.0063,-1.65,12,28.0,22.0,18.0,0.6363636363636365,ret
rng_run,0.501,-0.0075,-2.24,12,34.5,16.0,12.0,0.6325757575757576,rng
rv_15,0.5006,0.009,1.66,12,39.0,8.5,17.0,0.6079545454545454,rv
sess_h_sin,0.5075,0.0028,0.79,12,6.0,49.0,44.5,0.6003787878787878,sess
ret_15,0.5008,-0.0076,-1.6,12,36.5,14.0,20.0,0.5946969696969697,ret
rv_60,0.5038,0.005,0.78,12,15.0,32.5,46.0,0.5890151515151515,rv
rng_close_pos,0.5025,-0.0045,-1.36,12,24.5,36.5,25.0,0.5814393939393939,rng
ma_ema1440_dist,0.5033,-0.0053,-0.79,12,18.5,30.0,44.5,0.5776515151515151,ma
ret_480,0.5064,0.0033,0.66,12,9.0,44.5,50.0,0.5738636363636365,ret
ma_ema240_dist,0.503,-0.004,-0.92,12,20.5,38.0,37.5,0.5587121212121212,ma
dc_bo_dn240,0.5006,0.0051,2.55,12,39.0,31.0,8.0,0.5568181818181819,dc
dc_new_lo240,0.5006,0.005,2.6,12,39.0,32.5,7.0,0.5549242424242424,dc
ma_ema60_dist,0.5008,-0.0071,-1.21,12,36.5,17.0,28.0,0.553030303030303,ma
sess_dow,0.5012,0.0063,1.02,12,31.0,22.0,34.0,0.553030303030303,sess
dc_dist_hi60,0.5001,-0.0081,-1.26,12,45.0,10.0,26.5,0.5208333333333334,dc
day_dist_lo,0.5063,0.0021,0.44,12,11.0,54.5,55.0,0.5018939393939394,day
rng_gap_atr,0.503,-0.0021,-0.86,12,20.5,54.5,40.0,0.4867424242424243,rng
ret_120,0.4983,-0.0077,-2.1,12,57.0,11.5,13.0,0.4753787878787879,ret
mom_sign_5,0.5021,-0.0028,-0.89,12,26.5,49.0,39.0,0.46590909090909094,mom
vol_z60,0.498,0.0076,1.7,12,58.0,14.0,16.0,0.44696969696969696,vol
ma_z60,0.5005,-0.0056,-0.97,12,42.0,27.5,35.5,0.4431818181818182,ma
ma_bb_pos60,0.5005,-0.0056,-0.97,12,42.0,27.5,35.5,0.4431818181818182,ma
mom_sign_60,0.5033,0.0021,0.39,12,18.5,54.5,57.0,0.4375,mom
rng_range_z60,0.4987,0.0065,1.58,12,54.5,19.5,21.0,0.4337121212121212,rng
ker_30,0.5025,0.0024,0.7,12,24.5,52.0,49.0,0.4318181818181818,ker
vol_vp_corr60,0.5011,0.0039,0.77,12,33.0,39.0,47.0,0.42424242424242425,vol
dc_new_hi240,0.5003,0.0034,1.55,12,44.0,42.5,22.0,0.42234848484848486,dc
ret_240,0.5053,-0.0009,-0.21,12,12.0,65.0,64.5,0.4185606060606061,ret
ret_60,0.4999,-0.0054,-1.06,12,47.0,29.0,32.0,0.41287878787878785,ret
ker_120,0.5014,0.0025,0.73,12,29.0,51.0,48.0,0.4053030303030303,ker
dc_pos_240,0.5005,-0.0038,-1.04,12,42.0,40.5,33.0,0.40340909090909094,dc
dc_bo_up240,0.5,0.0033,1.51,12,46.0,44.5,23.0,0.39583333333333337,dc
dc_pos_60,0.4969,-0.0076,-1.26,12,62.0,14.0,26.5,0.3768939393939394,dc
sess_overlap,0.4971,-0.0061,-1.08,12,60.0,24.5,31.0,0.3352272727272727,sess
rng_body_ratio,0.501,-0.0019,-0.65,12,34.5,57.0,51.5,0.32765151515151514,rng
ma_ema60_240,0.5021,-0.0013,-0.29,12,26.5,61.5,63.0,0.32765151515151514,ma
rv_240,0.4962,0.0049,1.63,12,63.5,34.5,19.0,0.3162878787878788,rv
dc_dist_lo60,0.4939,0.0063,1.17,12,66.0,22.0,29.0,0.30681818181818177,dc
dc_pos_1440,0.497,-0.0061,-0.92,12,61.0,24.5,37.5,0.30303030303030304,dc
vol_trend,0.4991,0.0031,0.8,12,52.0,46.5,43.0,0.2670454545454546,vol
mom_sign_15,0.5012,0.0007,0.2,12,31.0,66.0,66.0,0.26515151515151514,mom
vol_z240,0.4997,0.0031,0.65,12,48.5,46.5,51.5,0.26136363636363635,vol
ret_1440,0.4987,-0.0038,-0.52,12,54.5,40.5,53.5,0.23106060606060608,ret
day_vwap_dist,0.4995,0.0018,0.31,12,50.0,58.0,61.5,0.16856060606060608,day
sess_asia,0.4997,-0.0013,-0.31,12,48.5,61.5,61.5,0.16666666666666663,sess
rv_5,0.4992,0.0017,0.34,12,51.0,59.0,60.0,0.16287878787878787,rv
rv_ratio_15_240,0.4989,0.0014,0.36,12,53.0,60.0,59.0,0.14772727272727273,rv
ret_30,0.4976,-0.0021,-0.4,12,59.0,54.5,56.0,0.13446969696969696,ret
ma_ema20_60,0.4943,-0.0028,-0.52,12,65.0,49.0,53.5,0.11931818181818181,ma
ma_bb_width60,0.4985,0.001,0.37,12,56.0,64.0,58.0,0.11363636363636365,ma
day_pos,0.4962,-0.0011,-0.21,12,63.5,63.0,64.5,0.03598484848484849,day
