kE,plr,H,n,hitL,hitS,expL,expS,expAvg,timeout,dur_min,tp_usd_med,liftL_pp,liftS_pp,liftAvg_pp
1.5,2.0,120,351970,0.3455,0.6495,-0.0503,-0.0742,-0.0623,0.0,2.6,0.601,5.44,8.38,6.91
1.5,2.0,240,351850,0.3454,0.6495,-0.0504,-0.0742,-0.0623,0.0,2.6,0.601,5.44,8.37,6.91
1.5,2.0,360,351730,0.3454,0.6495,-0.0504,-0.0741,-0.0623,0.0,2.6,0.601,5.45,8.37,6.91
1.5,2.5,120,351970,0.3029,0.6906,-0.0463,-0.079,-0.0627,0.0,2.1,0.601,5.41,9.5,7.45
1.5,2.5,240,351850,0.3029,0.6906,-0.0463,-0.079,-0.0627,0.0,2.1,0.601,5.41,9.49,7.45
1.5,2.5,360,351730,0.3029,0.6906,-0.0463,-0.079,-0.0627,0.0,2.1,0.601,5.41,9.5,7.45
2.0,2.0,120,351970,0.3429,0.6549,-0.0513,-0.0713,-0.0613,0.0,4.8,0.802,4.03,6.17,5.1
2.0,2.0,240,351850,0.3429,0.655,-0.0514,-0.0711,-0.0613,0.0,4.8,0.801,4.04,6.16,5.1
2.0,2.0,360,351730,0.3428,0.655,-0.0515,-0.0711,-0.0613,0.0,4.8,0.801,4.04,6.16,5.1
2.0,2.5,120,351970,0.299,0.6985,-0.047,-0.0757,-0.0614,0.0,3.8,0.802,4.01,6.93,5.47
2.0,2.5,240,351850,0.299,0.6985,-0.0471,-0.0756,-0.0614,0.0,3.8,0.801,4.02,6.92,5.47
2.0,2.5,360,351730,0.299,0.6986,-0.0472,-0.0756,-0.0614,0.0,3.8,0.801,4.02,6.92,5.47
2.5,2.0,120,351970,0.3408,0.6576,-0.0531,-0.0687,-0.0609,0.0005,7.7,1.002,3.25,4.9,4.08
2.5,2.0,240,351850,0.3409,0.6579,-0.0533,-0.0686,-0.0609,0.0,7.7,1.002,3.24,4.87,4.05
2.5,2.0,360,351730,0.3409,0.658,-0.0534,-0.0685,-0.0609,0.0,7.7,1.002,3.24,4.86,4.05
2.5,2.5,120,351970,0.2957,0.7028,-0.0496,-0.0723,-0.061,0.0002,6.1,1.002,3.28,5.43,4.36
2.5,2.5,240,351850,0.2957,0.703,-0.0498,-0.0722,-0.061,0.0,6.1,1.002,3.28,5.41,4.35
2.5,2.5,360,351730,0.2957,0.703,-0.0498,-0.0721,-0.061,0.0,6.1,1.002,3.28,5.41,4.35
3.0,2.0,120,351970,0.3382,0.6586,-0.0544,-0.0674,-0.0609,0.0023,11.2,1.202,2.84,4.13,3.49
3.0,2.0,240,351850,0.3391,0.6597,-0.0541,-0.0676,-0.0609,0.0003,11.3,1.202,2.75,4.02,3.39
3.0,2.0,360,351730,0.3392,0.6598,-0.0544,-0.0674,-0.0609,0.0001,11.3,1.202,2.74,4.01,3.37
3.0,2.5,120,351970,0.2936,0.7044,-0.0503,-0.0714,-0.0609,0.0011,8.9,1.202,2.77,4.56,3.67
3.0,2.5,240,351850,0.294,0.7049,-0.0502,-0.0715,-0.0609,0.0001,9.0,1.202,2.73,4.5,3.62
3.0,2.5,360,351730,0.2941,0.705,-0.0504,-0.0714,-0.0609,0.0,9.0,1.202,2.73,4.5,3.61
