feature,nan_rate,n_unique,std,q01,q25,q50,q75,q99,drift_score,seg_nan_max
spread_rel,0.49839906972802256,207,0.1601429167447063,0.8999999761581421,1.0,1.0,1.0,1.5,3.1489332881076764,1.0
dist_hi_1440,0.0008973684669706087,1567347,16.474900180061454,-72.14104736328125,-30.32368516921997,-17.859021186828613,-8.868844985961914,-0.3010405257344255,0.2095777775941192,0.013170519967102258
pos_in_range,0.0008967452944241013,1502963,0.28992157484583986,0.018787539824843408,0.28355422616004944,0.5528193712234497,0.8007111251354218,0.9906183063983918,0.18524944205362479,0.013159097139724024
momn_1440,0.0008973684669706087,1585186,28.89850282056312,-63.097073554992676,-16.264151573181152,2.655627965927124,22.677025318145752,68.91805671691893,0.15532553941982008,0.013170519967102258
slope_1440,0.0008967452944241013,1585412,0.021857667461758327,-0.04942989990115166,-0.012037785723805428,0.002006428549066186,0.01655753795057535,0.05300053939223289,0.14259680019503548,0.013159097139724024
c_dist_d1,0.0008967452944241013,1586507,16.893466738569,-40.218903350830075,-8.728359699249268,1.36837899684906,11.909126281738281,43.317013015747065,0.13885890316807473,0.013159097139724024
dist_lo_1440,0.0008973684669706087,1563624,17.65758184084674,0.822959265112877,11.865187644958496,21.797144889831543,35.737948417663574,76.54051559448241,0.13414930450220042,0.013170519967102258
lower_shadow,1.557931366268418e-05,468358,0.22719072812512706,0.0,0.05351170524954796,0.20031298696994781,0.39830508828163147,0.8628158569335938,0.08224231525915561,6.853696426939596e-05
squeeze,0.00912199973577484,1538627,0.990285132006466,0.30512451827526094,0.6878757476806641,1.0027788877487183,1.5346608757972717,5.347322463989258,0.08135589262859011,0.1639289957050169
bars_since_lo240,0.0,240,82.74119288864223,0.0,48.0,134.0,209.0,239.0,0.07759846412564059,0.0
bars_since_hi240,0.0,240,83.51279526313569,0.0,38.0,120.0,203.0,239.0,0.07143096529399011,0.0
momn_240,0.0008967452944241013,1587108,12.052281966071108,-32.194624481201174,-5.934818983078003,0.4300239086151123,6.916815280914307,33.827710723876926,0.06952886897344787,0.013159097139724024
upper_shadow,1.557931366268418e-05,465766,0.2256068105348482,0.0,0.05178791657090187,0.19592134654521942,0.39176128804683685,0.8607058078050608,0.0656144657410447,6.853696426939596e-05
slope_240,0.0008967452944241013,1587512,0.05483223703413793,-0.1467112359404564,-0.02602417767047882,0.0019732778891921043,0.03023864235728979,0.15787573903799051,0.06362516821584026,0.013159097139724024
er_1440,0.0008973684669706087,1566863,0.022646871548512464,0.00045442975329933687,0.011790524702519178,0.025461973622441292,0.04380297567695379,0.09379139102995396,0.06334491023943269,0.013170519967102258
range_ratio,0.0008967452944241013,256293,0.1999501790476777,0.10537604987621307,0.24873030185699463,0.3557870090007782,0.513823926448822,1.0,0.04298046588995091,0.013159097139724024
er_240,0.0001495614111617681,1560931,0.04969362046670089,0.0010513831628486514,0.02636274043470621,0.055458229035139084,0.09395401552319527,0.21616242229938495,0.042857780881703174,0.0
momn_60,0.0008967452944241013,1587349,6.110167087204702,-16.893477325439452,-2.846895217895508,0.13345909118652344,3.1338040828704834,16.902333030700653,0.034801423164728014,0.013159097139724024
dow_cos,0.0,4,0.7747677635151344,-0.9009688496589661,-0.9009688496589661,-0.22252093255519867,0.6234897971153259,1.0,0.03289045379758375,0.0
up_bars_15,8.72441565110314e-06,16,0.1255110337225544,0.20000000298023224,0.4000000059604645,0.5333333611488342,0.6000000238418579,0.800000011920929,0.03218241169412244,0.0
c_dist_s1h,0.0008967452944241013,1587701,3.506010725268606,-9.790184497833252,-1.5860732197761536,0.0748528316617012,1.731150209903717,9.52592269897461,0.029862415316031985,0.013159097139724024
dow_sin,0.0,6,0.5221210489657339,-0.7818315029144287,0.0,0.4338837265968323,0.7818315029144287,0.9749279022216797,0.023716437115980427,0.0
momn_12,0.0008967452944241013,1586922,2.7588620531750583,-7.534439191818238,-1.2797300219535828,0.028125297278165817,1.3541256785392761,7.274013605117792,0.01546082439286005,0.013159097139724024
er_24,1.495614111617681e-05,1390036,0.14800714790591987,0.0032027591951191425,0.08115218207240105,0.17154420912265778,0.2896004915237427,0.6243965923786161,0.014027161887959032,0.0
run_len,0.0,20,0.23812442525280125,-0.6000000238418579,-0.10000000149011612,0.10000000149011612,0.10000000149011612,0.6000000238418579,0.013503155573608691,0.0
hour_sin,0.0,722,0.7123821696401887,-0.9995335936546326,-0.7253744006156921,0.07845909893512726,0.7343224883079529,0.9995335936546326,0.012685299217215378,0.0
vol_ratio_12_1440,0.0008967452944241013,1540764,0.6389055831686075,0.246951684653759,0.6263557374477386,0.8473727107048035,1.170848548412323,3.3821748638153037,0.010303114612728804,0.013159097139724024
body,1.557931366268418e-05,695831,0.5735807872702374,-0.9967105388641357,-0.5010814368724823,0.004285102244466543,0.5070028305053711,0.9962576490640638,0.009896325597558153,6.853696426939596e-05
session_ny,0.0,2,0.47549215137294826,0.0,0.0,0.0,1.0,1.0,0.009558687515784942,0.0
atr_ratio,0.0008967452944241013,1531981,0.5078791463305938,0.31263156652450563,0.686405599117279,0.8874801397323608,1.1656187176704407,2.8337627410888633,0.00939073895286291,0.013159097139724024
ret_3,0.0008967452944241013,1586023,1.393929356609747,-3.7455592250823972,-0.6442465782165527,0.008627654984593391,0.6656724810600281,3.629642448425293,0.007647738670198057,0.013159097139724024
vol_z_1440,0.0008967452944241013,1579851,1.0307060230534708,-1.2431156182289123,-0.6059979796409607,-0.2594406306743622,0.2841047942638397,3.778336720466613,0.00752025694756028,0.013159097139724024
tr_over_atr,0.0008967452944241013,1550792,0.7769554387912754,0.15717143744230272,0.5539883673191071,0.8237266540527344,1.2277103066444397,3.6952800178527805,0.006241081179223788,0.013159097139724024
hour_cos,0.0,722,0.6999961170156074,-0.9995335936546326,-0.7343224883079529,-0.07410848885774612,0.6293203830718994,0.9995335936546326,0.005438849757176563,0.0
mom_acc,0.0008967452944241013,1587375,2.479095336236363,-6.688072547912598,-1.243521809577942,-0.018353989347815514,1.2191990613937378,6.71925199508667,0.004296502776250595,0.013159097139724024
session_london,0.0,2,0.4401942772079391,0.0,0.0,0.0,1.0,1.0,0.001337997907745363,0.0
