feature,score,lgb_dir_gain,lgb_eat_gain,mi_norm,ic_mean,ic_abs_norm
range_ratio,0.38583786987728647,0.11665465159528575,0.08130335400234584,0.9999999999977859,0.12883128296606658,0.7805507057292103
squeeze,0.2557781121855359,0.16042700916962224,0.13129939640903027,0.03663039389154327,0.16505177949320868,0.9999999999939413
slope_1440,0.15514434862254287,0.1537969384337931,0.15821768509574138,0.07586102127490411,-0.043045487645457584,0.2607999003547124
session_ny,0.15243049703596515,0.011594598004379878,0.01948693350996129,0.007663427652175717,0.1560100842354281,0.9452190380104454
hour_sin,0.1374216297972673,0.03213919871139499,0.014882054653422886,0.003586240367717583,-0.13123303450043675,0.7951022091527431
atr_ratio,0.11075819319553765,0.002465136330434379,0.0014425436312755033,0.018759096071306762,0.11620586501366083,0.7040570260421715
dist_hi_1440,0.1072880949538752,0.04570734664928119,0.08263294700404122,0.02370489467453187,-0.07202003657444145,0.4363481375065604
vol_ratio_12_1440,0.09555660485295626,0.0017095238481006916,0.0026234543677489627,0.019389395403764508,0.09945442459434939,0.6025649944467217
c_dist_d1,0.0949520500964833,0.06436875387618109,0.06369041970434033,0.04232215628712837,-0.049277414365510926,0.2985573043593872
er_1440,0.09353316690258842,0.04615235568008666,0.08298100269313637,0.016376184594939565,0.058200744871548006,0.3526211292595615
dist_lo_1440,0.09155999978554569,0.07730900322649643,0.0600805869158469,0.032477720381342244,-0.042098422538423774,0.25506191249456306
momn_1440,0.0844617601307932,0.06160728521847685,0.06119102856576195,0.03926029076028601,-0.04032569055024531,0.24432145278179357
vol_z_1440,0.07892207158677574,0.0,0.0,0.012417268463572398,0.08410886603661782,0.5095907859604084
dow_sin,0.07716820776837915,0.0633554787470464,0.11629940132235406,0.018750896646975972,0.023820473891861347,0.14432121825561509
dow_cos,0.07342052950564673,0.06314441086897522,0.05145270881940314,0.01721865547833808,-0.034409193668130535,0.20847514503373094
pos_in_range,0.06947121093534507,0.020979937188799567,0.012330047563139006,0.009127788095246772,-0.06133178007722947,0.37159114712472074
tr_over_atr,0.06563824525072555,0.0,0.0,0.0060373976672516315,0.07089608357207154,0.4295384381151682
hour_cos,0.06550263270744044,0.027449208353058124,0.03946694565563078,0.003952973305773598,-0.04892850535955322,0.29644336770855606
spread_rel,0.061288874070710694,0.0,0.0,0.031003993424372638,-0.060615899142289174,0.3672538359055745
session_london,0.059833085405626124,0.006514741736007999,0.0033325622172809054,0.00512727588913809,-0.0607494905311673,0.3680632266875915
bars_since_hi240,0.04291567674590641,0.0,0.0,0.0,0.047222058767400564,0.2861045116393761
momn_240,0.03874969469091009,0.02248425413965303,0.0,0.005273515909629915,-0.030344304374796804,0.18384718097426828
slope_240,0.036014179368951044,0.014123976598564231,0.011065982356200564,0.018361197318432203,-0.026158455704685227,0.1584863597644706
bars_since_lo240,0.013604427309724146,0.0,0.0,0.0,-0.014969566243130537,0.09069618206482764
er_240,0.011929676937320964,0.008016191624362167,0.006220945513338595,0.005882110084929527,0.006493994819787673,0.03934519724469577
momn_60,0.010271323644779989,0.0,0.0,0.004079433390435838,-0.01040424464831982,0.0630362464446188
c_dist_s1h,0.007536475913723677,0.0,0.0,0.005325292267765847,-0.007120793117673565,0.043142783067803385
er_24,0.0037777891283229887,0.0,0.0,0.0,-0.004156872121223899,0.025185260855486592
momn_12,0.003536043200674603,0.0,0.0,0.001612194351069291,-0.003536074088885607,0.0214240288697383
up_bars_15,0.002565759343895436,0.0,0.0,0.006447313092827432,0.0014043669711889296,0.008508644835532996
lower_shadow,0.0024874307818178805,0.0,0.0,0.0,0.0027370325127180793,0.01658287187878587
upper_shadow,0.0023480268370288182,0.0,0.0,0.004761760827253485,0.0015357239209264277,0.009304497810520807
ret_3,0.0021555502874660137,0.0,0.0,0.0,-0.0023718494049034576,0.014370335249773426
mom_acc,0.0015008795274094717,0.0,0.0,0.0015774870938616646,0.0013043295094077143,0.007902547390914259
run_len,0.0010945052894215602,0.0,0.0,0.0,-0.001204333637899016,0.007296701929477068
body,0.0010300235277580104,0.0,0.0,0.0,-0.0011333814411824139,0.0068668235183867365
