time,atr_ratio,tr_over_atr,squeeze,range_ratio,momn_12,momn_48,momn_96,momn_288,mom_acc,er_24,er_96,er_288,slope_96,slope_288,dist_hi_288,dist_lo_288,pos_in_range,bars_since_hi96,bars_since_lo96,run_len,c_dist_s4h,c_dist_d1,vol_z_288,vol_ratio_24_288,body,upper_shadow,lower_shadow,hour_sin,hour_cos,dow_sin,dow_cos,session_london,session_ny,spread_rel
2026.07.17 11:00,0.6999146342,0.694878161,0.6433777809,0.4537835419,-0.7692784667,-1.780714512,0.7327917218,-7.886837006,-0.3240998387,0.03939813748,0.01748974621,0.05410999432,0.01689619385,-0.01505453978,-10.40197372,4.750202656,0.3134996891,92,68,0.1000000015,-0.1726493984,-0.2130507678,-0.535354495,0.6663409472,0.4400117397,0.5168671012,0.04312115163,0.2588190436,-0.9659258127,-0.4338837266,-0.9009688497,1,0,1
2026.07.17 11:05,0.6872035265,0.544164896,0.6433107257,0.4537835419,-1.06754148,-0.7732440829,0.2268372923,-8.411729813,-0.874230504,0.1203184798,0.00542268157,0.05775169656,0.01623018086,-0.01450475864,-10.62283325,4.527166843,0.2988229096,93,69,-0.1000000015,-0.397341013,-0.4061662853,-0.7993537188,0.654219985,-0.4307115972,0.1434456855,0.4258427024,0.237685889,-0.9713420868,-0.4338837266,-0.9009688497,1,0,1
2026.07.17 11:10,0.6782909632,0.4556271434,0.6421152949,0.4537835419,-1.124179363,-0.9175767899,0.6726313233,-8.135616302,-0.8947852254,0.1560218781,0.01615573838,0.05584065989,0.01542397123,-0.01396741532,-10.52082634,4.639891624,0.3060469627,94,70,0.1000000015,-0.295106858,-0.2686831355,-0.5144494772,0.6469777822,0.2184422612,0.6047448516,0.1768128872,0.2164396197,-0.9762960076,-0.4338837266,-0.9009688497,1,0,1
2026.07.17 11:15,0.6851074696,0.7675036788,0.6354085803,0.4537835419,-0.2911993265,-0.7752418518,-1.896868348,-8.040155411,-0.09738886356,0.07965443283,0.04863594845,0.05523944274,0.01660644077,-0.0133629879,-10.24186707,4.895406723,0.3234008253,95,71,0.200000003,-0.01220118348,0.02233984694,-0.6321942806,0.6244766116,0.3295303881,0.1212523207,0.5492172837,0.1950903237,-0.9807852507,-0.4338837266,-0.9009688497,1,0,1
2026.07.17 11:20,0.6593003869,0.75097543,0.626963377,0.4305643439,-0.3747752309,-0.7853790522,-1.980547667,-8.33747673,-0.1784304678,0.2612963021,0.0509075895,0.05741860345,0.01799168997,-0.01273883134,-10.15923786,4.973252773,0.3286473453,58,72,0.3000000119,0.08782628179,0.1306752712,-0.6320053935,0.6096500754,0.1040932536,0.7096773982,0.1862293333,0.1736481786,-0.9848077297,-0.4338837266,-0.9009688497,1,0,1
2026.07.17 11:25,0.6470184326,0.5918059349,0.6223127246,0.4305643439,-0.128662318,-0.1606243104,-1.090372324,-7.666400909,-0.08850623667,0.1156938821,0.02806421928,0.05273491144,0.01936891861,-0.01210339833,-9.74128437,5.391806126,0.3562924564,59,73,0.400000006,0.5175439119,0.5756559968,-0.5895237327,0.6015434265,0.7151702642,0.07911936939,0.2057103515,0.1521233916,-0.9883615375,-0.4338837266,-0.9009688497,1,0,1
2026.07.17 11:30,0.6481323838,1.012179732,0.6200912595,0.4305643439,-0.7667043209,-0.6606296897,-1.016040802,-8.238871574,-0.6015469432,0.08633609116,0.02624782175,0.05662047863,0.02003278024,-0.01147144474,-10.21649265,4.88898468,0.32365641,60,74,-0.1000000015,0.03420035541,0.1102298349,-0.553663969,0.5966405272,-0.4966874123,0.1987552643,0.3045573235,0.130526185,-0.9914448857,-0.4338837266,-0.9009688497,1,0,1
2026.07.17 11:35,0.6456471682,0.5326119661,0.6170757413,0.4305643439,-0.5198097229,-0.6941634417,-1.147930145,-7.874772072,-0.3462688923,0.1414877921,0.02975616604,0.05423258245,0.02086944319,-0.01087985374,-10.18831158,4.917262077,0.3255263269,61,75,0.1000000015,0.07440429181,0.1658196151,-0.6113012433,0.5926492214,0.1674933285,0.2850057185,0.547500968,0.1088668779,-0.994056344,-0.4338837266,-0.9009688497,1,0,1
2026.07.17 11:40,0.6407603621,0.6320134401,0.6152721643,0.4305643439,-0.8941669464,-1.371326923,-1.169529796,-8.404356956,-0.5513352156,0.1372940242,0.03029760532,0.05785690621,0.02135971934,-0.01028823946,-10.4784174,4.627923489,0.3063563704,62,76,-0.1000000015,-0.2029974908,-0.0945783332,-0.6932659149,0.5899588466,-0.5327974558,0.4540192783,0.01318327989,0.08715574443,-0.9961947203,-0.4338837266,-0.9009688497,1,0,1
2026.07.17 11:45,0.6626366973,0.9964787364,0.6149152517,0.4305643439,-0.4031772017,-0.5504880548,-0.2662146389,-7.570072651,-0.2655551732,0.04919217154,0.00692779664,0.05220633,0.02175017633,-0.009679689072,-10.06908131,5.014047146,0.3324275315,63,77,0.1000000015,0.1933222264,0.325086683,-0.4192484915,0.5953733325,0.3437181711,0.5237222314,0.1325595528,0.06540312618,-0.9978589416,-0.4338837266,-0.9009688497,1,0,1
2026.07.17 11:50,0.6773523688,1.186890721,0.6176825762,0.4305643439,1.089956284,0.7329784036,1.05069685,-6.621899128,0.9067116976,0.02919996344,0.02697030827,0.04549701512,0.02252111584,-0.008985405788,-9.067926407,5.975129604,0.3972018659,64,78,0.200000003,1.156267762,1.32161963,-0.4700694382,0.5977861285,0.8298380375,0.05950554088,0.1106564328,0.04361938685,-0.999048233,-0.4338837266,-0.9009688497,1,0,1
2026.07.17 11:55,0.7028668523,1.055714965,0.6175780892,0.4305643439,0.6412296295,0.2479636669,0.5547353625,-7.182458878,0.5792387128,0.1048792973,0.0140801724,0.04922364652,0.02243081853,-0.008393786848,-9.975334167,5.046980381,0.3359655738,65,79,-0.1000000015,0.2289841026,0.4248255491,-0.3646709621,0.6109586358,-0.8803598881,0,0.1196401194,0.02181488462,-0.9997619987,-0.4338837266,-0.9009688497,1,0,1
2026.07.17 12:00,0.7217516899,1.158795118,0.6172868609,0.4305643439,-0.4298853576,-1.761279821,0.1171498075,-7.733903885,0.01043459959,0.150794059,0.002947458066,0.05291606858,0.02160250209,-0.007863088511,-10.71951008,4.269011497,0.2848187387,66,80,-0.200000003,-0.5393667221,-0.3158916831,-0.107174471,0.6187641621,-0.6713067889,0.2763180733,0.05237515271,1.224646853e-16,-1,-0.4338837266,-0.9009688497,1,0,1
2026.07.17 12:05,0.7313773036,0.7419592142,0.6153349876,0.4305643439,-0.05518371984,-1.338708639,0.6537458301,-7.769021511,0.2794934511,0.1393326521,0.01656223834,0.05323428288,0.02064689808,-0.007313296665,-10.55257702,4.418524265,0.295136869,67,81,0.1000000015,-0.3910755813,-0.1340746433,-0.3176299632,0.6235109568,0.1582518965,0.236970678,0.6047773957,-0.02181488462,-0.9997619987,-0.4338837266,-0.9009688497,1,0,1
2026.07.17 12:10,0.7433943152,0.8944380879,0.6146367192,0.4305643439,-0.3620823622,-0.6066238284,0.2350818366,-7.623856544,-0.21042642,0.1839846969,0.005962651689,0.05232404917,0.01971084625,-0.006803251803,-10.74452782,4.216780186,0.2818456888,68,82,-0.1000000015,-0.5921220183,-0.3063686788,-0.4974654317,0.627810061,-0.2281728238,0.6566156745,0.1152115241,-0.04361938685,-0.999048233,-0.4338837266,-0.9009688497,1,0,1
2026.07.17 12:15,0.7410698533,0.6899381876,0.613185823,0.4305643439,-0.2953716218,0.2760557532,0.6044253111,-6.992540836,-0.3643855453,0.07514391094,0.01522616204,0.04799826443,0.01896102913,-0.00629069563,-10.41506863,4.541640282,0.3036523759,69,83,0.1000000015,-0.2720798254,0.04416140541,-0.4327142239,0.6337506175,0.4806065857,0.198600173,0.3207932413,-0.06540312618,-0.9978589416,-0.4338837266,-0.9009688497,1,0,1
2026.07.17 12:20,0.7622565627,1.548588634,0.6143518686,0.4305643439,-1.545380831,-1.350905061,-0.2055027634,-7.874264717,-1.207654595,0.2189384401,0.00509137148,0.05390704423,0.01714833826,-0.005860028323,-11.55085945,3.352602243,0.2249545902,70,84,-0.1000000015,-1.441840053,-1.101524115,0.07031212002,0.6474048495,-0.7369238734,0.05489383638,0.2081822902,-0.08715574443,-0.9961947203,-0.4338837266,-0.9009688497,1,0,1
2026.07.17 12:25,0.7773352265,0.7165898085,0.6134438515,0.4305643439,-1.663605332,-1.052083254,0.1743762195,-7.493958473,-1.400584579,0.2014191747,0.004288706928,0.05113074929,0.01557447482,-0.005444455892,-11.2763958,3.657078981,0.2448913753,71,85,0.1000000015,-1.148834705,-0.7799963951,-0.5254001617,0.6535891891,0.4418278635,0.1805438697,0.3776282668,-0.1088668779,-0.994056344,-0.4338837266,-0.9009688497,1,0,1
2026.07.17 12:30,0.8145057559,1.399365783,0.61856848,0.4305643439,-2.284338474,-1.941276073,-0.6286801696,-9.636683464,-1.799019575,0.3087617755,0.01516546309,0.06573031098,0.01304609049,-0.005017076619,-12.38258934,2.548062801,0.170659855,72,86,-0.1000000015,-2.250393867,-1.854713202,-0.5439439416,0.6587914228,-0.8202956915,0.1291804165,0.0505238995,-0.130526185,-0.9914448857,-0.4338837266,-0.9009688497,1,0,1
2026.07.17 12:35,0.8374112248,1.144679546,0.6304028034,0.4305643439,-3.096931696,-2.290963411,-1.162326932,-10.61335278,-2.524190664,0.3467799425,0.02772462927,0.07221787423,0.009837736376,-0.004620705266,-13.15138054,1.755723357,0.1177776307,73,87,-0.200000003,-3.023057938,-2.603256941,-0.08554495126,0.6758449078,-0.6977925897,0.2382620871,0.06394533813,-0.1521233916,-0.9883615375,-0.4338837266,-0.9009688497,1,0,1
2026.07.17 12:40,0.9174126387,2.62534976,0.6632862687,0.5366316438,-4.386422634,-4.677108765,-2.391723633,-12.97132969,-3.217145681,0.4437605143,0.05569389835,0.08825517446,0.005374099594,-0.004260083195,-14.67354774,0.157014221,0.05731863528,74,0,-0.3000000119,-4.57231617,-4.134545326,2.048800468,0.7437897325,-0.6012614965,0.05889505148,0.339843452,-0.1736481786,-0.9848077297,-0.4338837266,-0.9009688497,1,0,1
2026.07.17 12:45,0.9705542326,1.601374388,0.7038170695,0.5374320149,-5.314325333,-6.241510868,-2.937724113,-13.04214001,-3.753947735,0.4628227949,0.06729674339,0.08830592036,0.0006749902386,-0.004009947646,-15.26257324,0.3782916069,0.02587166615,75,0,-0.400000006,-5.081998825,-4.627431393,1.440150261,0.8037195206,-0.3158487678,0.4310215414,0.2531296909,-0.1950903237,-0.9807852507,-0.4338837266,-0.9009688497,1,0,1
2026.07.17 12:50,0.993008852,1.465116382,0.7353022099,0.5453722477,-5.982876778,-5.29061985,-2.484607458,-14.18101692,-4.660222054,0.4024863243,0.05655215308,0.09648276865,-0.003915980924,-0.003617097624,-14.98965454,0.7197944522,0.06219818816,76,0,0.1000000015,-4.756220341,-4.277090073,0.7523147464,0.8452455997,0.2068870962,0.3214432597,0.4716696441,-0.2164396197,-0.9762960076,-0.4338837266,-0.9009688497,1,0,1
2026.07.17 12:55,1.033602834,1.737172365,0.7745009661,0.5453722477,-5.561877728,-5.646461487,-3.080088615,-14.47603512,-4.150262356,0.4044233859,0.06964644045,0.09854400158,-0.008716605604,-0.003246641019,-15.45556259,0.4830489457,0.03030684032,77,1,-0.1000000015,-5.218987465,-4.723032475,0.7173713446,0.8820723295,-0.3072574139,0.4487135112,0.2440290749,-0.237685889,-0.9713420868,-0.4338837266,-0.9009688497,1,0,1
2026.07.17 13:00,1.135749698,3.286574364,0.7905681133,0.5700763464,-3.223237038,-3.964962006,-1.724849105,-13.5559988,-2.231996536,0.2732399404,0.0380910486,0.09234081954,-0.01226678863,-0.00269747572,-13.81193829,2.026398897,0.174848482,78,0,0.1000000015,-3.621797085,-3.099860191,4.35214138,1.001446962,0.4671837986,0.1100539342,0.4227622449,-0.2588190436,-0.9659258127,-0.4338837266,-0.9009688497,0,1,1
2026.07.17 13:05,1.165945292,1.155765772,0.8115939498,0.6478977799,-4.305782318,-5.309205532,-1.759139061,-12.77520084,-2.978481054,0.3092662096,0.0386787951,0.08718764782,-0.01708407141,-0.002363138134,-14.77225018,2.018841505,0.1366459578,79,1,-0.1000000015,-4.53417778,-3.984240055,1.256805182,1.054557562,-0.805742979,0.06469468772,0.129562363,-0.2798290253,-0.9600498676,-0.4338837266,-0.9009688497,0,1,1
2026.07.17 13:10,1.193785191,1.109015942,0.8330152631,0.657200098,-4.010734558,-5.562876701,-1.955075502,-12.33595276,-2.620015144,0.3101021647,0.0431634672,0.08431327343,-0.02157905884,-0.002030484146,-12.65969849,2.117648602,0.1453612,80,2,0.1000000015,-4.416379452,-3.84385848,0.7367923856,1.087093949,0.09213847667,0.2841687799,0.6236927509,-0.3007057905,-0.9537169337,-0.4338837266,-0.9009688497,0,1,1
2026.07.17 13:15,1.216623425,1.018667102,0.8450132012,0.6800897717,-4.233235359,-5.138784885,-1.037048817,-11.72850895,-2.948539257,0.3207649589,0.02299046144,0.07959385216,-0.0267356243,-0.001740412554,-12.43125343,2.284779549,0.1606653333,81,3,0.200000003,-4.304759026,-3.696506262,0.3455874026,1.11470747,0.1503073573,0.3313503861,0.5183422565,-0.3214394748,-0.9469301105,-0.4338837266,-0.9009688497,0,1,1
2026.07.17 13:20,1.255520463,1.661799312,0.8652085066,0.6800897717,-3.266197443,-6.535224915,-1.895849824,-10.40857887,-1.632391334,0.3381982148,0.042410817,0.07123550773,-0.03139046952,-0.001551797846,-12.1558733,2.073307753,0.1457081586,82,4,-0.1000000015,-4.500394821,-3.875388384,0.8631401062,1.155640841,-0.134882018,0.5439065695,0.3212113976,-0.342020154,-0.9396926165,-0.4338837266,-0.9009688497,0,1,1
2026.07.17 13:25,1.287825823,1.305958509,0.8889731169,0.6800897717,-3.818647861,-6.238589764,-2.26684761,-11.48247147,-2.25900054,0.3891645372,0.05047207698,0.07873615623,-0.03615181893,-0.001318634371,-12.42533779,1.831258059,0.128449887,83,5,-0.200000003,-4.731496811,-4.089029312,1.287772536,1.20355916,-0.1972398758,0.5996278524,0.2031322718,-0.3624380529,-0.9320078492,-0.4338837266,-0.9009688497,0,1,1
2026.07.17 13:30,1.320011139,1.745450854,0.9224875569,0.7530038953,-3.206244707,-6.049368858,-3.385270357,-11.51259613,-1.693902373,0.3895934522,0.07547246665,0.078839764,-0.04079008475,-0.001149404678,-12.9419632,1.33164382,0.1032964289,84,6,-0.3000000119,-5.203678608,-4.555733681,3.525035381,1.303321838,-0.2944592834,0.4466256201,0.2589150965,-0.3826834261,-0.9238795042,-0.4338837266,-0.9009688497,0,1,1
2026.07.17 13:35,1.590763688,7.681797028,0.9208073616,0.8290448785,3.211153507,-0.6747055054,1.643986702,-4.212790489,3.379829884,0.00751248654,0.03363767639,0.02864902839,-0.04039853439,-0.0006589896511,-5.74780035,6.873698711,0.5995982885,85,7,0.1000000015,0.4581179619,1.124245882,6.043736935,1.474296093,0.7263495326,0.2541667819,0.01948370785,-0.4027466774,-0.9153114557,-0.4338837266,-0.9009688497,0,1,1
2026.07.17 13:40,1.667770505,2.384374142,0.9218574762,0.8290448785,3.019756317,-2.14784646,-0.3145081997,-3.550302267,3.556717873,0.06466876715,0.006217579823,0.02420204505,-0.0420034118,-0.0004977111239,-6.383462429,5.105138779,0.444365561,86,8,-0.1000000015,-1.321023107,-0.6444051862,3.593719006,1.590759754,-0.752461195,0.0173535794,0.2301852107,-0.4226182699,-0.9063078165,-0.4338837266,-0.9009688497,0,1,1
2026.07.17 13:45,1.70770824,1.929705262,0.9212639332,0.8290448785,4.483744621,-1.088505745,0.3706609905,-1.970093966,4.755870819,0.03676082939,0.007228691131,0.01339893416,-0.04273785651,-0.0003106869408,-5.435167313,6.055124283,0.5269774199,87,9,0.1000000015,-0.37584427,0.3115749359,2.936481714,1.684110045,0.4839674234,0.09052479267,0.4255077839,-0.4422886968,-0.8968727589,-0.4338837266,-0.9009688497,0,1,1
2026.07.17 13:50,1.712055445,1.225019097,0.921451807,0.8290448785,4.042363644,-1.695107698,-0.1507869065,-1.428392172,4.466140747,0.09111549705,0.002951623872,0.009739461355,-0.04335542023,-0.0001819132012,-5.577521801,5.926104546,0.5151509643,88,10,-0.1000000015,-0.5107566118,0.1808493882,2.077949524,1.75539875,-0.08991870284,0.7577235699,0.1523577273,-0.4617486,-0.8870108128,-0.4338837266,-0.9009688497,0,1,1
2026.07.17 13:55,1.745019078,1.908744931,0.9207462668,0.8290448785,6.158242226,-0.1332006156,2.399400234,0.9695811868,6.191542149,0.03000771813,0.04643083736,0.00658585038,-0.04340547323,8.472121408e-06,-3.947310686,7.534184456,0.6562023759,89,11,0.1000000015,1.084713101,1.79661572,1.069858551,1.801483631,0.8800125122,0.0304134991,0.08957400173,-0.4809887707,-0.8767267466,-0.4338837266,-0.9009688497,0,1,1
2026.07.17 14:00,1.794216394,1.988377213,0.9210754633,0.8290448785,4.044503689,-0.3830432296,0.4746448696,3.184811115,4.140264511,0.03741652519,0.009239100851,0.02178022452,-0.04344235361,-4.856075611e-05,-4.587899685,6.987983227,0.6036673784,90,12,-0.1000000015,0.4805474579,1.192188382,1.17827177,1.85899353,-0.3193548322,0.2748991847,0.4057459533,-0.5,-0.8660253882,-0.4338837266,-0.9009688497,0,1,1
2026.07.17 14:05,1.829265952,1.408168793,0.9216326475,0.8290448785,5.403648853,-0.04004939273,1.52771318,2.456698179,5.41366148,0.04915393889,0.0297395885,0.01681791805,-0.04344866052,6.801158179e-06,-4.186872005,7.435904026,0.639770031,91,13,0.1000000015,0.8861933947,1.608100533,2.676942587,1.940715671,0.2895526588,0.6495640874,0.06088323519,-0.5187732577,-0.8549118638,-0.4338837266,-0.9009688497,0,1,1
2026.07.17 14:10,1.854892731,1.360340476,0.9187843204,0.8290448785,4.999089718,-0.5278993845,-0.9697676897,0.5040691495,5.131064892,0.04320868477,0.01951524802,0.003469895571,-0.04222505912,0.0001568317093,-4.525313377,7.137748718,0.6119961143,92,14,-0.1000000015,0.5754377246,1.2879951,1.595355749,1.996750474,-0.2541567683,0.6227731705,0.1230700687,-0.537299633,-0.8433914185,-0.4338837266,-0.9009688497,0,1,1
2026.07.17 14:15,1.881997466,1.414182186,0.9144787192,0.8290448785,5.35973835,0.5500269532,-0.97222507,0.4268354177,5.222231865,0.05131619796,0.01959812082,0.002944567939,-0.04009920359,0.0003860187717,-4.003825188,7.640293598,0.6561504602,93,15,0.1000000015,1.098768592,1.798559189,2.123964787,2.058084726,0.3916452825,0.4709153175,0.1374394,-0.5555702448,-0.8314695954,-0.4338837266,-0.9009688497,0,1,1
2026.07.17 14:20,1.890140057,1.760267019,0.9134566188,0.8290448785,6.644544125,1.461916685,-0.1612704545,0.7353932858,6.279065132,0.1539836377,0.003199155442,0.005063277204,-0.03715772182,0.0007480418426,-2.929679394,8.712434769,0.748355031,94,16,0.200000003,2.17371583,2.869152546,1.955870867,2.104583979,0.5972285867,0.2301878184,0.1725835949,-0.5735764503,-0.8191520572,-0.4338837266,-0.9009688497,0,1,1
2026.07.17 14:25,1.915143251,1.258998513,0.9081276059,0.8290448785,6.095757008,0.4901151955,-1.006068349,-1.366186023,5.973228455,0.1016173139,0.01963457093,0.009425895289,-0.0347570926,0.001147706644,-3.736623764,7.921174049,0.6794742942,95,17,-0.1000000015,1.384126306,2.074763775,1.563278913,2.156732798,-0.6456629634,0.2364919037,0.117845118,-0.5913096666,-0.8064445853,-0.4338837266,-0.9009688497,0,1,1
2026.07.17 14:30,1.924606085,1.374728322,0.8987707496,0.7903276086,5.824170113,-0.4616943002,-2.056915283,0.2623170912,5.939593792,0.1169395149,0.03947168589,0.00181981572,-0.03284691274,0.001320129842,-4.567809582,7.157682896,0.6104377508,95,18,-0.200000003,0.6041020751,1.276412964,1.00658071,2.206455231,-0.597252965,0.03692216799,0.3658248484,-0.6087614298,-0.7933533192,-0.4338837266,-0.9009688497,0,1,1
2026.07.17 14:35,1.934737563,1.189666271,0.8966390491,0.7831590176,0.6674533486,0.2953766584,-0.5375121236,2.785475492,0.5936091542,0.1787772626,0.01035522111,0.01942691021,-0.03115494177,0.001387788681,-4.04959774,7.731198788,0.6562543511,3,19,0.1000000015,1.152306437,1.812517405,0.9163754582,2.245423794,0.4622770846,0.4403292239,0.09739369154,-0.6259234548,-0.7798844576,-0.4338837266,-0.9009688497,0,1,1
2026.07.17 14:40,1.857394814,0.7541962862,0.8975008726,0.7831590176,2.596470356,0.3067051172,0.2785070539,2.310403109,2.519794226,0.2753156722,0.005421574228,0.01614033617,-0.02976262011,0.001498987898,-3.960398912,7.840290546,0.6643925905,4,20,0.200000003,1.247388005,1.903592706,0.744174242,2.222429276,0.1425088048,0.2795990109,0.5778921843,-0.6427876353,-0.7660444379,-0.4338837266,-0.9009688497,0,1,1
2026.07.17 14:45,1.84162426,1.214842081,0.896220088,0.7831590176,1.229771972,0.01083950046,-0.4290806055,0.8313692212,1.227062106,0.2837055027,0.008332406171,0.005830908194,-0.02839357965,0.001658752561,-4.357274532,7.454099178,0.6310950518,5,21,-0.1000000015,0.8596972227,1.509139776,0.9549593329,2.214944363,-0.2858585715,0.5171717405,0.1969697028,-0.6593458056,-0.7518398166,-0.4338837266,-0.9009688497,0,1,1
2026.07.17 14:50,1.828346968,1.180058002,0.8946278095,0.7831590176,1.021381021,0.1860774159,-0.6709011197,-0.01656293496,0.9748616815,0.2509551346,0.01296986639,0.0001163119596,-0.0272805281,0.001827621134,-4.704282761,7.104885578,0.6016414762,6,22,-0.200000003,0.5187035799,1.161093831,0.577547729,2.21751833,-0.2637324631,0.5610812902,0.1751862764,-0.6755902171,-0.737277329,-0.4338837266,-0.9009688497,0,1,1
2026.07.17 14:55,1.826628804,1.810522318,0.8964470625,0.7831590176,0.7733140588,2.079518795,0.3720642924,2.234630823,0.25343436,0.3305443227,0.007063838188,0.01565813832,-0.02495510131,0.002034548437,-3.278982401,8.507883072,0.7218105197,7,23,0.1000000015,1.930264115,2.567557812,0.650179863,2.219618559,0.7584263086,0.0494870916,0.1920865774,-0.6915130615,-0.7223639488,-0.4338837266,-0.9009688497,0,1,1
2026.07.17 15:00,1.813779593,3.28730464,0.9158650041,0.9438287616,3.666812181,4.044898987,2.27197051,3.130631208,2.655587435,0.3519915938,0.0418587625,0.02192033827,-0.02083796635,0.002495385706,-0.9783983231,10.74208736,0.9165223837,0,24,0.200000003,4.177844524,4.824345589,1.986932397,2.152415752,0.7011359334,0.09735769778,0.2015063614,-0.7071067691,-0.7071067691,-0.4338837266,-0.9009688497,0,1,1
2026.07.17 15:05,1.853138328,2.268154383,0.930652082,0.9485039711,2.397982836,3.416994095,2.649752855,3.084334135,1.543734312,0.3577647507,0.0493449159,0.0216677282,-0.01817237772,0.002837449545,-1.809103966,9.86978817,0.8450962901,0,25,-0.1000000015,3.301239252,3.962337732,2.369081259,2.175828218,-0.3725927174,0.159860909,0.4675463736,-0.7223639488,-0.6915130615,-0.4338837266,-0.9009688497,0,1,1
2026.07.17 15:10,1.891592026,2.145833015,0.9409406781,0.9485039711,2.291699648,2.876376629,1.968694806,3.378133535,1.572605491,0.3288830221,0.0366291292,0.02383786067,-0.01568867825,0.003096130211,-2.229156494,9.422417641,0.8086819649,1,26,-0.200000003,2.848726034,3.51705575,1.143617988,2.186953783,-0.193117708,0.5224708319,0.2844114304,-0.737277329,-0.6755902171,-0.4338837266,-0.9009688497,0,1,1
2026.07.17 15:15,1.889350414,0.775180459,0.9501322508,0.9485039711,1.698265195,2.540711641,1.769380808,2.023654461,1.063087225,0.3192830086,0.03280258551,0.01434006728,-0.01330659073,0.003460863838,-2.325136185,9.375914574,0.8012882471,2,27,-0.3000000119,2.755877733,3.43844986,0.7824640274,2.201643705,-0.04260323942,0.6220595837,0.335337162,-0.7518398166,-0.6593458056,-0.4338837266,-0.9009688497,0,1,1
2026.07.17 15:20,1.883596539,1.597642303,0.9634940028,0.9485039711,1.166978717,3.006350994,2.225937605,3.247676134,0.4153910279,0.3483853638,0.04098324105,0.02307193726,-0.01045230869,0.003795617959,-1.772820592,9.909508705,0.8482477069,3,28,0.1000000015,3.276876688,3.970267057,0.9258533716,2.20394659,0.3497087955,0.5426690578,0.1076221839,-0.7660444379,-0.6427876353,-0.4338837266,-0.9009688497,0,1,1
2026.07.17 15:25,1.892494678,1.463131785,0.9866951704,0.9485039711,2.971226931,3.590992212,3.431190014,2.840185165,2.073478937,0.390570879,0.06218957528,0.02021085657,-0.007151744328,0.004313585348,-0.7779470086,10.91900635,0.9334914684,4,29,0.200000003,4.242330074,4.962468147,0.8765935898,2.193391323,0.6928294301,0.02823920175,0.2789313495,-0.7798844576,-0.6259234548,-0.4338837266,-0.9009688497,0,1,1
2026.07.17 15:30,1.880996227,1.396736622,1.004168391,0.9841563702,3.334518671,3.638615608,2.979096174,1.719294548,2.424864769,0.3936644495,0.05347914994,0.0122342566,-0.004176327959,0.004849755205,-1.229574561,10.48637867,0.8950512409,0,30,-0.1000000015,3.767824888,4.514194965,1.617673159,2.138037682,-0.3520697057,0.3953522146,0.2525780797,-0.7933533192,-0.6087614298,-0.4338837266,-0.9009688497,0,1,1
2026.07.17 15:35,1.608097434,1.341523647,1.027619958,0.9890220165,3.450674534,4.262478828,3.570236206,2.935545683,2.385054827,0.226057902,0.0634823367,0.02089758962,-0.0007651851629,0.00537871616,-0.5722753406,11.13099861,0.9511012435,0,31,0.1000000015,4.382525921,5.155085564,0.809681952,1.985863328,0.5196374655,0.3308157027,0.1495468318,-0.8064445853,-0.5913096666,-0.4338837266,-0.9009688497,0,1,1
2026.07.17 15:40,1.545059085,0.8934206367,1.051414847,0.9890220165,3.552188396,4.748755932,3.380439281,2.149197817,2.364999533,0.3695213497,0.06027572602,0.01537640207,0.002974455711,0.00600051973,-0.3779700398,11.33261299,0.9677240849,1,32,0.200000003,4.544712543,5.345505238,0.1966475397,1.886619806,0.2056286931,0.1733999103,0.6209713817,-0.8191520572,-0.5735764503,-0.4338837266,-0.9009688497,0,1,1
2026.07.17 15:45,1.505820394,0.9541456103,1.077498674,1,4.150208473,4.56470108,4.013466358,3.413061857,3.009033203,0.338922441,0.07170731574,0.02451997809,0.006530811079,0.006568758748,-0.1785975248,11.55560589,0.9616835117,0,33,0.3000000119,4.712207317,5.544570923,0.4724729657,1.812772393,0.2329642177,0.4825383425,0.2844974399,-0.8314695954,-0.5555702448,-0.4338837266,-0.9009688497,0,1,1
2026.07.17 15:50,1.497261167,1.029945612,1.112049818,1,5.284696579,4.374880791,5.111107826,5.020857811,4.190976143,0.38170892,0.09050856531,0.03606433049,0.01033465844,0.007123339921,0.3264441788,12.34735489,0.9817373753,0,34,0.400000006,5.447928905,6.316439152,0.4994758368,1.763987184,0.7424511313,0.2230116427,0.03453719988,-0.8433914185,-0.537299633,-0.4338837266,-0.9009688497,0,1,1
2026.07.17 15:55,1.452893257,0.8193575144,1.142102718,1,3.631609201,5.060545921,5.310447216,4.306566238,2.366472721,0.2910608649,0.09416735917,0.03092210554,0.01364422683,0.007704320829,-0.4802498221,12.12172604,0.961766541,0,35,-0.1000000015,5.153306484,6.063901424,-0.08444215357,1.732277632,-0.2930648625,0.2950534523,0.4118816853,-0.8549118638,-0.5187732577,-0.4338837266,-0.9009688497,0,1,1
2026.07.17 16:00,1.44093442,1.784798384,1.16551578,1,0.9551324844,5.441631794,3.665374279,4.873473644,-0.4052754939,0.3112736642,0.06611791253,0.03519267589,0.017411476,0.008158858865,-0.865252018,11.71862316,0.9312412143,1,36,-0.200000003,4.722931385,5.653360367,2.222280741,1.751830101,-0.2206904441,0.0794121027,0.6998974681,-0.8660253882,-0.5,-0.4338837266,-0.9009688497,0,1,1
2026.07.17 16:05,1.423006415,0.9654779434,1.190072298,1,1.933601618,5.42816782,4.075399876,4.610645771,0.5765596628,0.2977735698,0.07362754643,0.03333171457,0.02107980847,0.008669412695,-0.727771759,11.86638355,0.9422135353,2,37,0.1000000015,4.822524548,5.780156612,0.613462925,1.695601583,0.1323777437,0.3134485781,0.554173708,-0.8767267466,-0.4809887707,-0.4338837266,-0.9009688497,0,1,1
2026.07.17 16:10,1.394032598,0.6047266722,1.215119362,1,2.45643425,5.731136322,5.116415977,5.176990509,1.023650289,0.3316516578,0.09367578477,0.0374471657,0.02416969277,0.009163382463,-0.6396029592,11.98174572,0.9493237138,3,38,0.200000003,4.869381905,5.864401817,0.2708921134,1.659163833,0.1318718344,0.8148397803,0.05328836292,-0.8870108128,-0.4617486,-0.4338837266,-0.9009688497,0,1,1
2026.07.17 16:15,1.372027874,0.8486517668,1.244822979,1,3.164567947,6.026367188,6.306663513,4.604865074,1.65797627,0.3360644281,0.1151650846,0.03339298815,0.0272160098,0.009783606976,-0.02390280552,12.61863804,0.9893799424,0,39,0.3000000119,5.428637505,6.475033283,-0.1122055203,1.600038886,0.8155994415,0.1596052051,0.02479537763,-0.8968727589,-0.4422886968,-0.4338837266,-0.9009688497,0,1,1
2026.07.17 16:20,1.352053165,1.18911159,1.27886939,1,3.094478846,7.722561359,6.340903282,3.243553638,1.163838625,0.3066654801,0.1153400019,0.0236700736,0.03085836023,0.01059329882,0.3383400738,13.13969326,0.9939968586,0,40,0.400000006,5.856995583,6.962058544,-0.01261519734,1.54882133,0.4083462656,0.06673564762,0.5249180794,-0.9063078165,-0.4226182699,-0.4338837266,-0.9009688497,0,1,1
2026.07.17 16:25,1.360136151,1.397144198,1.301403522,1,1.117180943,6.463821888,5.387340546,1.536303639,-0.4987745285,0.2923215628,0.09606806189,0.01116535626,0.03376782686,0.01137647871,-1.052431703,12.1987524,0.920578301,1,41,-0.1000000015,4.842233181,6.0007658,0.4322498441,1.520906091,-0.6770634055,0.03413270414,0.2888038754,-0.9153114557,-0.4027466774,-0.4338837266,-0.9009688497,0,1,1
2026.07.17 16:30,1.340585232,0.850881815,1.317916512,1,1.011787057,7.050163269,5.058935165,0.3469454944,-0.7507538199,0.3161074519,0.08946300298,0.002516851295,0.03610100225,0.0121657718,-1.620177865,11.66140747,0.8780131936,2,42,-0.200000003,4.235312939,5.44799614,-0.1867017597,1.492260695,-0.6760290265,0.1384987831,0.1854721606,-0.9238795042,-0.3826834261,-0.4338837266,-0.9009688497,0,1,1
2026.07.17 16:35,1.326123953,0.8196619153,1.32962656,1,-0.08972142637,7.433884144,5.077613831,-0.01340665016,-1.948192477,0.2476678044,0.08971312642,9.689359285e-05,0.03775609657,0.01290656999,-2.056992531,11.23951626,0.8452982903,3,43,-0.3000000119,3.75218606,5.019170284,-0.2146694064,1.464342713,-0.5488173366,0.2443381995,0.2068444937,-0.9320078492,-0.3624380529,-0.4338837266,-0.9009688497,0,1,1
2026.07.17 16:40,1.338380933,1.06079936,1.347502589,1,0.4244022071,9.787853241,4.953421116,1.416323781,-2.022561073,0.2797370553,0.08772506565,0.01023833826,0.04030341655,0.01363059971,-1.344558954,11.94966507,0.8988614082,4,44,0.1000000015,4.412023067,5.725470066,-0.3300299048,1.437782764,0.6459953189,0.08845256269,0.2655521035,-0.9396926165,-0.342020154,-0.4338837266,-0.9009688497,0,1,1
2026.07.17 16:45,1.321343422,0.8270625472,1.369634748,1,0.7973773479,10.89343643,4.47524929,1.892843485,-1.92598176,0.3428837657,0.07995977998,0.01364083402,0.04383852333,0.01439975295,-0.7678983212,12.52158642,0.9422175884,5,45,0.200000003,4.940014839,6.293038368,-0.3995230496,1.40305984,0.6964107752,0.0408773683,0.2627118528,-0.9469301105,-0.3214394748,-0.4338837266,-0.9009688497,0,1,1
2026.07.17 16:50,1.314421773,1.025915265,1.384468913,1,-0.8408094049,9.731250763,4.305669785,1.419419885,-3.273622036,0.2993472219,0.07670387626,0.0101951072,0.04634111747,0.01508446876,-1.607823849,11.68063354,0.8790059686,6,46,-0.1000000015,4.054797173,5.447638512,-0.2857179046,1.381366611,-0.7811934948,0.1442636102,0.07454289496,-0.9537169337,-0.3007057905,-0.4338837266,-0.9009688497,0,1,1
2026.07.17 16:55,1.255913615,0.3765882552,1.39735198,1,-0.7864170671,10.07270336,4.256438255,1.665535927,-3.304592848,0.2085241824,0.07562950999,0.01196456421,0.0486465618,0.0157486368,-1.80820179,11.50163269,0.8641454577,7,47,-0.200000003,3.819190979,5.252827168,-0.6444228292,1.348891258,-0.4972587824,0.2297149152,0.2730263174,-0.9600498676,-0.2798290253,-0.4338837266,-0.9009688497,0,1,1
2026.07.17 17:00,1.157655597,0.8961559534,1.412490129,1,0.007871920243,8.903762817,4.779912949,3.576544762,-2.218068838,0.08169849962,0.08419631422,0.02580875717,0.05118348449,0.01636307128,-1.408659458,11.9458456,0.8945180178,8,48,0.1000000015,4.187829018,5.663649559,-0.2773521543,1.291174531,0.4398982823,0.5212667584,0.03883495182,-0.9659258127,-0.2588190436,-0.4338837266,-0.9009688497,0,1,1
2026.07.17 17:05,1.081734657,0.4752872288,1.427969098,1,-0.04935355857,9.947645187,4.440783501,3.887733221,-2.536264896,0.1707937717,0.07861860096,0.02805402502,0.05388222262,0.0169299487,-1.326532483,12.041646,0.9007694125,9,49,0.200000003,4.229428291,5.739518642,-0.668931663,1.213586926,0.1980802864,0.4633507729,0.3385689259,-0.9713420868,-0.237685889,-0.4338837266,-0.9009688497,0,1,1
2026.07.17 17:10,1.035246253,1.02112174,1.437644839,1,-0.9795281887,9.035575867,3.250120163,4.912614346,-3.238422155,0.1305818707,0.05689778179,0.03560704738,0.05633150414,0.01733378135,-2.168895721,11.23795414,0.8382248282,10,50,-0.1000000015,3.36928153,4.900537968,-0.5811308026,1.170033574,-0.8089613318,0.1802444011,0.01079429779,-0.9762960076,-0.2164396197,-0.4338837266,-0.9009688497,0,1,1
2026.07.17 17:15,1.027635217,0.5474048257,1.446648359,1,-1.679333687,8.842308044,3.53717351,5.398766994,-3.889910698,0.1326590627,0.0620559454,0.03915806115,0.05846965685,0.01769033633,-2.242378712,11.2010498,0.833198905,11,51,-0.200000003,3.27406311,4.827597141,-0.3217574954,1.143685222,-0.1180952415,0.7721904516,0.1097142845,-0.9807852507,-0.1950903237,-0.4338837266,-0.9009688497,0,1,1
2026.07.17 17:20,0.9916531444,0.7183442712,1.45661509,1,-1.835698962,9.419615746,2.657769203,5.82433939,-4.190602779,0.1149134487,0.0472311303,0.04204844683,0.06159457192,0.01806604676,-1.916630268,11.56481934,0.8578320146,12,52,0.1000000015,3.587728262,5.153118134,-0.5371688604,1.109925985,0.4576419294,0.3065502048,0.2358078659,-0.9848077297,-0.1736481786,-0.4338837266,-0.9009688497,0,1,1
2026.07.17 17:25,0.9527365565,0.5579955578,1.466130495,1,-0.9939687848,9.534482002,3.086556673,5.538722992,-3.377589226,0.01352577005,0.05522331595,0.03995168954,0.06409975886,0.01840401813,-2.065588236,11.42718792,0.8469115496,13,53,-0.1000000015,3.411242962,4.990867615,-0.3721510172,1.078442097,-0.250562638,0.4718679786,0.2775693834,-0.9883615375,-0.1521233916,-0.4338837266,-0.9009688497,0,1,1
2026.07.17 17:30,0.9210153818,0.6789945364,1.473769069,1,-0.7202281356,9.752278328,3.507161617,4.85887146,-3.158297777,0.02943885885,0.06322208047,0.03506657109,0.06584555656,0.01873054728,-2.366224766,11.12701225,0.8246362209,14,54,-0.200000003,3.074260712,4.673601151,-0.6343891025,1.020230532,-0.4593094885,0.206843406,0.3338471055,-0.9914448857,-0.130526185,-0.4338837266,-0.9009688497,0,1,1
2026.07.17 17:35,0.8890613914,0.6160716414,1.481030703,1,-0.3393313587,3.819100142,3.10757184,4.43873024,-1.294106364,0.04375771433,0.05629481748,0.03209974617,0.06773463637,0.01907823607,-2.42702508,11.06793785,0.8201532364,15,55,-0.3000000119,2.981785774,4.598289013,-0.6473731995,0.9819226861,-0.03499830142,0.2392116934,0.7257900238,-0.994056344,-0.1088668779,-0.4338837266,-0.9009688497,0,1,1
2026.07.17 17:40,0.8744716644,0.5447903872,1.486561418,1,-1.367321134,5.399692059,3.136474848,3.983320951,-2.717244148,0.09404949844,0.05676769838,0.02873743139,0.06925465912,0.01943689585,-2.734013319,10.77905178,0.7976762652,16,56,-0.400000006,2.649381161,4.286893368,-0.5773438811,0.9607030153,-0.5382839441,0.08772604913,0.3739899993,-0.9961947203,-0.08715574443,-0.4338837266,-0.9009688497,0,1,1
2026.07.17 17:45,0.8582295775,0.584084034,1.493690491,1,-1.534767389,4.821367264,3.673962116,4.355987549,-2.740109205,0.07114869356,0.06609867513,0.03132588416,0.07087190449,0.01981208473,-2.315992832,11.2041378,0.8287004232,17,57,0.1000000015,3.031945944,4.693459988,-0.7246744037,0.928303659,0.6836624742,0.1202872545,0.1960502714,-0.9978589416,-0.06540312618,-0.4338837266,-0.9009688497,0,1,1
2026.07.17 17:50,0.8571833968,1.039105535,1.497988701,1,-1.369815826,4.274487972,2.489868879,3.157999992,-2.4384377,0.2214916348,0.04464188218,0.0226827357,0.07227803767,0.02016048506,-3.00554204,10.51352501,0.7776812315,18,58,-0.1000000015,2.316040039,3.992394447,-0.4838481247,0.9015642405,-0.6633703113,0.09828455746,0.2383451015,-0.999048233,-0.04361938685,-0.4338837266,-0.9009688497,0,1,1
2026.07.17 17:55,0.8422472477,0.4395155907,1.502510428,1,-1.084600925,2.659163952,2.518333912,3.74019146,-1.749391913,0.1904529333,0.04502967373,0.0268795602,0.0739248693,0.02052719332,-2.92547965,10.62488461,0.7841032743,19,59,0.1000000015,2.382189512,4.075670719,-0.6377358437,0.8862422705,0.1932089925,0.3036824465,0.503108561,-0.9997619987,-0.02181488462,-0.4338837266,-0.9009688497,0,1,1
2026.07.17 18:00,0.7953931093,0.7268063426,1.506675124,1,-1.503831387,3.287543058,2.886003256,3.942488194,-2.325717211,0.1573503017,0.05196451023,0.02838487737,0.075090684,0.0208220873,-2.932649851,10.6129694,0.7834982872,20,60,-0.1000000015,2.343098164,4.052359581,-0.5367198586,0.8114065528,-0.07603353262,0.3073142469,0.6166521907,-1,-1.836970147e-16,-0.4338837266,-0.9009688497,0,1,1
2026.07.17 18:05,0.783857882,0.7053143382,1.512517929,1,-1.146714091,3.294831753,3.252983809,5.071996689,-1.970422029,0.1219386756,0.05814342573,0.03655064106,0.07664207369,0.02112163603,-2.491942406,11.06464577,0.8161821961,21,61,0.1000000015,2.754192352,4.481112003,-0.6355609298,0.776981473,0.6714370847,0.1586165726,0.1699463278,-0.9997619987,0.02181488462,-0.4338837266,-0.9009688497,0,1,1
2026.07.17 18:10,0.7851576805,0.6383835077,1.51704073,1,-0.6097583175,3.324729919,2.774537325,5.176947117,-1.440940857,0.159452498,0.04942372814,0.03730046377,0.07807073742,0.02136874944,-2.804846287,10.76390839,0.7932863832,22,62,-0.1000000015,2.417095184,4.156490803,-0.7074424028,0.7502813339,-0.5212661028,0.284866482,0.1938674599,-0.999048233,0.04361938685,-0.4338837266,-0.9009688497,0,1,1
2026.07.17 18:15,0.7853186131,0.8919585943,1.522063494,1,-0.2216751724,3.105345249,3.679092646,5.072238922,-0.9980114698,0.1970913559,0.06590165198,0.03660063446,0.07915169001,0.02163129672,-2.48322463,11.07513523,0.8168491721,23,63,0.1000000015,2.696392775,4.45516777,-0.5101366639,0.7386139631,0.3605281711,0.2900259495,0.3494458795,-0.9978589416,0.06540312618,-0.4338837266,-0.9009688497,0,1,1
2026.07.17 18:20,0.7606848478,0.6243674159,1.527065396,1,-0.5631508231,1.978495836,3.504072905,5.353404045,-1.057774782,0.2607616782,0.0629337877,0.03869876638,0.08036712557,0.0218913164,-2.491158724,11.07032108,0.816306293,24,64,-0.1000000015,2.653149605,4.430241585,-0.6431042552,0.7203241587,-0.01280323416,0.4477762878,0.5394204855,-0.9961947203,0.08715574443,-0.4338837266,-0.9009688497,0,1,1
2026.07.17 18:25,0.7418272495,0.9598434567,1.535206556,1,0.2716538012,3.505387068,4.016685963,5.839082718,-0.6046929359,0.08146682382,0.07141359895,0.04202026874,0.08216121793,0.02223117463,-1.806603193,11.76892757,0.8669220805,25,65,0.1000000015,3.301194906,5.101694107,-0.6139595509,0.6921339035,0.6836331487,0.1937253177,0.1226415113,-0.994056344,0.1088668779,-0.4338837266,-0.9009688497,0,1,1
2026.07.17 18:30,0.7503532767,1.068256736,1.541126609,1,0.1278706044,3.900158882,3.421118021,6.021926403,-0.8471691012,0.06774394214,0.06048507243,0.04337692261,0.08365913481,0.02247581072,-2.253640413,11.32676601,0.8340520859,26,66,-0.1000000015,2.820355415,4.636228085,-0.5344878435,0.681874454,-0.4042595029,0.2072569579,0.3884835243,-0.9914448857,0.130526185,-0.4338837266,-0.9009688497,0,1,1
2026.07.17 18:35,0.7335540056,0.403290689,1.545180202,1,-0.1624980867,2.997139931,3.302720785,6.096632957,-0.9117830992,0.05776618049,0.05815984309,0.04385686666,0.08485726267,0.02269451506,-2.609255075,10.99542236,0.808209002,27,67,-0.200000003,2.43940568,4.271758556,-0.792170465,0.6656581759,-0.8995290399,0.08686551452,0.0136054419,-0.9883615375,0.1521233916,-0.4338837266,-0.9009688497,0,1,1
2026.07.17 18:40,0.7304512262,1.025581837,1.547012329,1,-0.5416775942,2.210567474,2.527055502,5.62425375,-1.094319463,0.2207546234,0.04407595098,0.04035852849,0.08540240675,0.02278476767,-3.291814089,10.30094051,0.7578258514,28,68,-0.3000000119,1.726098776,3.563640594,-0.6471998096,0.6567103267,-0.6796875,0.06743421406,0.2528782785,-0.9848077297,0.1736481786,-0.4338837266,-0.9009688497,0,1,1
2026.07.17 18:45,0.7192308307,0.5446187258,1.548184395,1,-1.137826443,2.44846034,2.459656954,4.777983665,-1.749941468,0.3240154982,0.04276442528,0.03434608504,0.08597548306,0.02297326922,-3.470729589,10.14811897,0.7451524734,29,69,-0.400000006,1.531194448,3.381294966,-0.7180614471,0.6472198367,-0.2963537574,0.3320403397,0.3716059029,-0.9807852507,0.1950903237,-0.4338837266,-0.9009688497,0,1,1
2026.07.17 18:50,0.706254065,0.7422506213,1.550050497,1,0.2074246258,3.457781076,3.649997473,5.080846786,-0.6570206285,0.1452423334,0.06334774941,0.03644876927,0.0864027217,0.02318445593,-2.819876432,10.79706383,0.7929140925,30,70,0.1000000015,2.143326044,4.013546467,-0.8119637966,0.6318600774,0.8705179095,0,0.1294820756,-0.9762960076,0.2164396197,-0.4338837266,-0.9009688497,0,1,1
2026.07.17 18:55,0.7130804062,0.5436649323,1.550809741,1,0.2563022077,2.128808498,4.281704903,5.601882935,-0.2758999169,0.1041452289,0.07475118339,0.04024457559,0.08658369631,0.02338601463,-2.684517384,10.93689919,0.8029193878,31,71,0.200000003,2.235715389,4.131700516,-0.7527789474,0.627389133,0.3276331127,0.4760979414,0.1962689459,-0.9713420868,0.237685889,-0.4338837266,-0.9009688497,0,1,1
2026.07.17 19:00,0.7097733021,0.8408502936,1.550456882,1,-0.3468164206,-0.8583812118,3.35136199,4.772422314,-0.1322211325,0.2265739739,0.05823243782,0.03420152888,0.08646026254,0.02353980206,-3.294756174,10.32148552,0.758027494,32,72,-0.1000000015,1.588697433,3.502301455,-0.609698832,0.6173481345,-0.7460436821,0.08766641468,0.1662898809,-0.9659258127,0.2588190436,-0.4338837266,-0.9009688497,0,1,1
2026.07.17 19:05,0.7226182222,0.7809804082,1.548140883,1,-1.376596808,-0.5713098645,3.000063896,3.902999878,-1.233769417,0.2904650867,0.05177457631,0.02789249085,0.08585562557,0.02369523793,-3.881229639,9.744395256,0.7151521444,33,73,-0.200000003,0.9743386507,2.906959772,-0.7458993196,0.6142770648,-0.7667117715,0.05060892925,0.1826792955,-0.9600498676,0.2798290253,-0.4338837266,-0.9009688497,0,1,1
2026.07.17 19:10,0.6989771724,0.4441500902,1.546189904,1,-0.9562563896,-0.01693613268,3.001294374,4.399372101,-0.9520223737,0.1967413276,0.0517157726,0.0314498134,0.08543350548,0.02385120839,-3.777392864,9.870166779,0.723218441,34,74,0.1000000015,1.054728508,3.006448746,-0.7543409467,0.6086061597,0.2540514767,0.1520495713,0.593898952,-0.9537169337,0.3007057905,-0.4338837266,-0.9009688497,0,1,1
2026.07.17 19:15,0.6972388625,0.4885266125,1.544906259,1,-1.247184634,0.1062290892,2.765136957,3.861777306,-1.273741961,0.1848909706,0.04776975513,0.02767096274,0.08516667038,0.02404871024,-3.750671387,9.918319702,0.725607276,35,75,0.200000003,1.060234666,3.030414343,-0.665816009,0.5980056524,0.09461805224,0.2782118022,0.6271701455,-0.9469301105,0.3214394748,-0.4338837266,-0.9009688497,0,1,1
2026.07.17 19:20,0.7029081583,0.8670746088,1.542973399,1,-1.96840775,-1.197580576,1.953143835,3.337707281,-1.669012666,0.3038817048,0.03337499499,0.02383042686,0.08429878205,0.02413531952,-4.478896141,9.187810898,0.6722768545,36,76,-0.1000000015,0.3108607233,2.289467335,-0.7125433683,0.5921455622,-0.8471882343,0.02347188257,0.1293398589,-0.9396926165,0.342020154,-0.4338837266,-0.9009688497,0,1,1
2026.07.17 19:25,0.7057743669,0.6434653401,1.542370439,1,-2.132313251,-1.713647604,2.042901754,3.952110291,-1.703901291,0.2132510245,0.03487489,0.02814582735,0.08399564773,0.02424157597,-3.949991465,9.708763123,0.7108088136,37,77,0.1000000015,0.8156979084,2.800710678,-0.6819002032,0.5828313231,0.8419492841,0.1083305925,0.04972011968,-0.9320078492,0.3624380529,-0.4338837266,-0.9009688497,0,1,1
2026.07.17 19:30,0.7014634609,0.5200687051,1.540862441,1,-1.445982337,-1.004189849,2.810923338,5.779037476,-1.194934964,0.1515359133,0.04802049324,0.04138429835,0.08386018127,0.02435932495,-3.721522093,9.990849495,0.7286010981,38,78,0.200000003,1.03359437,3.035613775,-0.4741376638,0.5866289139,0.4466257691,0.3607361913,0.1926380396,-0.9238795042,0.3826834261,-0.4338837266,-0.9009688497,0,1,1
2026.07.17 19:35,0.7038357258,0.6842239499,1.539414048,1,-1.024102688,-1.625164747,2.848557949,5.953195095,-0.6178114414,0.1366093457,0.04863585159,0.04264700785,0.08341310173,0.02437414415,-3.653802633,10.05747509,0.7335184216,39,79,0.3000000119,1.07126224,3.082123518,-0.7711687684,0.5832051635,0.07709045708,0.7261423469,0.1967671812,-0.9153114557,0.4027466774,-0.4338837266,-0.9009688497,0,1,1
2026.07.17 19:40,0.7179353833,0.8663259149,1.538345695,1,0.34550789,-1.152829051,3.835734129,5.733471394,0.6337151527,0.02221805044,0.06497508287,0.04107782617,0.08329818398,0.02453988977,-2.980058908,10.75206947,0.7829864025,40,80,0.400000006,1.712235808,3.746202469,-0.7029519081,0.5789870024,0.8463240862,0.02434226684,0.12933366,-0.9063078165,0.4226182699,-0.4338837266,-0.9009688497,0,1,1
2026.07.17 19:45,0.7116011381,0.4280692339,1.538553357,1,0.6335765719,-1.250098586,3.539245844,5.885951996,0.9461012483,0.05865487456,0.06021063775,0.04211306572,0.08341503143,0.02469088696,-2.868788719,10.8741951,0.791254282,41,81,0.5,1.790348172,3.842352629,-0.6124287844,0.580866158,0.2584661245,0.4008964002,0.3406374454,-0.8968727589,0.4422886968,-0.4338837266,-0.9009688497,0,1,1
2026.07.17 19:50,0.7155569196,1.169662714,1.544127464,1,1.033383012,-1.016986847,3.566055298,7.264344215,1.287629724,0.1362458318,0.06070458889,0.05176539347,0.08467721939,0.02484326623,-1.809325337,11.91786861,0.8681941032,42,82,0.6000000238,2.807312012,4.868881702,-0.4806584716,0.5795758963,0.8902239203,0.07937374711,0.03040233068,-0.8870108128,0.4617486,-0.4338837266,-0.9009688497,0,1,1
2026.07.17 19:55,0.7155053616,0.4265321493,1.547639966,1,0.900598824,-0.7526661754,4.543707848,7.436495304,1.088765383,0.1281640381,0.07855768502,0.0529961586,0.08544072509,0.02503509447,-1.807592511,11.93394756,0.8684577942,43,83,0.6999999881,2.766539335,4.851772785,-0.347902298,0.5860459805,-0.1724137962,0.4407795966,0.3868066072,-0.8767267466,0.4809887707,-0.4338837266,-0.9009688497,0,1,1
2026.07.17 20:00,0.7154248357,0.6930567026,1.546881795,1,1.191424966,-0.6808753014,5.037964344,6.156514645,1.361643791,0.08951860666,0.08760832995,0.04396140948,0.08552858233,0.02530868538,-2.14221406,11.63471889,0.8445071578,44,84,-0.1000000015,2.391220093,4.512926579,-0.5841811895,0.5839213729,-0.451742202,0.1359851956,0.4122725725,-0.8660253882,0.5,-0.4338837266,-0.9009688497,0,1,1
2026.07.17 20:05,0.7036833167,0.4065341353,1.54605794,1,1.69421339,-0.9183946252,4.791493893,6.534945488,1.923812032,0.03315740824,0.0832843408,0.04670555145,0.0855249688,0.02551895753,-2.236901045,11.56385136,0.8379145861,45,85,-0.200000003,2.254459858,4.407055378,-0.9171819091,0.5755217075,-0.1974723488,0.17798841,0.6245392561,-0.8549118638,0.5187732577,-0.4338837266,-0.9009688497,0,1,1
2026.07.17 20:10,0.6940635443,0.3932282031,1.543120742,1,1.283673525,-1.315835118,4.709090233,6.727332592,1.612632275,0.03484733403,0.08159800619,0.04806858674,0.08510709554,0.02566515841,-2.542046785,11.28011799,0.8160890937,46,86,-0.3000000119,1.907229662,4.088859081,-1.0454247,0.5659034252,-0.9062159061,0.08233369887,0.01145038195,-0.8433914185,0.537299633,-0.4338837266,-0.9009688497,0,1,1
2026.07.17 20:15,0.6879853606,0.7698477507,1.53993237,1,0.707479775,-2.505005598,3.817090273,5.763356209,1.333731174,0.05974952132,0.06594537944,0.04116097465,0.08433716744,0.0257491637,-3.08367753,10.73286057,0.776812613,47,87,-0.400000006,1.324026465,3.524517298,-1.074463725,0.5496819019,-0.698775053,0.1806792915,0.1205456555,-0.8314695954,0.5555702448,-0.4338837266,-0.9009688497,0,1,1
2026.07.17 20:20,0.6805707216,0.43673563,1.531048417,1,1.660883069,-2.790171862,5.292334557,6.243710041,2.358426094,0.03500747308,0.0929787159,0.04454525933,0.08297516406,0.02587233856,-2.873226881,10.96195698,0.7923246622,48,88,0.1000000015,1.485296845,3.722206354,-1.063765883,0.537337482,0.616707623,0.1778869778,0.2054053992,-0.8191520572,0.5735764503,-0.4338837266,-0.9009688497,0,1,1
2026.07.17 20:25,0.6635842919,0.5615391135,1.523731947,1,1.261154652,-1.642743587,5.109898567,6.936457634,1.671840549,0.1009465978,0.09001430124,0.04960853234,0.08177009225,0.02594199963,-2.742200613,11.10108089,0.801911056,49,89,0.200000003,1.565645933,3.833007812,-1.028302193,0.5251535177,0.2355640531,0.1808795482,0.5835564137,-0.8064445853,0.5913096666,-0.4338837266,-0.9009688497,0,1,1
2026.07.17 20:30,0.643093884,0.5715433955,1.507718682,1,0.6156406403,-1.456284761,5.904729366,7.335846424,0.9797118306,0.09539043158,0.1052918285,0.05251972377,0.0795468092,0.02595178597,-3.147898436,10.71928883,0.7729966044,50,90,-0.1000000015,1.105879664,3.413192987,-0.9589446187,0.5129380226,-0.6085811257,0.1467820853,0.2446368039,-0.7933533192,0.6087614298,-0.4338837266,-0.9009688497,0,1,1
2026.07.17 20:35,0.645227313,0.411385715,1.484821439,1,0.8998253345,-0.6554976106,7.123706818,7.7129426,1.063699722,0.01567200385,0.1277298182,0.05489643663,0.0770310536,0.02602601238,-2.808042049,11.10611916,0.7981882095,51,91,0.1000000015,1.385940194,3.748493433,-1.090971589,0.5050814748,0.8788037896,0.09601259232,0.02518363111,-0.7798844576,0.6259234548,-0.4338837266,-0.9009688497,0,1,1
2026.07.17 20:40,0.6322171688,0.7444976568,1.444300413,1,0.7617563605,-0.8497757912,9.389601707,8.150642395,0.9742003083,0.1271623522,0.172045216,0.05785766989,0.07333741337,0.02604358457,-2.256360769,11.65114021,0.8377594352,52,92,0.200000003,1.83780551,4.268735409,-0.9953221083,0.4947572052,0.7392060161,0.1211243123,0.1396696568,-0.7660444379,0.6427876353,-0.4338837266,-0.9009688497,0,1,1
2026.07.17 20:45,0.6473681927,0.9206950068,1.395657182,1,1.159713268,-0.9396784306,10.4596386,8.81541729,1.394632936,0.1983651817,0.1918203235,0.06242066622,0.06951262057,0.02609382384,-1.743237257,12.1633997,0.8746470809,53,93,0.3000000119,2.241719961,4.750844479,-0.5365595818,0.4989503026,0.5670102835,0.3718369305,0.06115276366,-0.7518398166,0.6593458056,-0.4338837266,-0.9009688497,0,1,1
2026.07.17 20:50,0.6497274637,0.7546235323,1.348750591,1,0.3082173765,0.1572493464,10.38257217,7.696120739,0.2689050436,0.1568529457,0.1900515854,0.05472034588,0.06617950648,0.02636286244,-1.532206416,12.43092823,0.8902677298,54,94,0.400000006,2.360788822,4.961535931,-0.6299087405,0.5033407807,0.2749713063,0.543628037,0.1814006865,-0.737277329,0.6755902171,-0.4338837266,-0.9009688497,0,1,1
2026.07.17 20:55,0.6569274664,0.7055245042,1.291137815,1,0.5219839811,0.5822963715,11.16668224,8.220054626,0.3764098883,0.164267838,0.2053214163,0.05838229507,0.06230300665,0.02655964904,-1.31776011,12.66819954,0.905779779,55,95,0.5,2.465279102,5.158055782,-0.9866905808,0.4966697395,0.353628546,0.3247232437,0.3216482103,-0.7223639488,0.6915130615,-0.4338837266,-0.9009688497,0,1,1
