,champ,weak,v11_hl0,eq1.2_2.0
2022-08,0.0,0.0,0.0,0.0
2022-09,0.0,0.0,0.0,0.0
2022-10,32.788214583333556,9.996975000000056,0.0,23.7
2022-11,5.763799999999947,6.686987499999777,0.0,8.91
2022-12,-13.64280416666684,-4.831281249999826,0.0,-7.71
2023-01,0.0,-22.345337500000014,0.0,22.67
2023-02,0.0,0.0,0.0,25.75
2023-03,16.1437020833336,0.0,0.0,32.05
2023-04,1.6164145833338028,18.08080624999971,0.0,-2.76
2023-05,-4.431610416666828,25.967899999999908,0.2311104166670715,3.17
2023-06,0.0,1.8490312499995731,0.0,4.45
2023-07,0.0,-1.597687500000477,0.0,-26.34
2023-08,0.0,46.31301875000004,4.625000000000869,0.0
2023-09,0.0,-10.93670624999979,-9.639999999999825,31.53
2023-10,7.708914583333461,-43.056456249999954,0.0,15.34
2023-11,0.0,0.0,0.0,37.07
2023-12,7.846689583334555,0.0,0.0,16.0
2024-01,5.601097916666729,44.976281249999985,0.0,14.87
2024-02,12.538468750000055,-4.434806249999584,0.0,2.3
2024-03,15.872575000000086,8.796912500000035,0.0,17.54
2024-04,20.80433958333292,-10.775133333333251,0.0,24.99
2024-05,45.21802500000027,0.0,0.0,46.83
2024-06,-47.622799999999174,19.407194444445274,0.0,-32.21
2024-07,0.0,12.782081249999582,0.0,-15.62
2024-08,0.0,-21.61551180555622,0.0,0.0
2024-09,0.0,0.0,0.0,0.0
2024-10,0.0,0.0,15.365022916667296,0.0
2024-11,0.0,0.0,-28.9337072916682,0.0
2024-12,0.0,0.0,0.0,0.0
2025-01,0.0,0.0,0.0,0.0
2025-02,0.0,0.0,0.0,0.0
2025-03,0.0,0.0,0.0,0.0
2025-04,-24.22268541666635,55.28025972222266,21.70833958333506,-35.47
2025-05,0.0,-25.717872916666856,15.675582291667324,0.0
2025-06,0.0,32.10135138888887,-13.878306250000632,0.0
2025-07,0.0,57.44069097222211,0.1524031250000912,0.0
2025-08,0.0,3.3679062500000683,0.0,0.0
2025-09,-47.19781041666706,17.7690333333332,-9.754792708332332,-31.3
2025-10,0.0,313.58949097222285,68.01659374999977,0.0
2025-11,57.23420833333369,92.75293888888955,29.56407604167419,17.3
2025-12,9.628729166667107,-5.128238888888825,95.24949479166742,53.16
2026-01,343.2070333333336,148.7371652777772,346.8087166666661,95.65
2026-02,236.00619791666725,232.3686763888889,47.85692187499856,29.78
2026-03,124.68341458333404,-29.85161597222185,325.065321875006,-42.41
2026-04,82.7020041666675,-6.451203472221259,62.79553854166717,0.0
2026-05,-73.19772708333342,0.0,-26.83081250000013,0.0
2026-06,-65.63695208333453,-103.33353541666762,-57.7962864583377,0.0
2026-07,0.0,204.39107291666693,0.0,0.0
