,champ,v11_hl0_v3
2022-08,0.0,0.0
2022-09,0.0,0.0
2022-10,32.788214583333556,0.0
2022-11,5.763799999999947,0.0
2022-12,-13.64280416666684,0.0
2023-01,0.0,0.0
2023-02,0.0,0.0
2023-03,16.1437020833336,0.0
2023-04,1.6164145833338028,0.0
2023-05,-4.431610416666828,0.2311104166670715
2023-06,0.0,0.0
2023-07,0.0,0.0
2023-08,0.0,4.625000000000869
2023-09,0.0,-9.639999999999825
2023-10,7.708914583333461,0.0
2023-11,0.0,0.0
2023-12,7.846689583334555,0.0
2024-01,5.601097916666729,0.0
2024-02,12.538468750000055,0.0
2024-03,15.872575000000086,0.0
2024-04,20.80433958333292,0.0
2024-05,45.21802500000027,0.0
2024-06,-47.622799999999174,0.0
2024-07,0.0,0.0
2024-08,0.0,0.0
2024-09,0.0,0.0
2024-10,0.0,15.365022916667296
2024-11,0.0,-28.9337072916682
2024-12,0.0,0.0
2025-01,0.0,0.0
2025-02,0.0,0.0
2025-03,0.0,0.0
2025-04,-24.22268541666635,21.70833958333506
2025-05,0.0,15.675582291667324
2025-06,0.0,-13.878306250000632
2025-07,0.0,0.1524031250000912
2025-08,0.0,0.0
2025-09,-47.19781041666706,-9.754792708332332
2025-10,0.0,68.01659374999977
2025-11,57.23420833333369,29.56407604167419
2025-12,9.628729166667107,95.24949479166742
2026-01,343.2070333333336,346.8087166666661
2026-02,236.00619791666725,47.85692187499856
2026-03,124.68341458333404,325.065321875006
2026-04,82.7020041666675,62.79553854166717
2026-05,-73.19772708333342,-26.83081250000013
2026-06,-65.63695208333453,-57.7962864583377
2026-07,0.0,0.0
