,ic_eat,ic_dir,icir_eat,icir_dir,mono_eat
tr_over_atr__d60,-0.021519444773171983,-0.0004524242337312691,-1.340140083233888,-0.02255405651812067,-0.74369187839402
vol_ratio_12_1440__d60,-0.03761948605307769,-0.0014737238830563103,-1.2954225046880627,-0.041390473860634026,-0.8722335823787745
atr_ratio__d60,-0.04193033959406006,-0.0014741719952451322,-1.2921486141638137,-0.037064152324187284,-0.9759832403621351
hr14_sqz,0.09419350173850037,0.007578453414117097,1.2221931199871403,0.08674685946264468,0.0
hr14_atr,0.08425040724668648,0.006509648602319683,1.0977687661318842,0.07448420398926404,0.0
ny_sqz,0.09630801227621434,0.018702151501204984,1.085767140116882,0.19149830086650171,0.0
ny_atr,0.0849349694318143,0.016172825841277137,0.946536398182643,0.16370078354340578,0.0
ny_tr,0.0824117647571701,0.016421346399791186,0.9238177862868927,0.16881456721944296,0.0
squeeze__z,0.07886717226068364,0.01969020065885633,0.8699449406174199,0.21484946308977604,0.7225743687833006
sqz_acc,0.04146504358531144,-0.008411180553145436,0.8026631573129375,-0.14188071205701455,0.6367021775857661
sqz_d1_volz,0.034059183667219085,0.013364382121095664,0.7102945187721214,0.3186447241731143,0.8697486480279577
atr_ratio__z,0.053165513575227544,0.023003928268378732,0.6846295784605789,0.3178429469598896,0.943622965417936
vol_ratio_12_1440__z,0.047722543353270766,0.01875633628743684,0.6557018814899038,0.2774991437498188,0.8181524620979899
tr_over_atr__z,0.0354615053582101,0.01599462317361531,0.6473851004492103,0.3205209881956499,0.9411891750838925
range_ratio__z,0.05802164094097837,0.012572530424864023,0.5282819299216731,0.13217001265506262,0.5812637752287843
dist_hi_1440__d1440,-0.056607027998792366,0.021640343887871203,-0.4483464692140537,0.1763887944648061,-0.8290766954262293
pos_asym,-0.047884294204116495,-0.008399258073008219,-0.4213299181857338,-0.07029417990372898,-0.653603083082535
squeeze__d1440,0.04427702349627628,0.008635191864787792,0.4191014480395181,0.08734608798275259,0.8481084700266952
mom_pers,0.00975305897850838,0.009970581420407524,0.3887030593374895,0.2895199530714003,0.35168452356290403
dist_hi_1440__z,-0.04648729151336766,-0.00429061627959763,-0.3846507088416475,-0.038412847102861046,-0.7200817275202409
momn_1440__z,-0.04121469036586628,0.004356112471657516,-0.3572707028707079,0.03449079506037617,-0.658083323519181
momn_1440__d60,-0.015273537455433547,0.004723559695772815,-0.3546662652098502,0.1008788157498829,-0.7836099645778002
slope_1440__z,-0.045638837467647714,0.0012194537925227995,-0.348657623647454,0.009242627747004316,-0.9149306443398411
vote3,-0.028649203716024793,-0.003909595144709965,-0.34457395471766616,-0.04877428613116449,-0.9154618294705802
vote3_atr,-0.027503702370577976,-0.006573597324485526,-0.3389970369289742,-0.0801131849930487,-0.7889277599541942
mom_pers_sqz,0.00959776204821615,0.011025615079509016,0.322494720819759,0.34051182711982736,0.15503932964014153
momn_1440__d1440,-0.037304411604397035,0.00831467077258928,-0.30384342027513817,0.0665250183760064,0.0
dist_hi_1440__d60,-0.011801299358489089,-0.004202144888865777,-0.2898210206620624,-0.09839743639618628,-0.5631406448053671
bs_break,0.018589750215775764,0.005864371694226215,0.28737172228220687,0.07717378560894032,0.9370978136159314
slope_1440__d1440,-0.038950416304093904,0.010144676138176188,-0.2806549206115447,0.0710661355267604,-0.818713789328921
lon_sqz,-0.015454309739691278,0.005365207761009708,-0.2586422405858567,0.10544067505287236,0.0
pos_asym_z,-0.030717734166289788,0.0033872684083688593,-0.25536208623623885,0.029455744973280688,-0.9466731349135553
sgnsl_sqz,-0.023971916313060188,-0.008502273650076159,-0.25448241409996475,-0.08815734568849483,-0.6377469472805671
sgnmom_vr,-0.01860354091095762,-0.006106625696697021,-0.24306776102084668,-0.06432015916551714,-0.470320439678629
fri_atr,0.037831518103367275,0.056808074328828166,0.21864460749438994,0.4063990075802968,0.0
hi_lo_gap,-0.04274809367054937,-0.04628577663231964,-0.21713703285309877,-0.3555603152277241,-0.5780173763912612
slope_1440__d60,-0.022701384437336283,0.002023504702824367,-0.20372689845969277,0.017204618208175634,-0.8936179018612179
sgnsl_atr,-0.018534735037616264,-0.006985495227563778,-0.20095757468472508,-0.06993771489594086,-0.5457985933620663
squeeze__d60,-0.0036687311402854874,-0.005637491188675129,-0.11456677697489949,-0.1467250159299269,0.19505648704105752
vol_ratio_12_1440__d1440,-0.006270248134741757,0.014082695196479866,-0.09487233667602372,0.21487409065123522,0.7561968611350784
range_ratio__d1440,0.007252478240245857,0.010799563707911426,0.054860512112280845,0.10297543593005631,-0.6357834326044617
range_ratio__d60,-0.0017779632240394075,-0.004479173923700775,-0.05241509754337443,-0.10597414515821078,0.10980929373261797
atr_acc,-0.00228027741916536,-0.0009438993220997117,-0.04827081776760718,-0.02008435533383414,0.1651252093967016
tr_over_atr__d1440,-0.0007548544832874387,0.009881968213831149,-0.018577956844959043,0.2263087235271388,0.6358523218569405
atr_ratio__d1440,-0.0009540339531519649,0.017573119468328742,-0.01368684098806911,0.2433015558422764,0.7504492312717548
fri_mom,0.00018004764569984165,0.0020640544374699076,0.0014413937632908288,0.014520923188153503,0.0
