,pnl
2022-08,0.0
2022-09,0.0
2022-10,32.788214583333556
2022-11,5.763799999999947
2022-12,-13.64280416666684
2023-01,0.0
2023-02,0.0
2023-03,16.1437020833336
2023-04,1.6164145833338028
2023-05,-4.2004999999997565
2023-06,0.0
2023-07,0.0
2023-08,4.625000000000869
2023-09,-9.639999999999825
2023-10,7.708914583333461
2023-11,0.0
2023-12,7.846689583334555
2024-01,5.601097916666729
2024-02,12.538468750000055
2024-03,8.231933333334464
2024-04,20.80433958333292
2024-05,45.21802500000027
2024-06,-47.622799999999174
2024-07,0.0
2024-08,0.0
2024-09,0.0
2024-10,15.365022916667296
2024-11,-28.9337072916682
2024-12,0.0
2025-01,0.0
2025-02,0.0
2025-03,0.0
2025-04,-7.493033333331082
2025-05,15.675582291667324
2025-06,-13.878306250000632
2025-07,0.1524031250000912
2025-08,0.0
2025-09,-56.95260312499939
2025-10,153.9605260416751
2025-11,129.4499625000128
2025-12,146.22698854166958
2026-01,917.2810666666551
2026-02,585.6253249999945
2026-03,729.4833416666802
2026-04,178.93296666667007
2026-05,-131.40582916667015
2026-06,-235.46651145834284
2026-07,0.0
