row,dir,signal_time,entry_time,exit_time,entry_px,exit_px,outcome,pnl,dur_m1,variant
913120,long,1970-01-20 22:28:00,1970-01-20 22:29:00,1970-01-20 22:29:00,2440.459,2441.860177083333,TP,1.2211770833330957,4,q0.85|d0.6|cd2
914503,long,1970-01-20 22:30:00,1970-01-20 22:33:00,1970-01-20 22:33:00,2441.02,2440.363675,SL,-0.8363249999999243,1,q0.85|d0.6|cd2
915832,long,1970-01-20 22:34:00,1970-01-20 22:35:00,1970-01-20 22:35:00,2409.772,2408.73395625,SL,-1.2180437499998151,4,q0.85|d0.6|cd2
917375,long,1970-01-20 22:35:00,1970-01-20 22:36:00,1970-01-20 22:36:00,2387.571,2386.6505229166664,SL,-1.0994770833334806,6,q0.85|d0.6|cd2
918834,short,1970-01-20 22:37:00,1970-01-20 22:38:00,1970-01-20 22:38:00,2387.755,2388.441510416667,SL,0.5065104166668062,1,q0.85|d0.6|cd2
919911,long,1970-01-20 22:38:00,1970-01-20 22:39:00,1970-01-20 22:39:00,2423.534,2423.054,SL,-0.6600000000000181,1,q0.85|d0.6|cd2
921430,long,1970-01-20 22:40:00,1970-01-20 22:43:00,1970-01-20 22:43:00,2428.332,2427.814845833333,SL,-0.6971541666668417,6,q0.85|d0.6|cd2
922794,long,1970-01-20 22:44:00,1970-01-20 22:45:00,1970-01-20 22:45:00,2470.85,2470.37,SL,-0.6590000000000182,1,q0.85|d0.6|cd2
924219,short,1970-01-20 22:45:00,1970-01-20 22:46:00,1970-01-20 22:46:00,2467.807,2468.4094541666664,SL,0.43345416666657544,1,q0.85|d0.6|cd2
924230,short,1970-01-20 22:46:00,1970-01-20 22:47:00,1970-01-20 22:47:00,2469.859,2470.4783666666667,SL,0.45036666666679226,16,q0.85|d0.6|cd2
925523,long,1970-01-20 22:47:00,1970-01-20 22:48:00,1970-01-20 22:48:00,2449.396,2448.8245958333337,SL,-0.7404041666665253,5,q0.85|d0.6|cd2
926900,long,1970-01-20 22:48:00,1970-01-20 22:49:00,1970-01-20 22:49:00,2456.413,2455.84285,SL,-0.7391500000000124,1,q0.85|d0.6|cd2
928253,long,1970-01-20 22:50:00,1970-01-20 22:53:00,1970-01-20 22:53:00,2506.461,2505.9809999999998,SL,-0.6490000000000182,1,q0.85|d0.6|cd2
928973,short,1970-01-20 22:53:00,1970-01-20 22:54:00,1970-01-20 22:54:00,2503.199,2503.679,SL,0.3000000000000182,2,q0.85|d0.6|cd2
929833,short,1970-01-20 22:54:00,1970-01-20 22:55:00,1970-01-20 22:55:00,2503.871,2504.5169208333336,SL,0.4659208333335482,12,q0.85|d0.6|cd2
930753,long,1970-01-20 22:55:00,1970-01-20 22:56:00,1970-01-20 22:56:00,2526.239,2525.759,SL,-0.6600000000000181,3,q0.85|d0.6|cd2
931146,long,1970-01-20 22:56:00,1970-01-20 22:57:00,1970-01-20 22:57:00,2515.225,2514.482652083333,SL,-0.9223479166668584,8,q0.85|d0.6|cd2
932453,long,1970-01-20 22:57:00,1970-01-20 22:58:00,1970-01-20 22:58:00,2513.49,2512.9121312499997,SL,-0.756868750000107,60,q0.85|d0.6|cd2
933793,long,1970-01-20 22:58:00,1970-01-20 22:59:00,1970-01-20 22:59:00,2478.966,2478.41080625,SL,-0.734193749999944,2,q0.85|d0.6|cd2
933903,long,1970-01-20 22:59:00,1970-01-20 23:00:00,1970-01-20 23:00:00,2493.338,2495.357875,TP,1.8398749999999564,9,q0.85|d0.6|cd2
935250,long,1970-01-20 23:00:00,1970-01-20 23:03:00,1970-01-20 23:03:00,2512.067,2513.7335416666665,TP,1.4865416666664897,2,q0.85|d0.6|cd2
936564,short,1970-01-20 23:04:00,1970-01-20 23:05:00,1970-01-20 23:05:00,2520.131,2520.611,SL,0.32000000000001816,12,q0.85|d0.6|cd2
939218,long,1970-01-20 23:07:00,1970-01-20 23:08:00,1970-01-20 23:08:00,2505.235,2506.435,TP,1.0399999999998182,1,q0.85|d0.6|cd2
940644,long,1970-01-20 23:08:00,1970-01-20 23:09:00,1970-01-20 23:09:00,2516.861,2518.1205312499997,TP,1.1005312499997817,1,q0.85|d0.6|cd2
940704,long,1970-01-20 23:09:00,1970-01-20 23:10:00,1970-01-20 23:10:00,2521.569,2520.9826,SL,-0.7464000000001397,1,q0.85|d0.6|cd2
942051,long,1970-01-20 23:10:00,1970-01-20 23:13:00,1970-01-20 23:13:00,2502.485,2503.7738020833335,TP,1.128802083333394,3,q0.85|d0.6|cd2
944306,long,1970-01-20 23:15:00,1970-01-20 23:16:00,1970-01-20 23:16:00,2493.988,2493.508,SL,-0.6400000000000182,1,q0.85|d0.6|cd2
944487,long,1970-01-20 23:16:00,1970-01-20 23:17:00,1970-01-20 23:17:00,2495.341,2494.861,SL,-0.6400000000000182,1,q0.85|d0.6|cd2
947036,long,1970-01-20 23:18:00,1970-01-20 23:19:00,1970-01-20 23:19:00,2521.749,2521.269,SL,-0.6400000000000182,2,q0.85|d0.6|cd2
947348,long,1970-01-20 23:19:00,1970-01-20 23:20:00,1970-01-20 23:20:00,2520.477,2519.9408958333333,SL,-0.6951041666665188,14,q0.85|d0.6|cd2
948690,long,1970-01-20 23:20:00,1970-01-20 23:23:00,1970-01-20 23:23:00,2497.038,2496.5341083333333,SL,-0.6628916666667319,9,q0.85|d0.6|cd2
951440,long,1970-01-20 23:26:00,1970-01-20 23:27:00,1970-01-20 23:27:00,2518.781,2519.9809999999998,TP,1.0399999999998182,4,q0.85|d0.6|cd2
952468,long,1970-01-20 23:27:00,1970-01-20 23:28:00,1970-01-20 23:28:00,2512.474,2511.994,SL,-0.6400000000000182,5,q0.85|d0.6|cd2
954212,long,1970-01-20 23:29:00,1970-01-20 23:30:00,1970-01-20 23:30:00,2567.922,2567.3588020833336,SL,-0.7221979166664678,3,q0.85|d0.6|cd2
955616,long,1970-01-20 23:30:00,1970-01-20 23:31:00,1970-01-20 23:31:00,2580.179,2579.6647354166666,SL,-0.6732645833334427,13,q0.85|d0.6|cd2
957044,short,1970-01-20 23:34:00,1970-01-20 23:35:00,1970-01-20 23:35:00,2579.375,2577.966942708333,TP,-1.5680572916668643,1,q0.85|d0.6|cd2
957084,short,1970-01-20 23:35:00,1970-01-20 23:36:00,1970-01-20 23:36:00,2583.761,2582.2747395833335,TP,-1.6452604166664824,5,q0.85|d0.6|cd2
958124,long,1970-01-20 23:36:00,1970-01-20 23:37:00,1970-01-20 23:37:00,2573.181,2572.701,SL,-0.6400000000000182,1,q0.85|d0.6|cd2
960023,long,1970-01-20 23:38:00,1970-01-20 23:39:00,1970-01-20 23:39:00,2591.813,2591.1198270833333,SL,-0.8521729166667538,1,q0.85|d0.6|cd2
962141,long,1970-01-20 23:40:00,1970-01-20 23:41:00,1970-01-20 23:41:00,2622.824,2622.344,SL,-0.6400000000000182,2,q0.85|d0.6|cd2
964829,long,1970-01-20 23:46:00,1970-01-20 23:47:00,1970-01-20 23:47:00,2657.007,2658.207,TP,1.0399999999998182,5,q0.85|d0.6|cd2
966694,short,1970-01-20 23:47:00,1970-01-20 23:48:00,1970-01-20 23:48:00,2657.652,2658.2416020833334,SL,0.429602083333375,2,q0.85|d0.6|cd2
966759,short,1970-01-20 23:48:00,1970-01-20 23:49:00,1970-01-20 23:49:00,2669.994,2668.33015625,TP,-1.823843750000069,10,q0.85|d0.6|cd2
967907,long,1970-01-20 23:49:00,1970-01-20 23:50:00,1970-01-20 23:50:00,2670.719,2672.04521875,TP,1.1662187499999528,2,q0.85|d0.6|cd2
969451,long,1970-01-20 23:50:00,1970-01-20 23:51:00,1970-01-20 23:51:00,2645.133,2644.448427083333,SL,-0.8435729166666388,9,q0.85|d0.6|cd2
969633,long,1970-01-20 23:51:00,1970-01-20 23:54:00,1970-01-20 23:54:00,2661.714,2660.9018791666667,SL,-0.9721208333332106,1,q0.85|d0.6|cd2
970713,long,1970-01-20 23:55:00,1970-01-20 23:56:00,1970-01-20 23:56:00,2642.784,2642.2343875,SL,-0.7096124999999666,1,q0.85|d0.6|cd2
972122,long,1970-01-20 23:56:00,1970-01-20 23:57:00,1970-01-20 23:57:00,2661.812,2661.317575,SL,-0.6534249999998647,4,q0.85|d0.6|cd2
973068,short,1970-01-20 23:57:00,1970-01-20 23:58:00,1970-01-20 23:58:00,2654.032,2654.512,SL,0.32000000000001816,1,q0.85|d0.6|cd2
973565,short,1970-01-20 23:58:00,1970-01-20 23:59:00,1970-01-20 23:59:00,2651.421,2649.9060572916665,TP,-1.6749427083333648,8,q0.85|d0.6|cd2
975098,long,1970-01-20 23:59:00,1970-01-21 00:00:00,1970-01-21 00:00:00,2655.8,2657.8603281250003,TP,1.9003281250000692,78,q0.85|d0.6|cd2
975434,long,1970-01-21 00:00:00,1970-01-21 00:01:00,1970-01-21 00:01:00,2644.821,2644.341,SL,-0.6400000000000182,1,q0.85|d0.6|cd2
976434,long,1970-01-21 00:01:00,1970-01-21 00:04:00,1970-01-21 00:04:00,2651.575,2650.469839583333,SL,-1.2651604166668766,1,q0.85|d0.6|cd2
977686,short,1970-01-21 00:05:00,1970-01-21 00:06:00,1970-01-21 00:06:00,2642.934,2643.5885583333334,SL,0.49455833333317056,1,q0.85|d0.6|cd2
978689,long,1970-01-21 00:06:00,1970-01-21 00:07:00,1970-01-21 00:07:00,2620.187,2619.6688979166665,SL,-0.6781020833333605,1,q0.85|d0.6|cd2
981737,long,1970-01-21 00:09:00,1970-01-21 00:10:00,1970-01-21 00:10:00,2628.333,2629.850005208333,TP,1.357005208333103,26,q0.85|d0.6|cd2
982348,long,1970-01-21 00:10:00,1970-01-21 00:11:00,1970-01-21 00:11:00,2656.936,2658.136,TP,1.040999999999818,1,q0.85|d0.6|cd2
983235,long,1970-01-21 00:11:00,1970-01-21 00:14:00,1970-01-21 00:14:00,2650.086,2649.4720916666665,SL,-0.7739083333332565,1,q0.85|d0.6|cd2
983653,short,1970-01-21 00:14:00,1970-01-21 00:15:00,1970-01-21 00:15:00,2658.519,2658.999,SL,0.32000000000001816,7,q0.85|d0.6|cd2
984470,short,1970-01-21 00:15:00,1970-01-21 00:16:00,1970-01-21 00:16:00,2651.814,2650.614,TP,-1.359999999999818,2,q0.85|d0.6|cd2
985395,long,1970-01-21 00:16:00,1970-01-21 00:17:00,1970-01-21 00:17:00,2665.512,2665.032,SL,-0.6400000000000182,1,q0.85|d0.6|cd2
987253,long,1970-01-21 00:18:00,1970-01-21 00:19:00,1970-01-21 00:19:00,2677.695,2678.953828125,TP,1.0988281250000365,4,q0.85|d0.6|cd2
988599,long,1970-01-21 00:19:00,1970-01-21 00:20:00,1970-01-21 00:20:00,2692.423,2692.731,TIMEOUT,0.14800000000044747,90,q0.85|d0.6|cd2
989327,long,1970-01-21 00:20:00,1970-01-21 00:21:00,1970-01-21 00:21:00,2713.624,2713.144,SL,-0.6400000000000182,1,q0.85|d0.6|cd2
990063,long,1970-01-21 00:21:00,1970-01-21 00:24:00,1970-01-21 00:24:00,2723.092,2722.478310416667,SL,-0.7736895833333256,1,q0.85|d0.6|cd2
991349,long,1970-01-21 00:25:00,1970-01-21 00:26:00,1970-01-21 00:26:00,2726.394,2727.638364583333,TP,1.0843645833332085,1,q0.85|d0.6|cd2
992867,long,1970-01-21 00:26:00,1970-01-21 00:27:00,1970-01-21 00:27:00,2746.718,2746.076095833333,SL,-0.8019041666667909,2,q0.85|d0.6|cd2
993070,long,1970-01-21 00:27:00,1970-01-21 00:28:00,1970-01-21 00:28:00,2751.433,2750.88411875,SL,-0.7078812499997948,1,q0.85|d0.6|cd2
994111,long,1970-01-21 00:28:00,1970-01-21 00:29:00,1970-01-21 00:29:00,2722.533,2722.050102083333,SL,-0.6418979166668433,1,q0.85|d0.6|cd2
996607,long,1970-01-21 00:30:00,1970-01-21 00:31:00,1970-01-21 00:31:00,2727.501,2728.701,TP,1.0399999999998182,2,q0.85|d0.6|cd2
996857,long,1970-01-21 00:31:00,1970-01-21 00:34:00,1970-01-21 00:34:00,2733.443,2734.649291666667,TP,1.0462916666668571,1,q0.85|d0.6|cd2
998359,short,1970-01-21 00:35:00,1970-01-21 00:36:00,1970-01-21 00:36:00,2744.379,2744.908716666667,SL,0.37071666666689995,3,q0.85|d0.6|cd2
998979,long,1970-01-21 00:36:00,1970-01-21 00:37:00,1970-01-21 00:37:00,2764.993,2766.1929999999998,TP,1.0399999999998182,2,q0.85|d0.6|cd2
999827,long,1970-01-21 00:37:00,1970-01-21 00:38:00,1970-01-21 00:38:00,2782.072,2781.3880916666667,SL,-0.8439083333334202,3,q0.85|d0.6|cd2
1001014,long,1970-01-21 00:38:00,1970-01-21 00:39:00,1970-01-21 00:39:00,2784.655,2785.855,TP,1.040999999999818,1,q0.85|d0.6|cd2
1002369,long,1970-01-21 00:39:00,1970-01-21 00:40:00,1970-01-21 00:40:00,2746.593,2746.09539375,SL,-0.6576062499999898,1,q0.85|d0.6|cd2
1002967,long,1970-01-21 00:40:00,1970-01-21 00:41:00,1970-01-21 00:41:00,2752.372,2753.5719999999997,TP,1.0399999999998182,4,q0.85|d0.6|cd2
1005212,short,1970-01-21 00:45:00,1970-01-21 00:46:00,1970-01-21 00:46:00,2737.663,2736.2651458333335,TP,-1.5578541666665477,56,q0.85|d0.6|cd2
1005830,long,1970-01-21 00:46:00,1970-01-21 00:47:00,1970-01-21 00:47:00,2738.145,2737.665,SL,-0.6400000000000182,1,q0.85|d0.6|cd2
1006568,long,1970-01-21 00:47:00,1970-01-21 00:48:00,1970-01-21 00:48:00,2725.87,2725.3350604166667,SL,-0.6949395833331983,2,q0.85|d0.6|cd2
1007505,long,1970-01-21 00:48:00,1970-01-21 00:49:00,1970-01-21 00:49:00,2663.289,2662.255072916667,SL,-1.1929270833333103,4,q0.85|d0.6|cd2
1009415,long,1970-01-21 00:49:00,1970-01-21 00:50:00,1970-01-21 00:50:00,2697.921,2699.870411458333,TP,1.7894114583330885,10,q0.85|d0.6|cd2
1010646,short,1970-01-21 00:51:00,1970-01-21 00:54:00,1970-01-21 00:54:00,2683.161,2681.645223958333,TP,-1.6757760416668679,1,q0.85|d0.6|cd2
1011293,short,1970-01-21 00:54:00,1970-01-21 00:55:00,1970-01-21 00:55:00,2670.356,2669.1560000000004,TP,-1.359999999999818,10,q0.85|d0.6|cd2
1011932,long,1970-01-21 00:55:00,1970-01-21 00:56:00,1970-01-21 00:56:00,2622.665,2622.087075,SL,-0.7369250000000502,14,q0.85|d0.6|cd2
1014811,long,1970-01-21 00:58:00,1970-01-21 00:59:00,1970-01-21 00:59:00,2577.473,2579.241151041667,TP,1.6081510416668972,2,q0.85|d0.6|cd2
1015345,long,1970-01-21 00:59:00,1970-01-21 01:00:00,1970-01-21 01:00:00,2570.203,2571.4373802083333,TP,1.0743802083332776,1,q0.85|d0.6|cd2
1017537,long,1970-01-21 01:01:00,1970-01-21 01:04:00,1970-01-21 01:04:00,2568.027,2569.86503125,TP,1.679031249999858,3,q0.85|d0.6|cd2
1018128,long,1970-01-21 01:04:00,1970-01-21 01:05:00,1970-01-21 01:05:00,2588.672,2588.1837520833333,SL,-0.6472479166667509,3,q0.85|d0.6|cd2
1018906,long,1970-01-21 01:05:00,1970-01-21 01:06:00,1970-01-21 01:06:00,2609.805,2611.3060104166666,TP,1.3420104166667588,18,q0.85|d0.6|cd2
1020033,long,1970-01-21 01:06:00,1970-01-21 01:07:00,1970-01-21 01:07:00,2636.255,2635.7169041666666,SL,-0.6980958333335002,3,q0.85|d0.6|cd2
1020190,long,1970-01-21 01:07:00,1970-01-21 01:08:00,1970-01-21 01:08:00,2635.958,2637.3895208333333,TP,1.2715208333332522,8,q0.85|d0.6|cd2
1021609,long,1970-01-21 01:08:00,1970-01-21 01:09:00,1970-01-21 01:09:00,2651.224,2650.7267833333335,SL,-0.6572166666666454,1,q0.85|d0.6|cd2
1022944,long,1970-01-21 01:09:00,1970-01-21 01:10:00,1970-01-21 01:10:00,2669.3,2668.7848541666667,SL,-0.6741458333334631,1,q0.85|d0.6|cd2
1023106,short,1970-01-21 01:10:00,1970-01-21 01:11:00,1970-01-21 01:11:00,2692.005,2692.6506395833335,SL,0.4856395833333772,2,q0.85|d0.6|cd2
1024051,long,1970-01-21 01:11:00,1970-01-21 01:14:00,1970-01-21 01:14:00,2711.186,2712.5443958333335,TP,1.1983958333333613,1,q0.85|d0.6|cd2
1025038,short,1970-01-21 01:15:00,1970-01-21 01:16:00,1970-01-21 01:16:00,2620.927,2619.2358177083333,TP,-1.8501822916667916,1,q0.85|d0.6|cd2
1028518,long,1970-01-21 01:18:00,1970-01-21 01:19:00,1970-01-21 01:19:00,2638.494,2637.9563916666666,SL,-0.6976083333335373,1,q0.85|d0.6|cd2
1030326,long,1970-01-21 01:20:00,1970-01-21 01:21:00,1970-01-21 01:21:00,2662.336,2663.5359999999996,TP,1.0399999999998182,6,q0.85|d0.6|cd2
1031066,long,1970-01-21 01:21:00,1970-01-21 01:24:00,1970-01-21 01:24:00,2649.054,2648.51600625,SL,-0.6979937500001688,1,q0.85|d0.6|cd2
1031401,short,1970-01-21 01:25:00,1970-01-21 01:26:00,1970-01-21 01:26:00,2641.647,2640.292989583333,TP,-1.5140104166668242,4,q0.85|d0.6|cd2
1033590,long,1970-01-21 01:27:00,1970-01-21 01:28:00,1970-01-21 01:28:00,2645.183,2644.7026895833333,SL,-0.6403104166667254,1,q0.85|d0.6|cd2
1034898,long,1970-01-21 01:28:00,1970-01-21 01:29:00,1970-01-21 01:29:00,2653.003,2652.5118833333336,SL,-0.650116666666585,1,q0.85|d0.6|cd2
1036388,short,1970-01-21 01:30:00,1970-01-21 01:31:00,1970-01-21 01:31:00,2642.113,2642.638270833333,SL,0.36627083333325205,1,q0.85|d0.6|cd2
1037150,long,1970-01-21 01:31:00,1970-01-21 01:32:00,1970-01-21 01:32:00,2632.151,2631.559783333333,SL,-0.7512166666666963,3,q0.85|d0.6|cd2
1039108,long,1970-01-21 01:35:00,1970-01-21 01:36:00,1970-01-21 01:36:00,2668.221,2667.6658833333336,SL,-0.7141166666664358,1,q0.85|d0.6|cd2
1039201,long,1970-01-21 01:36:00,1970-01-21 01:37:00,1970-01-21 01:37:00,2665.024,2664.3541416666667,SL,-0.8298583333331954,1,q0.85|d0.6|cd2
1040398,long,1970-01-21 01:37:00,1970-01-21 01:38:00,1970-01-21 01:38:00,2700.081,2701.4718645833336,TP,1.230864583333496,1,q0.85|d0.6|cd2
1041299,long,1970-01-21 01:38:00,1970-01-21 01:39:00,1970-01-21 01:39:00,2717.959,2717.3583458333333,SL,-0.7596541666665726,1,q0.85|d0.6|cd2
1043216,long,1970-01-21 01:40:00,1970-01-21 01:41:00,1970-01-21 01:41:00,2688.273,2689.842859375,TP,1.409859374999851,11,q0.85|d0.6|cd2
1044346,long,1970-01-21 01:41:00,1970-01-21 01:42:00,1970-01-21 01:42:00,2652.973,2652.4627145833333,SL,-0.6702854166666475,1,q0.85|d0.6|cd2
1047052,long,1970-01-21 01:47:00,1970-01-21 01:48:00,1970-01-21 01:48:00,2647.365,2646.8693104166664,SL,-0.6556895833333874,1,q0.85|d0.6|cd2
1048748,long,1970-01-21 01:48:00,1970-01-21 01:49:00,1970-01-21 01:49:00,2636.981,2636.501,SL,-0.6400000000000182,1,q0.85|d0.6|cd2
1048867,long,1970-01-21 01:49:00,1970-01-21 01:50:00,1970-01-21 01:50:00,2619.979,2621.1789999999996,TP,1.0399999999998182,4,q0.85|d0.6|cd2
1051491,long,1970-01-21 01:51:00,1970-01-21 01:52:00,1970-01-21 01:52:00,2624.257,2625.606015625,TP,1.1890156249999928,1,q0.85|d0.6|cd2
1052774,short,1970-01-21 01:55:00,1970-01-21 01:56:00,1970-01-21 01:56:00,2617.231,2616.0310000000004,TP,-1.3589999999998181,1,q0.85|d0.6|cd2
1052794,short,1970-01-21 01:56:00,1970-01-21 01:57:00,1970-01-21 01:57:00,2619.233,2618.0330000000004,TP,-1.3589999999998181,4,q0.85|d0.6|cd2
1054406,long,1970-01-21 01:57:00,1970-01-21 01:59:00,1970-01-21 01:59:00,2615.621,2616.821,TP,1.0399999999998182,1,q0.85|d0.6|cd2
1054656,long,1970-01-21 01:59:00,1970-01-21 02:00:00,1970-01-21 02:00:00,2625.398,2626.598,TP,1.0399999999998182,1,q0.85|d0.6|cd2
1055376,long,1970-01-21 02:00:00,1970-01-21 02:01:00,1970-01-21 02:01:00,2631.899,2631.419,SL,-0.6400000000000182,2,q0.85|d0.6|cd2
1055953,long,1970-01-21 02:01:00,1970-01-21 02:02:00,1970-01-21 02:02:00,2615.403,2616.6029999999996,TP,1.0399999999998182,5,q0.85|d0.6|cd2
1058196,long,1970-01-21 02:06:00,1970-01-21 02:07:00,1970-01-21 02:07:00,2605.773,2607.1389270833333,TP,1.2059270833331903,27,q0.85|d0.6|cd2
1059623,long,1970-01-21 02:07:00,1970-01-21 02:08:00,1970-01-21 02:08:00,2624.075,2623.566902083333,SL,-0.667097916666884,4,q0.85|d0.6|cd2
1060182,long,1970-01-21 02:09:00,1970-01-21 02:10:00,1970-01-21 02:10:00,2633.89,2635.0899999999997,TP,1.0399999999998182,6,q0.85|d0.6|cd2
1060639,short,1970-01-21 02:10:00,1970-01-21 02:11:00,1970-01-21 02:11:00,2658.414,2658.8940000000002,SL,0.32000000000001816,10,q0.85|d0.6|cd2
1062191,long,1970-01-21 02:11:00,1970-01-21 02:12:00,1970-01-21 02:12:00,2643.812,2645.0119999999997,TP,1.0399999999998182,1,q0.85|d0.6|cd2
1063480,long,1970-01-21 02:16:00,1970-01-21 02:17:00,1970-01-21 02:17:00,2638.836,2640.14909375,TP,1.1530937500000074,23,q0.85|d0.6|cd2
1064885,long,1970-01-21 02:17:00,1970-01-21 02:18:00,1970-01-21 02:18:00,2649.298,2648.8179999999998,SL,-0.6400000000000182,1,q0.85|d0.6|cd2
1066347,long,1970-01-21 02:19:00,1970-01-21 02:20:00,1970-01-21 02:20:00,2659.656,2659.1457291666666,SL,-0.6702708333333794,4,q0.85|d0.6|cd2
1067619,long,1970-01-21 02:20:00,1970-01-21 02:21:00,1970-01-21 02:21:00,2670.696,2670.216,SL,-0.6400000000000182,3,q0.85|d0.6|cd2
1068999,long,1970-01-21 02:21:00,1970-01-21 02:22:00,1970-01-21 02:22:00,2685.784,2685.304,SL,-0.6390000000000182,1,q0.85|d0.6|cd2
1069096,long,1970-01-21 02:22:00,1970-01-21 02:25:00,1970-01-21 02:25:00,2689.769,2689.017839583333,SL,-0.9111604166666075,1,q0.85|d0.6|cd2
1070391,short,1970-01-21 02:26:00,1970-01-21 02:27:00,1970-01-21 02:27:00,2670.778,2669.105046875,TP,-1.8319531249998218,16,q0.85|d0.6|cd2
1071904,long,1970-01-21 02:27:00,1970-01-21 02:28:00,1970-01-21 02:28:00,2671.365,2670.715625,SL,-0.8093749999999637,5,q0.85|d0.6|cd2
1073156,long,1970-01-21 02:29:00,1970-01-21 02:30:00,1970-01-21 02:30:00,2697.144,2696.6639999999998,SL,-0.6390000000000182,67,q0.85|d0.6|cd2
1074569,long,1970-01-21 02:30:00,1970-01-21 02:31:00,1970-01-21 02:31:00,2716.409,2715.828841666667,SL,-0.7401583333332019,3,q0.85|d0.6|cd2
1076125,long,1970-01-21 02:32:00,1970-01-21 02:35:00,1970-01-21 02:35:00,2702.629,2702.065977083333,SL,-0.723022916666796,1,q0.85|d0.6|cd2
1076500,short,1970-01-21 02:35:00,1970-01-21 02:36:00,1970-01-21 02:36:00,2703.571,2704.051,SL,0.32000000000001816,1,q0.85|d0.6|cd2
1077852,long,1970-01-21 02:37:00,1970-01-21 02:38:00,1970-01-21 02:38:00,2741.967,2743.167,TP,1.0399999999998182,1,q0.85|d0.6|cd2
1078717,long,1970-01-21 02:38:00,1970-01-21 02:39:00,1970-01-21 02:39:00,2758.439,2759.9377031249996,TP,1.3387031249997927,2,q0.85|d0.6|cd2
1079684,long,1970-01-21 02:39:00,1970-01-21 02:40:00,1970-01-21 02:40:00,2753.199,2752.6391270833333,SL,-0.7198729166667909,1,q0.85|d0.6|cd2
1081161,long,1970-01-21 02:40:00,1970-01-21 02:41:00,1970-01-21 02:41:00,2756.256,2757.4559999999997,TP,1.0399999999998182,4,q0.85|d0.6|cd2
1081985,long,1970-01-21 02:41:00,1970-01-21 02:42:00,1970-01-21 02:42:00,2776.712,2776.232,SL,-0.6400000000000182,2,q0.85|d0.6|cd2
1082743,long,1970-01-21 02:42:00,1970-01-21 02:45:00,1970-01-21 02:45:00,2765.65,2767.067375,TP,1.2573749999999928,1,q0.85|d0.6|cd2
1083361,short,1970-01-21 02:45:00,1970-01-21 02:46:00,1970-01-21 02:46:00,2753.095,2753.583725,SL,0.3287250000001586,1,q0.85|d0.6|cd2
1083994,long,1970-01-21 02:46:00,1970-01-21 02:47:00,1970-01-21 02:47:00,2739.991,2741.5619895833333,TP,1.4109895833333577,6,q0.85|d0.6|cd2
1086798,short,1970-01-21 02:49:00,1970-01-21 02:50:00,1970-01-21 02:50:00,2759.958,2760.438,SL,0.32100000000001816,6,q0.85|d0.6|cd2
1088164,long,1970-01-21 02:50:00,1970-01-21 02:51:00,1970-01-21 02:51:00,2795.575,2795.095,SL,-0.6400000000000182,3,q0.85|d0.6|cd2
1089461,long,1970-01-21 02:52:00,1970-01-21 02:55:00,1970-01-21 02:55:00,2801.018,2800.538,SL,-0.6400000000000182,1,q0.85|d0.6|cd2
1090178,short,1970-01-21 02:55:00,1970-01-21 02:56:00,1970-01-21 02:56:00,2783.208,2784.0674645833333,SL,0.6994645833331924,7,q0.85|d0.6|cd2
1090945,long,1970-01-21 02:56:00,1970-01-21 02:57:00,1970-01-21 02:57:00,2813.266,2812.670216666667,SL,-0.7547833333332019,2,q0.85|d0.6|cd2
1092298,long,1970-01-21 02:57:00,1970-01-21 02:58:00,1970-01-21 02:58:00,2840.195,2839.6064666666666,SL,-0.7475333333335439,1,q0.85|d0.6|cd2
1092309,long,1970-01-21 02:58:00,1970-01-21 02:59:00,1970-01-21 02:59:00,2857.209,2856.607025,SL,-0.7619750000000386,5,q0.85|d0.6|cd2
1093667,short,1970-01-21 02:59:00,1970-01-21 03:00:00,1970-01-21 03:00:00,2869.276,2869.8855958333334,SL,0.4495958333335147,4,q0.85|d0.6|cd2
1095080,long,1970-01-21 03:00:00,1970-01-21 03:01:00,1970-01-21 03:01:00,2852.183,2851.46873125,SL,-0.8732687499999738,8,q0.85|d0.6|cd2
1095192,long,1970-01-21 03:01:00,1970-01-21 03:02:00,1970-01-21 03:02:00,2868.373,2867.5411791666666,SL,-0.9918208333334951,1,q0.85|d0.6|cd2
1096429,long,1970-01-21 03:02:00,1970-01-21 03:05:00,1970-01-21 03:05:00,2861.269,2863.0365416666664,TP,1.6085416666666024,3,q0.85|d0.6|cd2
1098342,long,1970-01-21 03:07:00,1970-01-21 03:08:00,1970-01-21 03:08:00,2882.727,2883.9269999999997,TP,1.0399999999998182,1,q0.85|d0.6|cd2
1099150,long,1970-01-21 03:08:00,1970-01-21 03:09:00,1970-01-21 03:09:00,2886.159,2888.179104166667,TP,1.8601041666668972,9,q0.85|d0.6|cd2
1100556,long,1970-01-21 03:09:00,1970-01-21 03:10:00,1970-01-21 03:10:00,2905.415,2904.550458333333,SL,-1.0245416666668097,7,q0.85|d0.6|cd2
1101980,short,1970-01-21 03:10:00,1970-01-21 03:11:00,1970-01-21 03:11:00,2919.144,2917.3278281249995,TP,-1.9761718750002364,4,q0.85|d0.6|cd2
1101983,short,1970-01-21 03:11:00,1970-01-21 03:12:00,1970-01-21 03:12:00,2931.81,2932.5395791666665,SL,0.5695791666665536,3,q0.85|d0.6|cd2
1103220,long,1970-01-21 03:12:00,1970-01-21 03:15:00,1970-01-21 03:15:00,2893.643,2893.13514375,SL,-0.6678562499998043,1,q0.85|d0.6|cd2
1105803,long,1970-01-21 03:18:00,1970-01-21 03:19:00,1970-01-21 03:19:00,2928.079,2929.279,TP,1.0399999999998182,10,q0.85|d0.6|cd2
1106678,short,1970-01-21 03:19:00,1970-01-21 03:20:00,1970-01-21 03:20:00,2935.481,2934.2810000000004,TP,-1.359999999999818,6,q0.85|d0.6|cd2
1108578,long,1970-01-21 03:20:00,1970-01-21 03:21:00,1970-01-21 03:21:00,2933.991,2933.4467916666667,SL,-0.7042083333332448,1,q0.85|d0.6|cd2
1108615,long,1970-01-21 03:21:00,1970-01-21 03:22:00,1970-01-21 03:22:00,2930.373,2929.7410458333334,SL,-0.7919541666666737,4,q0.85|d0.6|cd2
1111364,long,1970-01-21 03:26:00,1970-01-21 03:27:00,1970-01-21 03:27:00,2943.343,2944.6577760416667,TP,1.1547760416668462,5,q0.85|d0.6|cd2
1112181,short,1970-01-21 03:27:00,1970-01-21 03:28:00,1970-01-21 03:28:00,2939.289,2939.7690000000002,SL,0.32000000000001816,1,q0.85|d0.6|cd2
1112681,long,1970-01-21 03:28:00,1970-01-21 03:29:00,1970-01-21 03:29:00,2920.325,2919.7948187499996,SL,-0.6901812500001688,5,q0.85|d0.6|cd2
1115000,long,1970-01-21 03:30:00,1970-01-21 03:31:00,1970-01-21 03:31:00,2886.309,2885.7544770833333,SL,-0.7145229166668833,1,q0.85|d0.6|cd2
1115543,long,1970-01-21 03:31:00,1970-01-21 03:32:00,1970-01-21 03:32:00,2864.713,2863.861272916667,SL,-1.0107270833331168,8,q0.85|d0.6|cd2
1116876,long,1970-01-21 03:32:00,1970-01-21 03:35:00,1970-01-21 03:35:00,2873.556,2872.93419375,SL,-0.7818062500001907,1,q0.85|d0.6|cd2
1118364,long,1970-01-21 03:36:00,1970-01-21 03:37:00,1970-01-21 03:37:00,2890.606,2892.266479166667,TP,1.5004791666668462,1,q0.85|d0.6|cd2
1118405,long,1970-01-21 03:37:00,1970-01-21 03:38:00,1970-01-21 03:38:00,2916.602,2918.3275364583333,TP,1.5655364583334086,3,q0.85|d0.6|cd2
1119342,long,1970-01-21 03:38:00,1970-01-21 03:39:00,1970-01-21 03:39:00,2907.235,2906.654466666667,SL,-0.7405333333332783,1,q0.85|d0.6|cd2
1120999,long,1970-01-21 03:39:00,1970-01-21 03:40:00,1970-01-21 03:40:00,2915.02,2914.3421208333334,SL,-0.8378791666665711,1,q0.85|d0.6|cd2
1122110,long,1970-01-21 03:40:00,1970-01-21 03:41:00,1970-01-21 03:41:00,2901.826,2903.3374375,TP,1.351437499999829,1,q0.85|d0.6|cd2
1122923,long,1970-01-21 03:41:00,1970-01-21 03:42:00,1970-01-21 03:42:00,2905.285,2904.805,SL,-0.6400000000000182,4,q0.85|d0.6|cd2
1123772,long,1970-01-21 03:42:00,1970-01-21 03:43:00,1970-01-21 03:43:00,2910.295,2909.57221875,SL,-0.8827812500000255,5,q0.85|d0.6|cd2
1125269,short,1970-01-21 03:47:00,1970-01-21 03:48:00,1970-01-21 03:48:00,2901.052,2901.9005083333336,SL,0.6885083333334842,4,q0.85|d0.6|cd2
1126598,long,1970-01-21 03:48:00,1970-01-21 03:49:00,1970-01-21 03:49:00,2912.902,2912.2983895833336,SL,-0.76361041666647,2,q0.85|d0.6|cd2
1127549,short,1970-01-21 03:49:00,1970-01-21 03:50:00,1970-01-21 03:50:00,2937.054,2937.534,SL,0.32000000000001816,1,q0.85|d0.6|cd2
1128140,long,1970-01-21 03:50:00,1970-01-21 03:51:00,1970-01-21 03:51:00,2947.725,2946.926339583333,SL,-0.9586604166667348,7,q0.85|d0.6|cd2
1129362,long,1970-01-21 03:51:00,1970-01-21 03:52:00,1970-01-21 03:52:00,2985.786,2987.3588385416665,TP,1.4128385416664424,2,q0.85|d0.6|cd2
1130671,long,1970-01-21 03:52:00,1970-01-21 03:53:00,1970-01-21 03:53:00,2983.0,2982.33715,SL,-0.8218500000001623,16,q0.85|d0.6|cd2
1132010,long,1970-01-21 03:56:00,1970-01-21 03:57:00,1970-01-21 03:57:00,2988.369,2987.8422625000003,SL,-0.6867374999998538,1,q0.85|d0.6|cd2
1132067,long,1970-01-21 03:57:00,1970-01-21 03:58:00,1970-01-21 03:58:00,3013.195,3014.7583229166667,TP,1.4033229166664933,6,q0.85|d0.6|cd2
1133384,long,1970-01-21 03:58:00,1970-01-21 03:59:00,1970-01-21 03:59:00,3032.57,3032.025660416667,SL,-0.7043395833331124,1,q0.85|d0.6|cd2
1134551,short,1970-01-21 03:59:00,1970-01-21 04:00:00,1970-01-21 04:00:00,3031.482,3032.0675875,SL,0.4255875000002015,1,q0.85|d0.6|cd2
1135157,long,1970-01-21 04:00:00,1970-01-21 04:01:00,1970-01-21 04:01:00,3042.363,3041.7053979166667,SL,-0.8176020833331313,1,q0.85|d0.6|cd2
1136849,long,1970-01-21 04:02:00,1970-01-21 04:03:00,1970-01-21 04:03:00,3013.714,3014.9139999999998,TP,1.0399999999998182,3,q0.85|d0.6|cd2
1139068,short,1970-01-21 04:07:00,1970-01-21 04:08:00,1970-01-21 04:08:00,3018.094,3018.7326916666666,SL,0.4786916666665456,2,q0.85|d0.6|cd2
1140341,long,1970-01-21 04:08:00,1970-01-21 04:09:00,1970-01-21 04:09:00,3019.663,3021.0176302083332,TP,1.1946302083332194,2,q0.85|d0.6|cd2
1141144,short,1970-01-21 04:09:00,1970-01-21 04:10:00,1970-01-21 04:10:00,3018.774,3019.254,SL,0.32000000000001816,1,q0.85|d0.6|cd2
1141742,short,1970-01-21 04:10:00,1970-01-21 04:11:00,1970-01-21 04:11:00,3031.972,3030.574526041667,TP,-1.5574739583331938,11,q0.85|d0.6|cd2
1142865,long,1970-01-21 04:11:00,1970-01-21 04:12:00,1970-01-21 04:12:00,3055.726,3055.212497916667,SL,-0.673502083333151,1,q0.85|d0.6|cd2
1143748,long,1970-01-21 04:12:00,1970-01-21 04:13:00,1970-01-21 04:13:00,3082.878,3084.078,TP,1.0399999999998182,2,q0.85|d0.6|cd2
1144620,short,1970-01-21 04:13:00,1970-01-21 04:16:00,1970-01-21 04:16:00,3092.531,3093.480825,SL,0.7898250000001462,1,q0.85|d0.6|cd2
1145972,short,1970-01-21 04:17:00,1970-01-21 04:18:00,1970-01-21 04:18:00,3145.99,3146.9541499999996,SL,0.8051499999997904,7,q0.85|d0.6|cd2
1146773,short,1970-01-21 04:18:00,1970-01-21 04:19:00,1970-01-21 04:19:00,3118.569,3119.23724375,SL,0.5082437499998741,5,q0.85|d0.6|cd2
1149033,long,1970-01-21 04:20:00,1970-01-21 04:21:00,1970-01-21 04:21:00,3131.924,3130.7053270833335,SL,-1.3786729166664917,2,q0.85|d0.6|cd2
1149826,long,1970-01-21 04:21:00,1970-01-21 04:22:00,1970-01-21 04:22:00,3115.584,3114.4665375,SL,-1.277462499999874,5,q0.85|d0.6|cd2
1151302,long,1970-01-21 04:22:00,1970-01-21 04:23:00,1970-01-21 04:23:00,3039.364,3037.4724875,SL,-2.0505124999998623,1,q0.85|d0.6|cd2
1151412,long,1970-01-21 04:23:00,1970-01-21 04:26:00,1970-01-21 04:26:00,3028.686,3026.2774083333334,SL,-2.56859166666678,4,q0.85|d0.6|cd2
1154215,short,1970-01-21 04:28:00,1970-01-21 04:29:00,1970-01-21 04:29:00,2979.638,2980.86,SL,1.0620000000002074,6,q0.85|d0.6|cd2
1155391,long,1970-01-21 04:30:00,1970-01-21 04:31:00,1970-01-21 04:31:00,3122.232,3125.4650208333333,TP,3.074020833333285,8,q0.85|d0.6|cd2
1156923,long,1970-01-21 04:31:00,1970-01-21 04:32:00,1970-01-21 04:32:00,3177.764,3181.274572916667,TP,3.3505729166666605,32,q0.85|d0.6|cd2
1157365,long,1970-01-21 04:32:00,1970-01-21 04:33:00,1970-01-21 04:33:00,3224.083,3226.10440625,TP,1.8614062499999273,1,q0.85|d0.6|cd2
1159534,long,1970-01-21 04:37:00,1970-01-21 04:38:00,1970-01-21 04:38:00,3220.113,3222.750270833333,TP,2.4782708333333323,2,q0.85|d0.6|cd2
1161440,long,1970-01-21 04:39:00,1970-01-21 04:40:00,1970-01-21 04:40:00,3304.669,3304.180445833333,SL,-0.647554166666745,2,q0.85|d0.6|cd2
1162304,long,1970-01-21 04:40:00,1970-01-21 04:41:00,1970-01-21 04:41:00,3341.832,3340.7764666666667,SL,-1.2155333333331872,1,q0.85|d0.6|cd2
1163712,long,1970-01-21 04:41:00,1970-01-21 04:42:00,1970-01-21 04:42:00,3320.691,3319.532958333333,SL,-1.3180416666665768,1,q0.85|d0.6|cd2
1165024,long,1970-01-21 04:47:00,1970-01-21 04:48:00,1970-01-21 04:48:00,3434.524,3433.639083333333,SL,-1.0449166666668679,1,q0.85|d0.6|cd2
1165645,short,1970-01-21 04:48:00,1970-01-21 04:49:00,1970-01-21 04:49:00,3376.844,3374.2768697916667,TP,-2.7271302083333104,1,q0.85|d0.6|cd2
1167811,long,1970-01-21 04:50:00,1970-01-21 04:51:00,1970-01-21 04:51:00,3357.44,3361.5463020833336,TP,3.9473020833335033,1,q0.85|d0.6|cd2
1169812,short,1970-01-21 04:52:00,1970-01-21 04:53:00,1970-01-21 04:53:00,3295.396,3296.5253145833335,SL,0.9693145833333255,2,q0.85|d0.6|cd2
1170483,long,1970-01-21 04:53:00,1970-01-21 04:56:00,1970-01-21 04:56:00,3325.64,3324.6011270833333,SL,-1.1988729166666052,1,q0.85|d0.6|cd2
1171979,long,1970-01-21 04:57:00,1970-01-21 04:58:00,1970-01-21 04:58:00,3337.258,3336.104902083333,SL,-1.3130979166668657,5,q0.85|d0.6|cd2
1173360,short,1970-01-21 04:58:00,1970-01-21 04:59:00,1970-01-21 04:59:00,3309.461,3310.61916875,SL,0.9981687500001862,1,q0.85|d0.6|cd2
1173500,short,1970-01-21 04:59:00,1970-01-21 05:00:00,1970-01-21 05:00:00,3307.242,3304.453078125,TP,-2.948921875000142,7,q0.85|d0.6|cd2
1174333,long,1970-01-21 05:00:00,1970-01-21 05:01:00,1970-01-21 05:01:00,3252.423,3251.664752083333,SL,-0.9182479166667327,1,q0.85|d0.6|cd2
1175228,long,1970-01-21 05:00:00,1970-01-21 05:01:00,1970-01-21 05:01:00,3252.423,3251.3691604166665,SL,-1.2128395833332288,1,q0.85|d0.6|cd2
1175270,long,1970-01-21 05:01:00,1970-01-21 05:02:00,1970-01-21 05:02:00,3219.967,3218.68265,SL,-1.4443499999999039,1,q0.85|d0.6|cd2
1177378,long,1970-01-21 05:03:00,1970-01-21 05:06:00,1970-01-21 05:06:00,3238.49,3240.8752499999996,TP,2.2262499999998147,1,q0.85|d0.6|cd2
1178114,short,1970-01-21 05:06:00,1970-01-21 05:07:00,1970-01-21 05:07:00,3255.947,3256.761304166667,SL,0.6543041666667159,1,q0.85|d0.6|cd2
1178241,short,1970-01-21 05:07:00,1970-01-21 05:08:00,1970-01-21 05:08:00,3336.247,3337.1254458333333,SL,0.7184458333334441,1,q0.85|d0.6|cd2
1179458,long,1970-01-21 05:08:00,1970-01-21 05:09:00,1970-01-21 05:09:00,3391.747,3394.4045781249997,TP,2.498578124999873,1,q0.85|d0.6|cd2
1182275,long,1970-01-21 05:11:00,1970-01-21 05:12:00,1970-01-21 05:12:00,3330.47,3329.4746499999997,SL,-1.155350000000144,1,q0.85|d0.6|cd2
1183042,long,1970-01-21 05:12:00,1970-01-21 05:13:00,1970-01-21 05:13:00,3323.454,3326.7577239583334,TP,3.1437239583331937,6,q0.85|d0.6|cd2
1184795,long,1970-01-21 05:16:00,1970-01-21 05:17:00,1970-01-21 05:17:00,3274.572,3276.88496875,TP,2.1529687499999817,1,q0.85|d0.6|cd2
1185271,long,1970-01-21 05:17:00,1970-01-21 05:18:00,1970-01-21 05:18:00,3235.355,3234.3117708333334,SL,-1.203229166666606,1,q0.85|d0.6|cd2
1187017,long,1970-01-21 05:19:00,1970-01-21 05:20:00,1970-01-21 05:20:00,3224.628,3223.6885958333337,SL,-1.0994041666664633,10,q0.85|d0.6|cd2
1187902,short,1970-01-21 05:20:00,1970-01-21 05:21:00,1970-01-21 05:21:00,3179.701,3180.635604166667,SL,0.7746041666667588,2,q0.85|d0.6|cd2
1190335,long,1970-01-21 05:22:00,1970-01-21 05:23:00,1970-01-21 05:23:00,3208.079,3207.3489583333335,SL,-0.8900416666666934,1,q0.85|d0.6|cd2
1191049,long,1970-01-21 05:23:00,1970-01-21 05:26:00,1970-01-21 05:26:00,3214.226,3213.0781958333337,SL,-1.3068041666664467,1,q0.85|d0.6|cd2
1191688,short,1970-01-21 05:26:00,1970-01-21 05:27:00,1970-01-21 05:27:00,3218.473,3219.3534041666667,SL,0.7214041666667217,1,q0.85|d0.6|cd2
1193259,short,1970-01-21 05:28:00,1970-01-21 05:29:00,1970-01-21 05:29:00,3240.285,3238.2235260416664,TP,-2.2214739583334087,1,q0.85|d0.6|cd2
1193929,long,1970-01-21 05:29:00,1970-01-21 05:30:00,1970-01-21 05:30:00,3307.505,3306.6081333333336,SL,-1.056866666666483,1,q0.85|d0.6|cd2
1195248,short,1970-01-21 05:30:00,1970-01-21 05:31:00,1970-01-21 05:31:00,3315.139,3316.0138666666667,SL,0.7148666666665485,1,q0.85|d0.6|cd2
1195951,long,1970-01-21 05:31:00,1970-01-21 05:32:00,1970-01-21 05:32:00,3314.253,3313.4924604166667,SL,-0.9205395833334115,1,q0.85|d0.6|cd2
1196639,long,1970-01-21 05:32:00,1970-01-21 05:33:00,1970-01-21 05:33:00,3323.825,3326.666630208333,TP,2.6816302083332992,1,q0.85|d0.6|cd2
1197980,long,1970-01-21 05:33:00,1970-01-21 05:36:00,1970-01-21 05:36:00,3352.095,3351.051364583333,SL,-1.2036354166668024,1,q0.85|d0.6|cd2
1200114,long,1970-01-21 05:38:00,1970-01-21 05:39:00,1970-01-21 05:39:00,3296.3,3297.8631041666667,TP,1.4031041666665625,1,q0.85|d0.6|cd2
1200407,long,1970-01-21 05:39:00,1970-01-21 05:40:00,1970-01-21 05:40:00,3308.068,3306.8778895833334,SL,-1.3501104166668119,3,q0.85|d0.6|cd2
1201956,long,1970-01-21 05:40:00,1970-01-21 05:41:00,1970-01-21 05:41:00,3296.805,3298.5206875,TP,1.5556875000000583,3,q0.85|d0.6|cd2
1202501,long,1970-01-21 05:41:00,1970-01-21 05:42:00,1970-01-21 05:42:00,3299.844,3299.1406104166667,SL,-0.863389583333319,1,q0.85|d0.6|cd2
1203333,long,1970-01-21 05:42:00,1970-01-21 05:43:00,1970-01-21 05:43:00,3293.301,3292.5100791666664,SL,-0.9499208333335301,4,q0.85|d0.6|cd2
1204754,long,1970-01-21 05:43:00,1970-01-21 05:46:00,1970-01-21 05:46:00,3303.113,3305.475125,TP,2.2031250000001057,2,q0.85|d0.6|cd2
1206173,long,1970-01-21 05:47:00,1970-01-21 05:48:00,1970-01-21 05:48:00,3374.319,3376.6338229166668,TP,2.155822916666799,3,q0.85|d0.6|cd2
1206266,long,1970-01-21 05:48:00,1970-01-21 05:49:00,1970-01-21 05:49:00,3362.725,3361.721235416667,SL,-1.1637645833331225,1,q0.85|d0.6|cd2
1207527,long,1970-01-21 05:49:00,1970-01-21 05:50:00,1970-01-21 05:50:00,3361.425,3363.4279583333337,TP,1.8429583333334814,3,q0.85|d0.6|cd2
1208859,long,1970-01-21 05:50:00,1970-01-21 05:51:00,1970-01-21 05:51:00,3379.149,3378.3433541666664,SL,-0.9656458333335286,2,q0.85|d0.6|cd2
1209595,short,1970-01-21 05:51:00,1970-01-21 05:52:00,1970-01-21 05:52:00,3396.37,3396.9866625,SL,0.4566625000000749,1,q0.85|d0.6|cd2
1210074,long,1970-01-21 05:52:00,1970-01-21 05:53:00,1970-01-21 05:53:00,3362.78,3364.5334895833334,TP,1.5934895833332485,1,q0.85|d0.6|cd2
1211667,long,1970-01-21 05:53:00,1970-01-21 05:54:00,1970-01-21 05:54:00,3312.382,3311.2296625,SL,-1.311337500000158,1,q0.85|d0.6|cd2
1212304,long,1970-01-21 05:57:00,1970-01-21 05:58:00,1970-01-21 05:58:00,3318.364,3317.553966666667,SL,-0.9700333333331946,1,q0.85|d0.6|cd2
1213681,long,1970-01-21 05:58:00,1970-01-21 05:59:00,1970-01-21 05:59:00,3326.145,3325.51075,SL,-0.7942500000000655,1,q0.85|d0.6|cd2
1214445,long,1970-01-21 05:59:00,1970-01-21 06:00:00,1970-01-21 06:00:00,3327.936,3327.1192250000004,SL,-0.9757749999997796,1,q0.85|d0.6|cd2
1215716,long,1970-01-21 06:00:00,1970-01-21 06:01:00,1970-01-21 06:01:00,3328.604,3330.8451354166664,TP,2.081135416666566,8,q0.85|d0.6|cd2
1217092,long,1970-01-21 06:02:00,1970-01-21 06:03:00,1970-01-21 06:03:00,3427.539,3426.5574208333337,SL,-1.1415791666665063,1,q0.85|d0.6|cd2
1217808,long,1970-01-21 06:03:00,1970-01-21 06:04:00,1970-01-21 06:04:00,3433.733,3436.2800677083337,TP,2.387067708333543,9,q0.85|d0.6|cd2
1219441,short,1970-01-21 06:07:00,1970-01-21 06:08:00,1970-01-21 06:08:00,3415.857,3413.8500729166667,TP,-2.166927083333267,2,q0.85|d0.6|cd2
1219900,long,1970-01-21 06:08:00,1970-01-21 06:09:00,1970-01-21 06:09:00,3392.652,3391.7321645833335,SL,-1.0798354166665012,1,q0.85|d0.6|cd2
1222655,long,1970-01-21 06:10:00,1970-01-21 06:11:00,1970-01-21 06:11:00,3385.3,3387.054984375,TP,1.5949843749998218,2,q0.85|d0.6|cd2
1222887,short,1970-01-21 06:11:00,1970-01-21 06:12:00,1970-01-21 06:12:00,3366.004,3364.1258229166665,TP,-2.0381770833334123,1,q0.85|d0.6|cd2
1224516,long,1970-01-21 06:13:00,1970-01-21 06:14:00,1970-01-21 06:14:00,3371.621,3370.97719375,SL,-0.8038062500001252,1,q0.85|d0.6|cd2
1226616,short,1970-01-21 06:18:00,1970-01-21 06:19:00,1970-01-21 06:19:00,3349.129,3346.8146302083333,TP,-2.47436979166665,25,q0.85|d0.6|cd2
1227465,long,1970-01-21 06:19:00,1970-01-21 06:20:00,1970-01-21 06:20:00,3324.444,3323.702533333333,SL,-0.9014666666668382,1,q0.85|d0.6|cd2
1229317,long,1970-01-21 06:21:00,1970-01-21 06:22:00,1970-01-21 06:22:00,3335.802,3337.457901041667,TP,1.4959010416667662,5,q0.85|d0.6|cd2
1230623,long,1970-01-21 06:22:00,1970-01-21 06:23:00,1970-01-21 06:23:00,3322.496,3321.818254166667,SL,-0.8377458333331197,2,q0.85|d0.6|cd2
1231219,long,1970-01-21 06:23:00,1970-01-21 06:24:00,1970-01-21 06:24:00,3274.574,3275.774,TP,1.0399999999998182,1,q0.85|d0.6|cd2
1233641,long,1970-01-21 06:28:00,1970-01-21 06:29:00,1970-01-21 06:29:00,3318.305,3319.9778593749998,TP,1.5128593749999164,1,q0.85|d0.6|cd2
1234371,long,1970-01-21 06:29:00,1970-01-21 06:30:00,1970-01-21 06:30:00,3338.042,3337.5328812499997,SL,-0.6691187500001979,1,q0.85|d0.6|cd2
1236766,long,1970-01-21 06:31:00,1970-01-21 06:32:00,1970-01-21 06:32:00,3353.63,3353.1229020833334,SL,-0.6670979166666803,1,q0.85|d0.6|cd2
1237484,long,1970-01-21 06:32:00,1970-01-21 06:33:00,1970-01-21 06:33:00,3326.167,3325.4687083333333,SL,-0.8582916666665915,1,q0.85|d0.6|cd2
1239288,long,1970-01-21 06:37:00,1970-01-21 06:38:00,1970-01-21 06:38:00,3309.277,3308.74938125,SL,-0.6876187499998742,2,q0.85|d0.6|cd2
1241457,long,1970-01-21 06:39:00,1970-01-21 06:40:00,1970-01-21 06:40:00,3303.963,3305.6597552083335,TP,1.5367552083333431,6,q0.85|d0.6|cd2
1244185,long,1970-01-21 06:42:00,1970-01-21 06:43:00,1970-01-21 06:43:00,3324.428,3323.712685416667,SL,-0.875314583333111,5,q0.85|d0.6|cd2
1244790,long,1970-01-21 06:43:00,1970-01-21 06:44:00,1970-01-21 06:44:00,3357.844,3357.364,SL,-0.6400000000000182,1,q0.85|d0.6|cd2
1245520,long,1970-01-21 06:44:00,1970-01-21 06:47:00,1970-01-21 06:47:00,3361.295,3360.6223208333336,SL,-0.8326791666665122,1,q0.85|d0.6|cd2
1246875,short,1970-01-21 06:48:00,1970-01-21 06:49:00,1970-01-21 06:49:00,3346.693,3347.2791270833336,SL,0.42612708333339466,1,q0.85|d0.6|cd2
1248282,long,1970-01-21 06:49:00,1970-01-21 06:50:00,1970-01-21 06:50:00,3331.241,3330.5228333333334,SL,-0.8781666666665479,2,q0.85|d0.6|cd2
1248509,long,1970-01-21 06:50:00,1970-01-21 06:51:00,1970-01-21 06:51:00,3340.022,3339.0856270833333,SL,-1.0963729166666416,5,q0.85|d0.6|cd2
1249781,long,1970-01-21 06:51:00,1970-01-21 06:52:00,1970-01-21 06:52:00,3339.838,3338.7133270833338,SL,-1.2846729166664408,1,q0.85|d0.6|cd2
1251226,short,1970-01-21 06:52:00,1970-01-21 06:53:00,1970-01-21 06:53:00,3339.93,3340.7629562499997,SL,0.6729562499998246,26,q0.85|d0.6|cd2
1252205,long,1970-01-21 06:53:00,1970-01-21 06:54:00,1970-01-21 06:54:00,3354.458,3355.677026041667,TP,1.0590260416668935,1,q0.85|d0.6|cd2
1252377,long,1970-01-21 06:54:00,1970-01-21 06:57:00,1970-01-21 06:57:00,3348.767,3350.0357083333333,TP,1.1087083333335068,1,q0.85|d0.6|cd2
1253139,short,1970-01-21 06:57:00,1970-01-21 06:58:00,1970-01-21 06:58:00,3369.386,3368.186,TP,-1.359999999999818,1,q0.85|d0.6|cd2
1253737,long,1970-01-21 06:58:00,1970-01-21 06:59:00,1970-01-21 06:59:00,3400.178,3401.3779999999997,TP,1.0399999999998182,2,q0.85|d0.6|cd2
1255186,long,1970-01-21 06:59:00,1970-01-21 07:00:00,1970-01-21 07:00:00,3426.64,3428.1556874999997,TP,1.3556874999997854,7,q0.85|d0.6|cd2
1255316,long,1970-01-21 07:00:00,1970-01-21 07:01:00,1970-01-21 07:01:00,3426.156,3425.274525,SL,-1.0414750000001367,6,q0.85|d0.6|cd2
1256577,short,1970-01-21 07:01:00,1970-01-21 07:02:00,1970-01-21 07:02:00,3392.379,3390.518989583333,TP,-2.0200104166666826,1,q0.85|d0.6|cd2
1259255,long,1970-01-21 07:04:00,1970-01-21 07:07:00,1970-01-21 07:07:00,3329.144,3330.5399531249996,TP,1.2359531249997782,1,q0.85|d0.6|cd2
1260675,long,1970-01-21 07:08:00,1970-01-21 07:09:00,1970-01-21 07:09:00,3313.217,3312.5754312500003,SL,-0.8015687499998058,4,q0.85|d0.6|cd2
1261529,short,1970-01-21 07:09:00,1970-01-21 07:10:00,1970-01-21 07:10:00,3325.834,3326.338045833333,SL,0.3440458333332935,1,q0.85|d0.6|cd2
1263379,long,1970-01-21 07:11:00,1970-01-21 07:12:00,1970-01-21 07:12:00,3285.257,3286.82859375,TP,1.41159374999992,1,q0.85|d0.6|cd2
1266106,long,1970-01-21 07:14:00,1970-01-21 07:17:00,1970-01-21 07:17:00,3364.339,3363.694470833333,SL,-0.8045291666668709,1,q0.85|d0.6|cd2
1267541,short,1970-01-21 07:18:00,1970-01-21 07:19:00,1970-01-21 07:19:00,3374.399,3374.98735,SL,0.42834999999999124,18,q0.85|d0.6|cd2
1268754,long,1970-01-21 07:19:00,1970-01-21 07:20:00,1970-01-21 07:20:00,3369.122,3370.4470885416667,TP,1.1650885416669008,3,q0.85|d0.6|cd2
1268911,long,1970-01-21 07:20:00,1970-01-21 07:21:00,1970-01-21 07:21:00,3374.323,3373.7084604166666,SL,-0.7745395833332259,1,q0.85|d0.6|cd2
1270404,short,1970-01-21 07:21:00,1970-01-21 07:22:00,1970-01-21 07:22:00,3371.078,3371.734825,SL,0.49682500000002616,1,q0.85|d0.6|cd2
1271333,long,1970-01-21 07:22:00,1970-01-21 07:23:00,1970-01-21 07:23:00,3387.595,3387.081952083333,SL,-0.673047916666892,1,q0.85|d0.6|cd2
1272228,long,1970-01-21 07:23:00,1970-01-21 07:24:00,1970-01-21 07:24:00,3402.027,3401.10249375,SL,-1.084506249999922,1,q0.85|d0.6|cd2
1273008,long,1970-01-21 07:24:00,1970-01-21 07:27:00,1970-01-21 07:27:00,3400.57,3399.7613625000004,SL,-0.9686374999998043,1,q0.85|d0.6|cd2
1274074,long,1970-01-21 07:28:00,1970-01-21 07:29:00,1970-01-21 07:29:00,3352.695,3352.0441833333334,SL,-0.8108166666667421,1,q0.85|d0.6|cd2
1275835,long,1970-01-21 07:30:00,1970-01-21 07:31:00,1970-01-21 07:31:00,3350.588,3349.53794375,SL,-1.210056250000125,32,q0.85|d0.6|cd2
1276887,long,1970-01-21 07:31:00,1970-01-21 07:32:00,1970-01-21 07:32:00,3358.408,3357.8964354166665,SL,-0.6715645833334384,1,q0.85|d0.6|cd2
1277761,long,1970-01-21 07:32:00,1970-01-21 07:33:00,1970-01-21 07:33:00,3344.079,3343.599,SL,-0.6400000000000182,1,q0.85|d0.6|cd2
1278575,long,1970-01-21 07:33:00,1970-01-21 07:34:00,1970-01-21 07:34:00,3343.159,3342.34365625,SL,-0.975343750000011,1,q0.85|d0.6|cd2
1281261,short,1970-01-21 07:38:00,1970-01-21 07:39:00,1970-01-21 07:39:00,3333.679,3332.4790000000003,TP,-1.359999999999818,19,q0.85|d0.6|cd2
1282650,long,1970-01-21 07:40:00,1970-01-21 07:41:00,1970-01-21 07:41:00,3317.204,3316.724,SL,-0.6400000000000182,3,q0.85|d0.6|cd2
1284042,long,1970-01-21 07:41:00,1970-01-21 07:42:00,1970-01-21 07:42:00,3348.773,3348.2833041666668,SL,-0.6496958333333714,1,q0.85|d0.6|cd2
1285414,short,1970-01-21 07:43:00,1970-01-21 07:44:00,1970-01-21 07:44:00,3328.283,3328.8863854166666,SL,0.44338541666669695,7,q0.85|d0.6|cd2
1286767,long,1970-01-21 07:44:00,1970-01-21 07:47:00,1970-01-21 07:47:00,3368.744,3368.264,SL,-0.6400000000000182,1,q0.85|d0.6|cd2
1288698,long,1970-01-21 07:49:00,1970-01-21 07:50:00,1970-01-21 07:50:00,3378.097,3377.617,SL,-0.6400000000000182,1,q0.85|d0.6|cd2
1290399,short,1970-01-21 07:51:00,1970-01-21 07:52:00,1970-01-21 07:52:00,3395.094,3395.574,SL,0.32000000000001816,1,q0.85|d0.6|cd2
1292263,long,1970-01-21 07:53:00,1970-01-21 07:54:00,1970-01-21 07:54:00,3410.843,3410.3220104166667,SL,-0.6809895833331757,3,q0.85|d0.6|cd2
1293650,long,1970-01-21 07:54:00,1970-01-21 07:55:00,1970-01-21 07:55:00,3448.122,3449.3219999999997,TP,1.0399999999998182,4,q0.85|d0.6|cd2
1294420,long,1970-01-21 07:58:00,1970-01-21 07:59:00,1970-01-21 07:59:00,3477.959,3477.19015,SL,-0.9288499999999295,1,q0.85|d0.6|cd2
1296255,long,1970-01-21 08:00:00,1970-01-21 08:01:00,1970-01-21 08:01:00,3541.29,3540.4095708333334,SL,-1.0404291666665448,4,q0.85|d0.6|cd2
1297763,short,1970-01-21 08:01:00,1970-01-21 08:02:00,1970-01-21 08:02:00,3571.987,3572.9859958333336,SL,0.838995833333538,10,q0.85|d0.6|cd2
1298059,short,1970-01-21 08:02:00,1970-01-21 08:03:00,1970-01-21 08:03:00,3538.681,3539.294804166667,SL,0.4538041666667959,1,q0.85|d0.6|cd2
1300331,long,1970-01-21 08:04:00,1970-01-21 08:05:00,1970-01-21 08:05:00,3593.901,3593.2384604166664,SL,-0.8225395833334551,1,q0.85|d0.6|cd2
1300994,short,1970-01-21 08:08:00,1970-01-21 08:09:00,1970-01-21 08:09:00,3633.456,3634.1349145833333,SL,0.5189145833331531,1,q0.85|d0.6|cd2
1301840,short,1970-01-21 08:09:00,1970-01-21 08:10:00,1970-01-21 08:10:00,3645.282,3646.18920625,SL,0.7472062499999447,1,q0.85|d0.6|cd2
1303163,long,1970-01-21 08:10:00,1970-01-21 08:11:00,1970-01-21 08:11:00,3638.23,3640.1863072916667,TP,1.7963072916666898,2,q0.85|d0.6|cd2
1305407,long,1970-01-21 08:12:00,1970-01-21 08:13:00,1970-01-21 08:13:00,3627.153,3626.5973312499996,SL,-0.7156687500002227,5,q0.85|d0.6|cd2
1305629,long,1970-01-21 08:13:00,1970-01-21 08:14:00,1970-01-21 08:14:00,3639.831,3641.5465468750003,TP,1.5555468750002002,3,q0.85|d0.6|cd2
1307278,long,1970-01-21 08:14:00,1970-01-21 08:15:00,1970-01-21 08:15:00,3648.7,3648.0092833333333,SL,-0.8507166666665035,1,q0.85|d0.6|cd2
1307929,short,1970-01-21 08:18:00,1970-01-21 08:19:00,1970-01-21 08:19:00,3642.985,3643.5086312500002,SL,0.36363125000010765,1,q0.85|d0.6|cd2
1308638,long,1970-01-21 08:19:00,1970-01-21 08:20:00,1970-01-21 08:20:00,3684.376,3683.7379645833335,SL,-0.798035416666753,1,q0.85|d0.6|cd2
1310068,short,1970-01-21 08:20:00,1970-01-21 08:21:00,1970-01-21 08:21:00,3691.231,3691.9654812500003,SL,0.5744812500000444,30,q0.85|d0.6|cd2
1310809,short,1970-01-21 08:21:00,1970-01-21 08:22:00,1970-01-21 08:22:00,3685.041,3683.7233802083333,TP,-1.477619791666857,3,q0.85|d0.6|cd2
1311458,long,1970-01-21 08:22:00,1970-01-21 08:23:00,1970-01-21 08:23:00,3648.598,3647.848827083333,SL,-0.9091729166667938,2,q0.85|d0.6|cd2
1312781,long,1970-01-21 08:23:00,1970-01-21 08:24:00,1970-01-21 08:24:00,3640.242,3642.387953125,TP,1.9859531249997782,1,q0.85|d0.6|cd2
1314232,long,1970-01-21 08:24:00,1970-01-21 08:25:00,1970-01-21 08:25:00,3669.343,3668.60311875,SL,-0.8998812500000531,1,q0.85|d0.6|cd2
1314327,long,1970-01-21 08:25:00,1970-01-21 08:28:00,1970-01-21 08:28:00,3687.969,3687.1739145833335,SL,-0.9550854166665522,1,q0.85|d0.6|cd2
1315118,long,1970-01-21 08:28:00,1970-01-21 08:29:00,1970-01-21 08:29:00,3727.689,3727.0956666666666,SL,-0.7533333333332485,1,q0.85|d0.6|cd2
1315563,short,1970-01-21 08:29:00,1970-01-21 08:30:00,1970-01-21 08:30:00,3746.489,3747.3386958333335,SL,0.6896958333334987,1,q0.85|d0.6|cd2
1316651,long,1970-01-21 08:30:00,1970-01-21 08:31:00,1970-01-21 08:31:00,3763.871,3763.084945833333,SL,-0.9460541666668724,10,q0.85|d0.6|cd2
1318393,long,1970-01-21 08:32:00,1970-01-21 08:33:00,1970-01-21 08:33:00,3738.68,3741.118145833333,TP,2.2781458333332374,9,q0.85|d0.6|cd2
1321014,long,1970-01-21 08:34:00,1970-01-21 08:35:00,1970-01-21 08:35:00,3775.401,3774.6720666666665,SL,-0.8889333333333161,2,q0.85|d0.6|cd2
1321124,long,1970-01-21 08:35:00,1970-01-21 08:38:00,1970-01-21 08:38:00,3764.718,3767.2512135416664,TP,2.373213541666555,5,q0.85|d0.6|cd2
1321464,short,1970-01-21 08:38:00,1970-01-21 08:39:00,1970-01-21 08:39:00,3807.631,3808.3539291666666,SL,0.562929166666745,1,q0.85|d0.6|cd2
1323508,long,1970-01-21 08:40:00,1970-01-21 08:41:00,1970-01-21 08:41:00,3851.296,3854.4914010416664,TP,3.0354010416666277,3,q0.85|d0.6|cd2
1325124,long,1970-01-21 08:42:00,1970-01-21 08:43:00,1970-01-21 08:43:00,3864.994,3863.9821854166667,SL,-1.1718145833334892,6,q0.85|d0.6|cd2
1326561,long,1970-01-21 08:43:00,1970-01-21 08:44:00,1970-01-21 08:44:00,3856.811,3855.8539604166667,SL,-1.117039583333426,8,q0.85|d0.6|cd2
1327239,long,1970-01-21 08:44:00,1970-01-21 08:45:00,1970-01-21 08:45:00,3882.607,3881.9610166666666,SL,-0.8059833333333336,1,q0.85|d0.6|cd2
1328425,long,1970-01-21 08:48:00,1970-01-21 08:49:00,1970-01-21 08:49:00,3935.675,3937.7425260416667,TP,1.907526041666497,1,q0.85|d0.6|cd2
1329389,short,1970-01-21 08:49:00,1970-01-21 08:50:00,1970-01-21 08:50:00,3960.846,3962.12725625,SL,1.1212562499998422,1,q0.85|d0.6|cd2
1330630,long,1970-01-21 08:50:00,1970-01-21 08:51:00,1970-01-21 08:51:00,3980.954,3980.0947083333335,SL,-1.0192916666666496,1,q0.85|d0.6|cd2
1331491,long,1970-01-21 08:51:00,1970-01-21 08:52:00,1970-01-21 08:52:00,4034.059,4036.128213541667,TP,1.9092135416666134,1,q0.85|d0.6|cd2
1332210,long,1970-01-21 08:52:00,1970-01-21 08:53:00,1970-01-21 08:53:00,4020.327,4023.436,TP,2.9489999999999235,3,q0.85|d0.6|cd2
1333422,long,1970-01-21 08:53:00,1970-01-21 08:54:00,1970-01-21 08:54:00,3973.087,3975.9950104166664,TP,2.7480104166664567,1,q0.85|d0.6|cd2
1335279,long,1970-01-21 08:58:00,1970-01-21 08:59:00,1970-01-21 08:59:00,4069.559,4073.3978802083334,TP,3.6788802083331937,4,q0.85|d0.6|cd2
1336297,long,1970-01-21 08:59:00,1970-01-21 09:00:00,1970-01-21 09:00:00,4128.091,4126.916854166667,SL,-1.3341458333335685,1,q0.85|d0.6|cd2
1336767,long,1970-01-21 09:00:00,1970-01-21 09:01:00,1970-01-21 09:01:00,4140.345,4139.4440125,SL,-1.0609875000001556,1,q0.85|d0.6|cd2
1339609,short,1970-01-21 09:03:00,1970-01-21 09:04:00,1970-01-21 09:04:00,4290.919,4291.99939375,SL,0.9203937500004394,1,q0.85|d0.6|cd2
1340412,long,1970-01-21 09:04:00,1970-01-21 09:05:00,1970-01-21 09:05:00,4330.391,4328.802129166666,SL,-1.7488708333332033,1,q0.85|d0.6|cd2
1341507,long,1970-01-21 09:05:00,1970-01-21 09:08:00,1970-01-21 09:08:00,4264.629,4261.9563875,SL,-2.832612499999559,1,q0.85|d0.6|cd2
1343974,long,1970-01-21 09:10:00,1970-01-21 09:11:00,1970-01-21 09:11:00,4136.012,4133.886597916667,SL,-2.285402083333029,1,q0.85|d0.6|cd2
1344337,long,1970-01-21 09:11:00,1970-01-21 09:12:00,1970-01-21 09:12:00,4132.863,4129.364908333334,SL,-3.658091666666369,2,q0.85|d0.6|cd2
1347013,long,1970-01-21 09:13:00,1970-01-21 09:14:00,1970-01-21 09:14:00,4135.213,4133.445783333333,SL,-1.9272166666670818,1,q0.85|d0.6|cd2
1347368,short,1970-01-21 09:14:00,1970-01-21 09:15:00,1970-01-21 09:15:00,4060.728,4062.027647916667,SL,1.1396479166667997,1,q0.85|d0.6|cd2
1348145,long,1970-01-21 09:15:00,1970-01-21 09:18:00,1970-01-21 09:18:00,4083.575,4081.78609375,SL,-1.9489062499998544,1,q0.85|d0.6|cd2
1349775,long,1970-01-21 09:19:00,1970-01-21 09:20:00,1970-01-21 09:20:00,3986.884,3991.892359375,TP,4.848359375000054,1,q0.85|d0.6|cd2
1354671,long,1970-01-21 09:24:00,1970-01-21 09:25:00,1970-01-21 09:25:00,4022.166,4025.9278020833335,TP,3.60180208333335,2,q0.85|d0.6|cd2
1355232,long,1970-01-21 09:25:00,1970-01-21 09:28:00,1970-01-21 09:28:00,3990.719,3993.7960625,TP,2.9170625000000108,2,q0.85|d0.6|cd2
1355799,short,1970-01-21 09:28:00,1970-01-21 09:29:00,1970-01-21 09:29:00,4008.445,4009.7544270833337,SL,1.1494270833335032,4,q0.85|d0.6|cd2
1357557,long,1970-01-21 09:30:00,1970-01-21 09:31:00,1970-01-21 09:31:00,3988.335,3991.4479270833335,TP,2.9529270833334884,5,q0.85|d0.6|cd2
1357949,long,1970-01-21 09:31:00,1970-01-21 09:32:00,1970-01-21 09:32:00,3974.452,3977.1215989583334,TP,2.5095989583331537,8,q0.85|d0.6|cd2
1359933,long,1970-01-21 09:33:00,1970-01-21 09:34:00,1970-01-21 09:34:00,3999.039,3998.34515,SL,-0.8538500000001114,1,q0.85|d0.6|cd2
1360777,long,1970-01-21 09:34:00,1970-01-21 09:35:00,1970-01-21 09:35:00,4008.754,4007.7502729166667,SL,-1.1637270833331603,2,q0.85|d0.6|cd2
1362274,long,1970-01-21 09:35:00,1970-01-21 09:38:00,1970-01-21 09:38:00,4004.876,4008.3927083333338,TP,3.356708333333554,1,q0.85|d0.6|cd2
1362721,long,1970-01-21 09:38:00,1970-01-21 09:39:00,1970-01-21 09:39:00,4043.95,4042.95169375,SL,-1.1583062500000414,1,q0.85|d0.6|cd2
1362746,long,1970-01-21 09:39:00,1970-01-21 09:40:00,1970-01-21 09:40:00,4110.204,4109.15659375,SL,-1.207406249999767,1,q0.85|d0.6|cd2
1364142,short,1970-01-21 09:40:00,1970-01-21 09:41:00,1970-01-21 09:41:00,4140.351,4141.189972916666,SL,0.6789729166665347,2,q0.85|d0.6|cd2
1364928,long,1970-01-21 09:41:00,1970-01-21 09:42:00,1970-01-21 09:42:00,4111.934,4110.866420833334,SL,-1.2275791666662916,2,q0.85|d0.6|cd2
1366315,long,1970-01-21 09:42:00,1970-01-21 09:43:00,1970-01-21 09:43:00,4193.499,4196.569395833333,TP,2.91039583333335,5,q0.85|d0.6|cd2
1367697,short,1970-01-21 09:44:00,1970-01-21 09:45:00,1970-01-21 09:45:00,4189.926,4191.629927083333,SL,1.5439270833329284,4,q0.85|d0.6|cd2
1368864,long,1970-01-21 09:45:00,1970-01-21 09:48:00,1970-01-21 09:48:00,4083.755,4082.2374125,SL,-1.6775874999999905,1,q0.85|d0.6|cd2
1370681,long,1970-01-21 09:50:00,1970-01-21 09:51:00,1970-01-21 09:51:00,4040.134,4038.686977083333,SL,-1.6070229166668104,2,q0.85|d0.6|cd2
1371753,long,1970-01-21 09:51:00,1970-01-21 09:52:00,1970-01-21 09:52:00,4071.836,4075.2748749999996,TP,3.2788749999998252,2,q0.85|d0.6|cd2
1372657,long,1970-01-21 09:52:00,1970-01-21 09:53:00,1970-01-21 09:53:00,4077.221,4076.1138833333334,SL,-1.2671166666665703,1,q0.85|d0.6|cd2
1375777,long,1970-01-21 09:55:00,1970-01-21 09:56:00,1970-01-21 09:56:00,4061.158,4065.3057447916667,TP,3.9877447916668096,13,q0.85|d0.6|cd2
1377430,long,1970-01-21 10:00:00,1970-01-21 10:01:00,1970-01-21 10:01:00,4127.234,4126.051047916667,SL,-1.3429520833334754,5,q0.85|d0.6|cd2
1378703,short,1970-01-21 10:01:00,1970-01-21 10:02:00,1970-01-21 10:02:00,4144.718,4146.268533333333,SL,1.3905333333330783,2,q0.85|d0.6|cd2
1380021,long,1970-01-21 10:02:00,1970-01-21 10:03:00,1970-01-21 10:03:00,4167.155,4170.39715625,TP,3.0821562500003346,12,q0.85|d0.6|cd2
1380699,short,1970-01-21 10:03:00,1970-01-21 10:04:00,1970-01-21 10:04:00,4153.902,4154.710497916667,SL,0.6484979166669654,1,q0.85|d0.6|cd2
1381719,long,1970-01-21 10:04:00,1970-01-21 10:05:00,1970-01-21 10:05:00,4186.493,4187.693,TP,1.0399999999998182,8,q0.85|d0.6|cd2
1381938,long,1970-01-21 10:05:00,1970-01-21 10:09:00,1970-01-21 10:09:00,4220.023,4219.321972916667,SL,-0.8610270833334289,1,q0.85|d0.6|cd2
1383929,short,1970-01-21 10:10:00,1970-01-21 10:11:00,1970-01-21 10:11:00,4216.73,4218.399110416666,SL,1.5091104166666265,1,q0.85|d0.6|cd2
1384936,long,1970-01-21 10:11:00,1970-01-21 10:12:00,1970-01-21 10:12:00,4212.913,4211.864318749999,SL,-1.2086812500002997,1,q0.85|d0.6|cd2
1386512,long,1970-01-21 10:12:00,1970-01-21 10:13:00,1970-01-21 10:13:00,4222.003,4221.113016666666,SL,-1.0499833333334754,2,q0.85|d0.6|cd2
1388083,long,1970-01-21 10:14:00,1970-01-21 10:15:00,1970-01-21 10:15:00,4203.012,4201.749627083333,SL,-1.4223729166671182,5,q0.85|d0.6|cd2
1389264,long,1970-01-21 10:15:00,1970-01-21 10:16:00,1970-01-21 10:16:00,4214.038,4213.283262499999,SL,-0.914737500000374,1,q0.85|d0.6|cd2
1389544,long,1970-01-21 10:16:00,1970-01-21 10:19:00,1970-01-21 10:19:00,4202.426,4200.931504166667,SL,-1.6544958333335307,2,q0.85|d0.6|cd2
1389817,short,1970-01-21 10:19:00,1970-01-21 10:20:00,1970-01-21 10:20:00,4207.714,4208.764427083333,SL,0.8904270833334885,1,q0.85|d0.6|cd2
1390685,long,1970-01-21 10:20:00,1970-01-21 10:21:00,1970-01-21 10:21:00,4179.764,4178.645604166667,SL,-1.2783958333331247,1,q0.85|d0.6|cd2
1391520,long,1970-01-21 10:21:00,1970-01-21 10:22:00,1970-01-21 10:22:00,4208.204,4209.946218749999,TP,1.5822187499996654,1,q0.85|d0.6|cd2
1393173,short,1970-01-21 10:22:00,1970-01-21 10:23:00,1970-01-21 10:23:00,4191.868,4192.579472916667,SL,0.5514729166669349,1,q0.85|d0.6|cd2
1393467,short,1970-01-21 10:23:00,1970-01-21 10:24:00,1970-01-21 10:24:00,4216.053,4216.960620833333,SL,0.7476208333335671,1,q0.85|d0.6|cd2
1394785,long,1970-01-21 10:24:00,1970-01-21 10:25:00,1970-01-21 10:25:00,4275.033,4274.063414583334,SL,-1.1295854166666321,11,q0.85|d0.6|cd2
1396065,long,1970-01-21 10:25:00,1970-01-21 10:26:00,1970-01-21 10:26:00,4283.194,4285.894411458334,TP,2.540411458333292,1,q0.85|d0.6|cd2
1396320,long,1970-01-21 10:26:00,1970-01-21 10:29:00,1970-01-21 10:29:00,4300.525,4306.486578125,TP,5.801578125000415,5,q0.85|d0.6|cd2
1397618,short,1970-01-21 10:30:00,1970-01-21 10:31:00,1970-01-21 10:31:00,4290.616,4291.98173125,SL,1.2057312499999535,29,q0.85|d0.6|cd2
1398363,long,1970-01-21 10:31:00,1970-01-21 10:32:00,1970-01-21 10:32:00,4302.662,4301.606272916667,SL,-1.215727083333295,5,q0.85|d0.6|cd2
1400349,short,1970-01-21 10:33:00,1970-01-21 10:34:00,1970-01-21 10:34:00,4334.624,4331.39715625,TP,-3.3868437499997164,28,q0.85|d0.6|cd2
1401663,long,1970-01-21 10:34:00,1970-01-21 10:35:00,1970-01-21 10:35:00,4334.62,4333.5828875,SL,-1.1971125000001483,17,q0.85|d0.6|cd2
1402155,long,1970-01-21 10:35:00,1970-01-21 10:36:00,1970-01-21 10:36:00,4347.773,4349.911911458334,TP,1.978911458333496,1,q0.85|d0.6|cd2
1403588,long,1970-01-21 10:39:00,1970-01-21 10:40:00,1970-01-21 10:40:00,4410.426,4409.679877083334,SL,-0.9061229166665362,1,q0.85|d0.6|cd2
1404397,long,1970-01-21 10:40:00,1970-01-21 10:41:00,1970-01-21 10:41:00,4483.655,4485.713671875,TP,1.8986718750000728,1,q0.85|d0.6|cd2
1405136,short,1970-01-21 10:41:00,1970-01-21 10:42:00,1970-01-21 10:42:00,4490.896,4492.000543749999,SL,0.9445437499997206,1,q0.85|d0.6|cd2
1407490,long,1970-01-21 10:45:00,1970-01-21 10:46:00,1970-01-21 10:46:00,4525.279,4524.006154166667,SL,-1.4328458333331218,1,q0.85|d0.6|cd2
1408322,long,1970-01-21 10:46:00,1970-01-21 10:49:00,1970-01-21 10:49:00,4546.214,4545.065472916666,SL,-1.308527083333647,1,q0.85|d0.6|cd2
1408878,short,1970-01-21 10:49:00,1970-01-21 10:50:00,1970-01-21 10:50:00,4465.733,4461.299494791667,TP,-4.593505208333372,16,q0.85|d0.6|cd2
1409650,long,1970-01-21 10:50:00,1970-01-21 10:51:00,1970-01-21 10:51:00,4360.211,4358.649154166667,SL,-1.7218458333328817,1,q0.85|d0.6|cd2
1411446,long,1970-01-21 10:52:00,1970-01-21 10:53:00,1970-01-21 10:53:00,4312.78,4311.43990625,SL,-1.5000937500000509,6,q0.85|d0.6|cd2
1412441,long,1970-01-21 10:53:00,1970-01-21 10:55:00,1970-01-21 10:55:00,4328.34,4331.94371875,TP,3.4437187499996433,4,q0.85|d0.6|cd2
1413765,long,1970-01-21 10:56:00,1970-01-21 10:59:00,1970-01-21 10:59:00,4353.486,4352.493095833333,SL,-1.1529041666664488,1,q0.85|d0.6|cd2
1416619,long,1970-01-21 11:01:00,1970-01-21 11:02:00,1970-01-21 11:02:00,4488.656,4487.406377083334,SL,-1.4096229166663397,1,q0.85|d0.6|cd2
1417243,short,1970-01-21 11:02:00,1970-01-21 11:03:00,1970-01-21 11:03:00,4463.36,4464.52015625,SL,1.00015625,6,q0.85|d0.6|cd2
1417855,long,1970-01-21 11:03:00,1970-01-21 11:04:00,1970-01-21 11:04:00,4439.033,4441.711864583333,TP,2.518864583333052,1,q0.85|d0.6|cd2
1419375,long,1970-01-21 11:04:00,1970-01-21 11:05:00,1970-01-21 11:05:00,4448.539,4447.00286875,SL,-1.6961312499999257,8,q0.85|d0.6|cd2
1419821,long,1970-01-21 11:05:00,1970-01-21 11:06:00,1970-01-21 11:06:00,4475.334,4477.574890625,TP,2.0808906250002472,1,q0.85|d0.6|cd2
1420679,long,1970-01-21 11:06:00,1970-01-21 11:09:00,1970-01-21 11:09:00,4517.918,4520.882369791666,TP,2.8043697916662857,1,q0.85|d0.6|cd2
1421196,long,1970-01-21 11:09:00,1970-01-21 11:10:00,1970-01-21 11:10:00,4573.177,4572.159975,SL,-1.1770250000001032,1,q0.85|d0.6|cd2
1422197,short,1970-01-21 11:10:00,1970-01-21 11:11:00,1970-01-21 11:11:00,4583.64,4585.37525625,SL,1.5752562500000205,1,q0.85|d0.6|cd2
1423404,long,1970-01-21 11:11:00,1970-01-21 11:12:00,1970-01-21 11:12:00,4619.001,4618.012429166667,SL,-1.1485708333331421,1,q0.85|d0.6|cd2
1423532,long,1970-01-21 11:12:00,1970-01-21 11:13:00,1970-01-21 11:13:00,4630.992,4635.0124947916665,TP,3.8604947916663512,6,q0.85|d0.6|cd2
1425001,long,1970-01-21 11:13:00,1970-01-21 11:14:00,1970-01-21 11:14:00,4603.687,4601.881622916667,SL,-1.9653770833330417,4,q0.85|d0.6|cd2
1425565,short,1970-01-21 11:14:00,1970-01-21 11:15:00,1970-01-21 11:15:00,4616.497,4618.008343750001,SL,1.3513437500003784,1,q0.85|d0.6|cd2
1427481,long,1970-01-21 11:16:00,1970-01-21 11:19:00,1970-01-21 11:19:00,4655.358,4654.5213875,SL,-0.9966125000002285,1,q0.85|d0.6|cd2
1428082,long,1970-01-21 11:19:00,1970-01-21 11:20:00,1970-01-21 11:20:00,4669.828,4673.543041666667,TP,3.555041666666366,13,q0.85|d0.6|cd2
1429646,long,1970-01-21 11:21:00,1970-01-21 11:22:00,1970-01-21 11:22:00,4739.205,4738.242925,SL,-1.122075000000368,1,q0.85|d0.6|cd2
1430177,long,1970-01-21 11:22:00,1970-01-21 11:23:00,1970-01-21 11:23:00,4838.178,4836.834464583333,SL,-1.503535416666782,1,q0.85|d0.6|cd2
1431625,short,1970-01-21 11:23:00,1970-01-21 11:24:00,1970-01-21 11:24:00,4778.317,4780.61521875,SL,2.13821875000016,1,q0.85|d0.6|cd2
1433068,long,1970-01-21 11:25:00,1970-01-21 11:26:00,1970-01-21 11:26:00,4905.613,4909.933187500001,TP,4.160187500000429,1,q0.85|d0.6|cd2
1433990,long,1970-01-21 11:26:00,1970-01-21 11:29:00,1970-01-21 11:29:00,5019.847,5018.4450354166665,SL,-1.5619645833332105,2,q0.85|d0.6|cd2
1434808,short,1970-01-21 11:29:00,1970-01-21 11:30:00,1970-01-21 11:30:00,5076.643,5072.446640625,TP,-4.356359374999702,4,q0.85|d0.6|cd2
1435656,short,1970-01-21 11:30:00,1970-01-21 11:31:00,1970-01-21 11:31:00,5041.335,5042.8937875,SL,1.3987875000001078,1,q0.85|d0.6|cd2
1436081,short,1970-01-21 11:31:00,1970-01-21 11:32:00,1970-01-21 11:32:00,5088.81,5081.124036458334,TP,-7.845963541666752,7,q0.85|d0.6|cd2
1437445,long,1970-01-21 11:32:00,1970-01-21 11:33:00,1970-01-21 11:33:00,5261.187,5258.901183333333,SL,-2.4458166666665058,4,q0.85|d0.6|cd2
1438458,long,1970-01-21 11:33:00,1970-01-21 11:34:00,1970-01-21 11:34:00,5448.139,5445.66498125,SL,-2.6340187500001413,1,q0.85|d0.6|cd2
1438869,long,1970-01-21 11:34:00,1970-01-21 11:35:00,1970-01-21 11:35:00,5332.445,5341.158713541667,TP,8.553713541666948,1,q0.85|d0.6|cd2
1439843,long,1970-01-21 11:35:00,1970-01-21 11:36:00,1970-01-21 11:36:00,5181.197,5176.984589583333,SL,-4.372410416666899,1,q0.85|d0.6|cd2
1441375,long,1970-01-21 11:36:00,1970-01-21 11:39:00,1970-01-21 11:39:00,4793.519,4785.50685625,SL,-8.172143750000178,1,q0.85|d0.6|cd2
1444030,long,1970-01-21 11:42:00,1970-01-21 11:43:00,1970-01-21 11:43:00,5071.413,5080.907885416666,TP,9.254885416666875,19,q0.85|d0.6|cd2
1445353,long,1970-01-21 11:43:00,1970-01-21 11:44:00,1970-01-21 11:44:00,4954.011,4950.1759062500005,SL,-4.075093749999942,1,q0.85|d0.6|cd2
1445971,long,1970-01-21 11:44:00,1970-01-21 11:45:00,1970-01-21 11:45:00,4835.332,4831.161683333334,SL,-4.330316666666622,1,q0.85|d0.6|cd2
1447176,long,1970-01-21 11:45:00,1970-01-21 11:46:00,1970-01-21 11:46:00,4840.472,4836.783858333333,SL,-3.8481416666665247,1,q0.85|d0.6|cd2
1448042,long,1970-01-21 11:46:00,1970-01-21 11:49:00,1970-01-21 11:49:00,4967.733,4974.723244791667,TP,6.798244791666555,1,q0.85|d0.6|cd2
1448612,long,1970-01-21 11:49:00,1970-01-21 11:50:00,1970-01-21 11:50:00,5029.475,5027.061289583334,SL,-2.653710416666618,1,q0.85|d0.6|cd2
1448802,short,1970-01-21 11:50:00,1970-01-21 11:51:00,1970-01-21 11:51:00,5046.308,5049.6312125,SL,3.0832125000004087,1,q0.85|d0.6|cd2
1449959,short,1970-01-21 11:51:00,1970-01-21 11:52:00,1970-01-21 11:52:00,5054.807,5057.042877083333,SL,1.9958770833334347,1,q0.85|d0.6|cd2
1451994,long,1970-01-21 11:53:00,1970-01-21 11:54:00,1970-01-21 11:54:00,5082.113,5080.513997916667,SL,-1.959002083333289,4,q0.85|d0.6|cd2
1453650,short,1970-01-21 11:55:00,1970-01-21 11:56:00,1970-01-21 11:56:00,4972.934,4974.699070833333,SL,1.525070833333084,1,q0.85|d0.6|cd2
1456355,short,1970-01-21 12:00:00,1970-01-21 12:01:00,1970-01-21 12:01:00,4987.214,4988.3498875,SL,0.975887499999626,1,q0.85|d0.6|cd2
1456435,short,1970-01-21 12:01:00,1970-01-21 12:02:00,1970-01-21 12:02:00,4919.636,4920.815729166667,SL,0.9397291666662204,1,q0.85|d0.6|cd2
1457459,long,1970-01-21 12:02:00,1970-01-21 12:03:00,1970-01-21 12:03:00,4889.736,4893.645223958333,TP,3.749223958333314,4,q0.85|d0.6|cd2
1458910,long,1970-01-21 12:03:00,1970-01-21 12:04:00,1970-01-21 12:04:00,4986.505,4985.127564583334,SL,-1.5374354166662305,2,q0.85|d0.6|cd2
1459574,short,1970-01-21 12:04:00,1970-01-21 12:05:00,1970-01-21 12:05:00,4987.151,4988.4466,SL,1.055600000000377,1,q0.85|d0.6|cd2
1460370,short,1970-01-21 12:05:00,1970-01-21 12:06:00,1970-01-21 12:06:00,4988.202,4990.0905125,SL,1.648512499999706,2,q0.85|d0.6|cd2
1461239,long,1970-01-21 12:06:00,1970-01-21 12:07:00,1970-01-21 12:07:00,5085.928,5084.8277312499995,SL,-1.3402687500003958,1,q0.85|d0.6|cd2
1462171,long,1970-01-21 12:10:00,1970-01-21 12:11:00,1970-01-21 12:11:00,5199.584,5197.960010416667,SL,-1.983989583333241,2,q0.85|d0.6|cd2
1463664,short,1970-01-21 12:11:00,1970-01-21 12:12:00,1970-01-21 12:12:00,5178.999,5173.383572916667,TP,-5.975427083333089,4,q0.85|d0.6|cd2
1464388,long,1970-01-21 12:12:00,1970-01-21 12:13:00,1970-01-21 12:13:00,5152.262,5150.6347375,SL,-1.8672625000001426,3,q0.85|d0.6|cd2
1466245,long,1970-01-21 12:14:00,1970-01-21 12:15:00,1970-01-21 12:15:00,5186.436,5184.77355,SL,-2.162449999999808,18,q0.85|d0.6|cd2
1467232,long,1970-01-21 12:15:00,1970-01-21 12:16:00,1970-01-21 12:16:00,5178.395,5176.308400000001,SL,-2.4465999999996346,10,q0.85|d0.6|cd2
1468468,long,1970-01-21 12:16:00,1970-01-21 12:17:00,1970-01-21 12:17:00,5249.763,5248.666654166666,SL,-1.4563458333335437,1,q0.85|d0.6|cd2
1469010,long,1970-01-21 12:20:00,1970-01-21 12:21:00,1970-01-21 12:21:00,5393.999,5392.319760416666,SL,-2.039239583333583,1,q0.85|d0.6|cd2
1469917,short,1970-01-21 12:21:00,1970-01-21 12:22:00,1970-01-21 12:22:00,5306.843,5309.392520833333,SL,2.1895208333331904,1,q0.85|d0.6|cd2
1471099,long,1970-01-21 12:22:00,1970-01-21 12:23:00,1970-01-21 12:23:00,5121.486,5118.094264583333,SL,-3.751735416666961,19,q0.85|d0.6|cd2
1473818,short,1970-01-21 12:25:00,1970-01-21 12:26:00,1970-01-21 12:26:00,5084.685,5086.725102083334,SL,1.800102083333295,1,q0.85|d0.6|cd2
1474736,long,1970-01-21 12:26:00,1970-01-21 12:27:00,1970-01-21 12:27:00,5140.405,5145.464328125,TP,4.69932812500032,9,q0.85|d0.6|cd2
1476053,long,1970-01-21 12:30:00,1970-01-21 12:31:00,1970-01-21 12:31:00,5109.231,5105.492058333333,SL,-4.098941666666506,2,q0.85|d0.6|cd2
1476902,short,1970-01-21 12:31:00,1970-01-21 12:32:00,1970-01-21 12:32:00,5170.376,5172.901264583334,SL,2.16526458333341,10,q0.85|d0.6|cd2
1478150,long,1970-01-21 12:32:00,1970-01-21 12:33:00,1970-01-21 12:33:00,5191.583,5189.949516666667,SL,-1.9934833333330606,1,q0.85|d0.6|cd2
1480067,long,1970-01-21 12:34:00,1970-01-21 12:35:00,1970-01-21 12:35:00,5167.17,5165.934879166667,SL,-1.595120833332985,1,q0.85|d0.6|cd2
1480999,long,1970-01-21 12:35:00,1970-01-21 12:36:00,1970-01-21 12:36:00,5098.146,5102.282614583333,TP,3.7766145833335396,1,q0.85|d0.6|cd2
1482282,long,1970-01-21 12:36:00,1970-01-21 12:37:00,1970-01-21 12:37:00,5045.565,5049.427614583333,TP,3.5026145833331976,2,q0.85|d0.6|cd2
1482499,long,1970-01-21 12:37:00,1970-01-21 12:40:00,1970-01-21 12:40:00,5016.992,5014.466183333334,SL,-2.8858166666662872,1,q0.85|d0.6|cd2
1485190,long,1970-01-21 12:42:00,1970-01-21 12:43:00,1970-01-21 12:43:00,5003.945,5002.3141562499995,SL,-1.9108437500001674,13,q0.85|d0.6|cd2
1485498,short,1970-01-21 12:43:00,1970-01-21 12:44:00,1970-01-21 12:44:00,4851.238,4852.242627083334,SL,0.7246270833336166,1,q0.85|d0.6|cd2
1486431,long,1970-01-21 12:44:00,1970-01-21 12:45:00,1970-01-21 12:45:00,4827.553,4833.689989583333,TP,5.936989583333161,1,q0.85|d0.6|cd2
1487495,long,1970-01-21 12:45:00,1970-01-21 12:46:00,1970-01-21 12:46:00,4656.59,4654.43556875,SL,-2.354431250000016,1,q0.85|d0.6|cd2
1489255,long,1970-01-21 12:46:00,1970-01-21 12:47:00,1970-01-21 12:47:00,4562.568,4559.043145833333,SL,-3.8048541666669555,1,q0.85|d0.6|cd2
1489306,long,1970-01-21 12:47:00,1970-01-21 12:50:00,1970-01-21 12:50:00,4477.889,4474.092925,SL,-4.076075000000201,1,q0.85|d0.6|cd2
1489656,short,1970-01-21 12:50:00,1970-01-21 12:51:00,1970-01-21 12:51:00,4253.292,4256.940554166667,SL,3.2885541666670544,2,q0.85|d0.6|cd2
1492067,short,1970-01-21 12:52:00,1970-01-21 12:53:00,1970-01-21 12:53:00,4407.583,4396.625453125,TP,-11.321546874999935,17,q0.85|d0.6|cd2
1492314,short,1970-01-21 12:53:00,1970-01-21 12:54:00,1970-01-21 12:54:00,4578.648,4581.679702083334,SL,2.6677020833335847,1,q0.85|d0.6|cd2
1494252,long,1970-01-21 12:55:00,1970-01-21 12:56:00,1970-01-21 12:56:00,4382.101,4386.92521875,TP,4.54421875,1,q0.85|d0.6|cd2
1496165,long,1970-01-21 12:57:00,1970-01-21 13:00:00,1970-01-21 13:00:00,4511.584,4509.155325,SL,-2.7086750000001123,1,q0.85|d0.6|cd2
1497532,short,1970-01-21 13:01:00,1970-01-21 13:02:00,1970-01-21 13:02:00,4568.84,4571.371564583334,SL,2.25156458333342,1,q0.85|d0.6|cd2
1498122,long,1970-01-21 13:02:00,1970-01-21 13:03:00,1970-01-21 13:03:00,4654.684,4660.282645833334,TP,5.318645833333648,1,q0.85|d0.6|cd2
1500329,short,1970-01-21 13:04:00,1970-01-21 13:05:00,1970-01-21 13:05:00,4690.945,4693.57355,SL,2.348550000000359,1,q0.85|d0.6|cd2
1501162,long,1970-01-21 13:05:00,1970-01-21 13:06:00,1970-01-21 13:06:00,4672.166,4668.905322916667,SL,-3.540677083333576,18,q0.85|d0.6|cd2
1503717,short,1970-01-21 13:12:00,1970-01-21 13:13:00,1970-01-21 13:13:00,4658.034,4659.976822916667,SL,1.6628229166669553,1,q0.85|d0.6|cd2
1504830,long,1970-01-21 13:13:00,1970-01-21 13:14:00,1970-01-21 13:14:00,4797.32,4804.32175,TP,6.641750000000356,5,q0.85|d0.6|cd2
1507235,long,1970-01-21 13:15:00,1970-01-21 13:16:00,1970-01-21 13:16:00,4776.678,4774.66976875,SL,-2.288231249999881,1,q0.85|d0.6|cd2
1508460,long,1970-01-21 13:17:00,1970-01-21 13:20:00,1970-01-21 13:20:00,4670.232,4674.0233333333335,TP,3.5113333333335683,1,q0.85|d0.6|cd2
1508909,long,1970-01-21 13:20:00,1970-01-21 13:21:00,1970-01-21 13:21:00,4729.286,4727.848095833333,SL,-1.7979041666670672,1,q0.85|d0.6|cd2
1511239,long,1970-01-21 13:22:00,1970-01-21 13:23:00,1970-01-21 13:23:00,4800.297,4804.404874999999,TP,3.827874999999694,1,q0.85|d0.6|cd2
1511319,long,1970-01-21 13:23:00,1970-01-21 13:24:00,1970-01-21 13:24:00,4810.912,4809.0234625,SL,-2.1685374999999842,1,q0.85|d0.6|cd2
1512767,short,1970-01-21 13:24:00,1970-01-21 13:25:00,1970-01-21 13:25:00,4827.569,4829.171591666667,SL,1.3225916666667399,1,q0.85|d0.6|cd2
1514032,long,1970-01-21 13:25:00,1970-01-21 13:26:00,1970-01-21 13:26:00,4790.603,4789.102239583333,SL,-1.780760416666708,8,q0.85|d0.6|cd2
1514593,long,1970-01-21 13:26:00,1970-01-21 13:27:00,1970-01-21 13:27:00,4790.548,4789.724858333333,SL,-1.1031416666667428,1,q0.85|d0.6|cd2
1515303,long,1970-01-21 13:27:00,1970-01-21 13:30:00,1970-01-21 13:30:00,4774.618,4777.814703125,TP,2.836703124999658,1,q0.85|d0.6|cd2
1518099,long,1970-01-21 13:32:00,1970-01-21 13:33:00,1970-01-21 13:33:00,4779.141,4777.821079166666,SL,-1.5999208333335264,1,q0.85|d0.6|cd2
1518158,long,1970-01-21 13:33:00,1970-01-21 13:34:00,1970-01-21 13:34:00,4764.618,4768.500473958334,TP,3.602473958333321,20,q0.85|d0.6|cd2
1520129,long,1970-01-21 13:35:00,1970-01-21 13:36:00,1970-01-21 13:36:00,4720.571,4719.299341666667,SL,-1.5516583333331073,2,q0.85|d0.6|cd2
1521107,long,1970-01-21 13:36:00,1970-01-21 13:37:00,1970-01-21 13:37:00,4688.185,4693.089213541667,TP,4.624213541666649,26,q0.85|d0.6|cd2
1522197,long,1970-01-21 13:37:00,1970-01-21 13:40:00,1970-01-21 13:40:00,4696.125,4699.826234375,TP,3.42123437500024,1,q0.85|d0.6|cd2
1523643,short,1970-01-21 13:41:00,1970-01-21 13:42:00,1970-01-21 13:42:00,4680.509,4677.5815,TP,-3.207499999999782,6,q0.85|d0.6|cd2
1524354,long,1970-01-21 13:42:00,1970-01-21 13:43:00,1970-01-21 13:43:00,4583.909,4586.142473958333,TP,1.9534739583329792,1,q0.85|d0.6|cd2
1524931,long,1970-01-21 13:43:00,1970-01-21 13:44:00,1970-01-21 13:44:00,4600.633,4598.780979166667,SL,-2.132020833332972,2,q0.85|d0.6|cd2
1526366,long,1970-01-21 13:44:00,1970-01-21 13:45:00,1970-01-21 13:45:00,4542.801,4541.232110416667,SL,-1.8488895833336574,3,q0.85|d0.6|cd2
1527465,long,1970-01-21 13:45:00,1970-01-21 13:46:00,1970-01-21 13:46:00,4612.497,4616.174031250001,TP,3.3970312500002544,1,q0.85|d0.6|cd2
1528353,long,1970-01-21 13:46:00,1970-01-21 13:47:00,1970-01-21 13:47:00,4596.033,4595.12076875,SL,-1.1922312500003318,1,q0.85|d0.6|cd2
1528732,short,1970-01-21 13:47:00,1970-01-21 13:50:00,1970-01-21 13:50:00,4626.129,4623.520682291666,TP,-2.8883177083337435,1,q0.85|d0.6|cd2
1530366,long,1970-01-21 13:51:00,1970-01-21 13:52:00,1970-01-21 13:52:00,4514.735,4513.147625,SL,-1.8673750000000655,3,q0.85|d0.6|cd2
1532412,long,1970-01-21 13:53:00,1970-01-21 13:54:00,1970-01-21 13:54:00,4643.84,4646.34484375,TP,2.2248437499999634,7,q0.85|d0.6|cd2
1532968,long,1970-01-21 13:54:00,1970-01-21 13:55:00,1970-01-21 13:55:00,4690.821,4689.408685416666,SL,-1.6923145833336821,1,q0.85|d0.6|cd2
1534778,long,1970-01-21 13:56:00,1970-01-21 13:57:00,1970-01-21 13:57:00,4727.28,4725.400847916666,SL,-2.159152083333793,1,q0.85|d0.6|cd2
1536043,long,1970-01-21 13:57:00,1970-01-21 14:00:00,1970-01-21 14:00:00,4691.978,4690.258929166666,SL,-1.999070833333717,1,q0.85|d0.6|cd2
1536907,long,1970-01-21 14:01:00,1970-01-21 14:02:00,1970-01-21 14:02:00,4717.437,4721.396614583333,TP,3.67961458333295,6,q0.85|d0.6|cd2
1538738,short,1970-01-21 14:03:00,1970-01-21 14:04:00,1970-01-21 14:04:00,4695.013,4696.527202083334,SL,1.2342020833336573,1,q0.85|d0.6|cd2
1540903,short,1970-01-21 14:05:00,1970-01-21 14:06:00,1970-01-21 14:06:00,4694.081,4695.448135416666,SL,1.087135416666315,1,q0.85|d0.6|cd2
1541720,short,1970-01-21 14:06:00,1970-01-21 14:07:00,1970-01-21 14:07:00,4611.443,4613.064120833334,SL,1.341120833333407,1,q0.85|d0.6|cd2
1542392,long,1970-01-21 14:07:00,1970-01-21 14:10:00,1970-01-21 14:10:00,4538.378,4542.861140624999,TP,4.203140624999578,2,q0.85|d0.6|cd2
1545112,short,1970-01-21 14:12:00,1970-01-21 14:13:00,1970-01-21 14:13:00,4543.059,4544.577827083333,SL,1.2388270833332353,5,q0.85|d0.6|cd2
1545624,long,1970-01-21 14:13:00,1970-01-21 14:14:00,1970-01-21 14:14:00,4495.611,4494.072368749999,SL,-1.8186312500004351,1,q0.85|d0.6|cd2
1547124,long,1970-01-21 14:14:00,1970-01-21 14:15:00,1970-01-21 14:15:00,4531.228,4535.906619791666,TP,4.398619791666278,18,q0.85|d0.6|cd2
1548700,long,1970-01-21 14:16:00,1970-01-21 14:17:00,1970-01-21 14:17:00,4521.718,4520.06183125,SL,-1.9361687499997788,5,q0.85|d0.6|cd2
1549795,long,1970-01-21 14:17:00,1970-01-21 14:18:00,1970-01-21 14:18:00,4508.403,4507.049454166667,SL,-1.6335458333335555,1,q0.85|d0.6|cd2
1550267,long,1970-01-21 14:21:00,1970-01-21 14:22:00,1970-01-21 14:22:00,4567.476,4566.38470625,SL,-1.3712937499997497,3,q0.85|d0.6|cd2
1551649,short,1970-01-21 14:22:00,1970-01-21 14:23:00,1970-01-21 14:23:00,4526.707,4527.7867375000005,SL,0.7997375000001921,4,q0.85|d0.6|cd2
1552284,long,1970-01-21 14:23:00,1970-01-21 14:24:00,1970-01-21 14:24:00,4519.688,4522.977130208334,TP,3.0091302083335174,1,q0.85|d0.6|cd2
1553592,long,1970-01-21 14:24:00,1970-01-21 14:25:00,1970-01-21 14:25:00,4449.705,4453.071078125,TP,3.086078125000058,2,q0.85|d0.6|cd2
1554551,long,1970-01-21 14:25:00,1970-01-21 14:26:00,1970-01-21 14:26:00,4390.012,4394.215510416667,TP,3.923510416667086,1,q0.85|d0.6|cd2
1555195,long,1970-01-21 14:26:00,1970-01-21 14:27:00,1970-01-21 14:27:00,4506.225,4504.244372916667,SL,-2.260627083333275,11,q0.85|d0.6|cd2
1556582,long,1970-01-21 14:27:00,1970-01-21 14:28:00,1970-01-21 14:28:00,4560.255,4558.615104166667,SL,-1.9198958333329574,3,q0.85|d0.6|cd2
1557875,long,1970-01-21 14:32:00,1970-01-21 14:33:00,1970-01-21 14:33:00,4517.058,4520.722119791667,TP,3.3841197916669623,4,q0.85|d0.6|cd2
1559971,short,1970-01-21 14:34:00,1970-01-21 14:35:00,1970-01-21 14:35:00,4445.921,4442.52878125,TP,-3.6722187500002113,2,q0.85|d0.6|cd2
1560760,short,1970-01-21 14:35:00,1970-01-21 14:36:00,1970-01-21 14:36:00,4461.698,4463.390964583334,SL,1.412964583333378,2,q0.85|d0.6|cd2
1561969,long,1970-01-21 14:36:00,1970-01-21 14:37:00,1970-01-21 14:37:00,4464.333,4462.944439583333,SL,-1.6685604166662233,4,q0.85|d0.6|cd2
1562617,long,1970-01-21 14:37:00,1970-01-21 14:38:00,1970-01-21 14:38:00,4338.268,4337.354002083333,SL,-1.1939979166666308,1,q0.85|d0.6|cd2
1563617,long,1970-01-21 14:38:00,1970-01-21 14:41:00,1970-01-21 14:41:00,4325.114,4322.564389583333,SL,-2.809610416666837,1,q0.85|d0.6|cd2
1566192,long,1970-01-21 14:43:00,1970-01-21 14:44:00,1970-01-21 14:44:00,4256.058,4254.672304166666,SL,-1.665695833333557,1,q0.85|d0.6|cd2
1566755,long,1970-01-21 14:44:00,1970-01-21 14:45:00,1970-01-21 14:45:00,4179.466,4177.965162500001,SL,-1.7608374999997614,1,q0.85|d0.6|cd2
1569213,long,1970-01-21 14:46:00,1970-01-21 14:47:00,1970-01-21 14:47:00,4222.227,4219.571614583333,SL,-2.9153854166668314,3,q0.85|d0.6|cd2
1570246,long,1970-01-21 14:47:00,1970-01-21 14:48:00,1970-01-21 14:48:00,4211.963,4210.335641666667,SL,-1.8873583333331772,1,q0.85|d0.6|cd2
1570439,long,1970-01-21 14:48:00,1970-01-21 14:51:00,1970-01-21 14:51:00,4270.346,4275.975697916666,TP,5.369697916666373,1,q0.85|d0.6|cd2
1570784,short,1970-01-21 14:51:00,1970-01-21 14:52:00,1970-01-21 14:52:00,4336.867,4338.34321875,SL,1.1962187500000436,5,q0.85|d0.6|cd2
1572790,long,1970-01-21 14:53:00,1970-01-21 14:54:00,1970-01-21 14:54:00,4334.049,4333.002664583333,SL,-1.3263354166668069,1,q0.85|d0.6|cd2
1574463,long,1970-01-21 14:55:00,1970-01-21 14:56:00,1970-01-21 14:56:00,4321.194,4320.127883333334,SL,-1.3461166666668578,2,q0.85|d0.6|cd2
1576356,long,1970-01-21 14:57:00,1970-01-21 14:58:00,1970-01-21 14:58:00,4148.331,4147.234629166667,SL,-1.3563708333329123,1,q0.85|d0.6|cd2
1578980,short,1970-01-21 15:02:00,1970-01-21 15:03:00,1970-01-21 15:03:00,4161.148,4158.603973958334,TP,-2.8040260416662566,1,q0.85|d0.6|cd2
1578991,short,1970-01-21 15:03:00,1970-01-21 15:04:00,1970-01-21 15:04:00,4119.999,4117.347494791667,TP,-2.911505208333219,2,q0.85|d0.6|cd2
1580995,long,1970-01-21 15:05:00,1970-01-21 15:06:00,1970-01-21 15:06:00,3995.273,3993.7077708333336,SL,-1.7252291666665405,1,q0.85|d0.6|cd2
1582528,short,1970-01-21 15:06:00,1970-01-21 15:07:00,1970-01-21 15:07:00,4025.978,4028.1265166666667,SL,1.9085166666666373,18,q0.85|d0.6|cd2
1583823,long,1970-01-21 15:08:00,1970-01-21 15:11:00,1970-01-21 15:11:00,4075.881,4074.392895833333,SL,-1.7281041666667443,1,q0.85|d0.6|cd2
1585817,long,1970-01-21 15:13:00,1970-01-21 15:14:00,1970-01-21 15:14:00,4026.527,4025.5773583333334,SL,-1.1896416666665937,1,q0.85|d0.6|cd2
1587809,long,1970-01-21 15:15:00,1970-01-21 15:16:00,1970-01-21 15:16:00,4051.195,4054.0541354166667,TP,2.619135416666504,2,q0.85|d0.6|cd2
1589388,short,1970-01-21 15:16:00,1970-01-21 15:17:00,1970-01-21 15:17:00,4111.829,4113.9975583333335,SL,1.928558333333749,11,q0.85|d0.6|cd2
1589984,long,1970-01-21 15:17:00,1970-01-21 15:18:00,1970-01-21 15:18:00,4181.197,4179.935060416667,SL,-1.5019395833335147,2,q0.85|d0.6|cd2
1590706,short,1970-01-21 15:18:00,1970-01-21 15:21:00,1970-01-21 15:21:00,4177.917,4175.569203125,TP,-2.587796875000313,1,q0.85|d0.6|cd2
1592499,long,1970-01-21 15:23:00,1970-01-21 15:24:00,1970-01-21 15:24:00,4138.923,4138.0558125,SL,-1.1071875,1,q0.85|d0.6|cd2
1593371,long,1970-01-21 15:24:00,1970-01-21 15:25:00,1970-01-21 15:25:00,4067.143,4065.4340625,SL,-1.9489375000000473,1,q0.85|d0.6|cd2
1594319,long,1970-01-21 15:25:00,1970-01-21 15:26:00,1970-01-21 15:26:00,4074.11,4072.6285520833335,SL,-1.7214479166666388,1,q0.85|d0.6|cd2
1596067,long,1970-01-21 15:26:00,1970-01-21 15:27:00,1970-01-21 15:27:00,4136.168,4134.687845833333,SL,-1.7201541666665798,1,q0.85|d0.6|cd2
1596956,short,1970-01-21 15:27:00,1970-01-21 15:28:00,1970-01-21 15:28:00,4108.031,4109.048275,SL,0.7772750000001543,4,q0.85|d0.6|cd2
1597352,long,1970-01-21 15:28:00,1970-01-21 15:31:00,1970-01-21 15:31:00,4098.56,4097.486825,SL,-1.3131750000004467,1,q0.85|d0.6|cd2
1598770,long,1970-01-21 15:32:00,1970-01-21 15:33:00,1970-01-21 15:33:00,4004.1,4002.7354333333333,SL,-1.604566666666633,3,q0.85|d0.6|cd2
1600080,long,1970-01-21 15:33:00,1970-01-21 15:34:00,1970-01-21 15:34:00,4079.423,4077.9944604166662,SL,-1.6685395833335315,10,q0.85|d0.6|cd2
1600180,long,1970-01-21 15:34:00,1970-01-21 15:35:00,1970-01-21 15:35:00,4029.281,4027.39146875,SL,-2.129531249999891,1,q0.85|d0.6|cd2
1601490,short,1970-01-21 15:35:00,1970-01-21 15:36:00,1970-01-21 15:36:00,4057.945,4059.11501875,SL,0.9300187500000539,2,q0.85|d0.6|cd2
1602825,long,1970-01-21 15:36:00,1970-01-21 15:37:00,1970-01-21 15:37:00,3991.263,3990.015552083333,SL,-1.4874479166667152,1,q0.85|d0.6|cd2
