dt,side,p,outcome,pnl_net,entry,hold,ev_idx
2024-08-01 22:08:00,long,0.365616518786539,1,5.120535727194429,2446.174,142.0,946155
2024-08-07 22:00:00,long,0.41189528008489945,1,4.6945966554518135,2382.322,149.0,951840
2024-08-08 22:00:00,long,0.4197388707062488,-1,-2.1327787840692864,2426.817,19.0,953280
2024-08-09 07:30:00,long,0.36015181181739747,1,7.648341148280682,2424.841,213.0,953850
2024-08-13 11:22:00,long,0.3536280421430947,1,6.433690544855705,2463.925,67.0,956895
2024-08-13 12:37:00,long,0.3765153560567526,-1,-4.143939784542602,2470.604,13.0,956970
2024-08-13 22:07:00,long,0.37857747679827847,-1,-1.8937678701574299,2465.872,6.0,957540
2024-08-13 22:52:00,long,0.3519851427382128,-1,-1.8428763240095942,2466.149,34.0,957585
2024-08-13 23:37:00,long,0.3635845797335833,1,3.424196751534731,2463.83,74.0,957630
2024-08-14 01:07:00,long,0.3637729556445438,1,4.427431426303761,2466.78,12.0,957720
2024-08-14 01:22:00,long,0.3830914281776352,-1,-2.6055649661404643,2471.884,11.0,957735
2024-08-14 05:22:00,long,0.36489673898050623,1,6.030049820781974,2461.442,88.0,957975
2024-08-14 22:07:00,long,0.4014100104200619,-1,-1.9085516545670065,2448.366,29.0,958980
2024-08-14 22:52:00,long,0.3601893300287258,1,3.420358247172172,2447.976,102.0,959025
2024-08-15 00:37:00,long,0.3551804222362936,-1,-2.1121457837767785,2452.91,21.0,959130
2024-08-15 01:07:00,long,0.3614153000384598,-1,-2.6294413356151853,2451.856,18.0,959160
2024-08-15 03:52:00,long,0.35857793911205965,1,5.781361500489974,2452.904,147.0,959325
2024-08-15 08:22:00,long,0.36412449294227145,1,6.667427728512211,2455.093,189.0,959595
2024-08-15 22:07:00,long,0.3550737661119407,1,4.041453664487112,2455.895,195.0,960420
2024-08-16 04:22:00,long,0.3625476349415529,1,5.776811296426346,2452.532,205.0,960795
2024-08-16 07:52:00,long,0.35464507788984145,1,6.612092050748776,2461.451,194.0,961005
2024-08-20 22:14:00,long,0.3718402007732817,-1,-1.9717530499526492,2514.186,181.0,964680
2024-08-21 01:44:00,long,0.3557314765626833,1,6.066840086306538,2513.725,30.0,964890
2024-08-21 04:59:00,long,0.35332894152403266,-1,-3.169132141126341,2516.148,70.0,965085
2024-08-21 13:14:00,long,0.3515092943534638,-1,-4.441740528600786,2509.445,17.0,965580
2024-08-21 22:29:00,long,0.36691978118080737,-1,-2.2810087146227387,2513.336,159.0,966135
2024-08-22 01:29:00,long,0.3571960346706364,-1,-2.603598310846664,2512.663,4.0,966315
2024-08-22 22:14:00,long,0.37849511226909793,1,3.895755319158507,2484.786,141.0,967560
2024-08-23 00:44:00,long,0.3541807348509807,-1,-2.0756812075371402,2489.573,105.0,967710
2024-08-23 05:14:00,long,0.36980196173152563,-1,-2.7702750427143665,2494.456,36.0,967980
2024-08-26 23:06:00,long,0.35824454988917154,-1,-1.3985975526124947,2517.019,52.0,970425
2024-08-27 00:06:00,long,0.36005634295684313,-1,-1.46796063036302,2516.012,34.0,970485
2024-08-27 03:36:00,long,0.3551217982125231,1,5.876339074205066,2507.424,133.0,970695
2024-08-27 05:51:00,long,0.39133421660637785,-1,-3.071950968750512,2512.832,100.0,970830
2024-08-27 09:06:00,long,0.35545513172834114,0,-0.10800000000022919,2510.853,239.0,971025
2024-08-28 01:21:00,long,0.3753933460268626,-1,-2.3915359155155547,2521.241,25.0,972000
2024-08-28 01:51:00,long,0.38291178562199985,-1,-2.7612007508054512,2517.465,41.0,972030
2024-08-28 02:36:00,long,0.37750493633275345,-1,-3.074213874174489,2514.662,123.0,972075
2024-08-28 04:51:00,long,0.39329677685955217,-1,-3.006123080094202,2511.16,38.0,972210
2024-08-28 09:06:00,long,0.3613015803736085,-1,-3.7493121161010112,2508.165,93.0,972465
2024-08-28 10:51:00,long,0.35301846459956643,-1,-3.5769845212921405,2504.218,54.0,972570
2024-08-28 22:06:00,long,0.40472068492728824,1,3.8390827850928892,2506.264,126.0,973245
2024-08-29 00:21:00,long,0.36791570878830143,0,3.4929999999998835,2513.781,239.0,973380
2024-08-29 09:36:00,long,0.3598690214101,-1,-3.7424418255102156,2519.728,159.0,973935
2024-08-29 22:06:00,long,0.3845589531387845,-1,-1.905034856246134,2520.736,113.0,974685
2024-08-30 00:06:00,long,0.4110239031238434,-1,-1.6908645634968806,2518.772,44.0,974805
2024-08-30 01:06:00,long,0.41581226108628794,-1,-1.9501599657149045,2516.482,47.0,974865
2024-08-30 02:06:00,long,0.36429727425987624,-1,-2.7268587521928005,2515.693,92.0,974925
2024-08-30 03:51:00,long,0.38274423402438656,1,5.632034649924274,2513.414,152.0,975030
2024-08-30 06:36:00,long,0.3672680313756933,1,6.693870962483381,2519.311,108.0,975195
2024-10-02 03:16:00,long,0.3514060176444973,-1,-2.655468530166331,2660.213,23.0,1007505
2024-10-03 05:01:00,long,0.36560564919751015,-1,-2.563130143589728,2655.039,25.0,1009050
2024-10-03 06:46:00,long,0.35373266795486613,-1,-3.2091516145056023,2656.291,20.0,1009155
2024-10-03 07:16:00,long,0.3526585270687988,-1,-3.3315290257323227,2652.358,11.0,1009185
2024-10-03 07:31:00,long,0.35959225402914424,-1,-3.49609460895048,2648.322,12.0,1009200
2024-10-04 00:16:00,long,0.3578238819786885,1,3.133728467762679,2656.353,124.0,1010205
2024-10-04 02:31:00,long,0.3564406234648978,1,4.337761319707108,2660.861,121.0,1010340
2024-10-04 11:16:00,long,0.35411752715144373,-1,-3.0470255834933067,2658.993,68.0,1010865
2024-10-09 23:53:00,long,0.3565043986037269,-1,-1.5831296579117535,2608.666,8.0,1015875
2024-10-11 10:38:00,long,0.3545778366162405,1,6.304689138114719,2640.454,100.0,1017960
2024-10-16 00:00:00,long,0.36163446047033726,1,3.1369399918780845,2659.614,63.0,1021575
2024-10-16 01:30:00,long,0.3509224584272097,-1,-2.6596886483609903,2664.358,3.0,1021665
2024-10-16 22:00:00,long,0.3621685378164051,1,2.8026865392424796,2674.51,172.0,1022895
2024-10-17 01:00:00,long,0.3615938392594012,1,3.1482992217285,2677.528,41.0,1023075
2024-10-23 00:52:00,long,0.3594498305405366,-1,-1.7264592274368433,2745.514,30.0,1028760
2024-10-24 22:52:00,long,0.35091156546339186,-1,-1.587873480767093,2734.824,84.0,1031520
2024-10-25 00:22:00,long,0.36044765612570406,-1,-1.691203352498949,2732.914,26.0,1031610
2024-10-25 06:37:00,long,0.3537008994814192,-1,-3.612719729472601,2728.195,91.0,1031985
2024-10-30 23:44:00,long,0.35368568272552847,-1,-1.8033810517019373,2786.648,18.0,1037265
2024-10-31 00:14:00,long,0.35746260670627955,-1,-1.8916596222935271,2786.726,95.0,1037295
2024-10-31 23:14:00,long,0.3510757739481338,1,4.35271853699107,2746.402,168.0,1038675
2024-12-02 22:07:00,long,0.3775933661871186,1,6.33768411142743,2638.713,187.0,1069395
2024-12-03 22:07:00,long,0.3783620646409871,-1,-2.647990988203237,2643.558,148.0,1070835
2024-12-04 08:07:00,long,0.3508425469427377,-1,-3.71699164940223,2640.812,27.0,1071435
2024-12-04 12:37:00,long,0.35314493882303455,-1,-4.224960289329982,2642.781,13.0,1071705
2024-12-04 22:07:00,long,0.3602076892225104,-1,-2.942695909744533,2649.897,215.0,1072275
2024-12-05 03:37:00,long,0.3518186777265494,1,6.1485874744369164,2647.189,119.0,1072605
2024-12-05 05:52:00,long,0.3580175044161882,-1,-3.126993080223064,2654.854,12.0,1072740
2024-12-05 08:07:00,long,0.3624612290042724,-1,-3.7649613224084852,2647.524,17.0,1072875
2024-12-05 08:37:00,long,0.35798938986829515,0,3.9170000000003165,2645.256,239.0,1072905
2024-12-05 22:07:00,long,0.4198358283349083,-1,-3.0086500168271746,2631.821,170.0,1073715
2024-12-09 22:29:00,long,0.3547247438784723,1,4.633181695028849,2660.258,147.0,1076550
2024-12-11 22:14:00,long,0.38537913287766895,1,5.468350074293597,2718.104,163.0,1079415
2024-12-12 06:59:00,long,0.3517554305424135,-1,-3.5939696634732736,2718.452,72.0,1079940
2024-12-12 08:29:00,long,0.3616117778637962,-1,-3.6452468648134935,2718.458,55.0,1080030
2024-12-12 22:14:00,long,0.4169144620715904,1,5.167019682277549,2680.699,165.0,1080855
2024-12-13 08:14:00,long,0.35215420310996576,-1,-4.046023760634899,2683.997,34.0,1081455
2024-12-16 22:06:00,long,0.3758732743751884,1,4.443657936938332,2652.85,187.0,1083660
2024-12-17 04:21:00,long,0.3540140768651941,-1,-2.8801391846237774,2654.916,26.0,1084035
2024-12-17 06:06:00,long,0.3506750133499397,-1,-3.351770305252539,2654.134,13.0,1084140
2024-12-17 08:06:00,long,0.3563258434348114,-1,-3.867734666969967,2652.663,18.0,1084260
2024-12-17 22:06:00,long,0.35130321971882583,1,4.794498447578374,2645.968,173.0,1085100
2024-12-18 03:51:00,long,0.3547287268825529,-1,-2.930302465038616,2646.101,20.0,1085445
2024-12-18 04:21:00,long,0.35864101483379945,0,2.034000000000051,2644.209,239.0,1085475
2024-12-18 08:36:00,long,0.38243644510710056,0,-0.09199999999969805,2647.459,239.0,1085730
2024-12-18 12:51:00,long,0.36517699048448654,-1,-2.938820605998864,2644.793,15.0,1085985
2024-12-18 13:21:00,long,0.3814422751777019,-1,-3.265213684569375,2645.188,24.0,1086015
2024-12-19 22:21:00,long,0.36333015944191144,-1,-2.9015752491875024,2593.993,157.0,1087995
2024-12-23 22:13:00,long,0.42054824444022754,1,4.1531668935307735,2613.42,166.0,1090800
2024-12-24 08:58:00,long,0.3654407552039126,-1,-3.0120535286016175,2617.285,20.0,1091445
2024-12-24 09:28:00,long,0.3838372713130538,0,-1.9939999999997418,2615.274,239.0,1091475
2024-12-26 00:03:00,long,0.3624429912555406,1,5.43055897130353,2619.746,61.0,1092075
2024-12-26 10:03:00,long,0.37603326074530413,-1,-2.705834290519331,2627.325,139.0,1092675
2024-12-26 12:33:00,long,0.3625489368716554,-1,-2.754226967614702,2627.141,67.0,1092825
2024-12-26 22:03:00,long,0.3562860586909465,-1,-2.2144803255181595,2633.486,57.0,1093395
2024-12-27 08:48:00,long,0.35632269951812745,-1,-3.6168891558320686,2627.489,58.0,1094040
2024-12-27 10:18:00,long,0.3573922870852073,-1,-3.3628906174483713,2626.475,168.0,1094130
2024-12-29 23:10:00,long,0.39819403978817525,0,1.5869999999999345,2622.817,239.0,1094835
2024-12-30 07:25:00,long,0.35165097052004063,-1,-3.1759127329431465,2619.371,28.0,1095330
2024-12-30 22:10:00,long,0.4265873698661546,-1,-2.4615707583814674,2606.303,65.0,1096215
2024-12-30 23:25:00,long,0.38929949674020276,1,3.273694964464573,2604.713,87.0,1096290
2024-12-31 00:55:00,long,0.3958736532167692,-1,-1.7445979439516963,2608.527,8.0,1096380
2024-12-31 01:10:00,long,0.386459375175558,1,3.692612210398463,2607.294,19.0,1096395
2024-12-31 01:40:00,long,0.37423985390714726,-1,-2.237426049262669,2609.733,66.0,1096425
2024-12-31 02:55:00,long,0.35214905931101537,-1,-2.390275623736597,2607.44,49.0,1096500
2024-12-31 03:55:00,long,0.3675527503776196,1,4.803462269128178,2604.523,216.0,1096560
2024-12-31 07:40:00,long,0.35975801759277304,1,5.430657242729398,2609.684,57.0,1096785
2025-01-02 00:47:00,long,0.37093440677183903,-1,-2.5760246805091778,2627.534,12.0,1097745
2025-01-02 01:02:00,long,0.3554929274862784,1,5.244588092617933,2624.695,3.0,1097760
2025-01-02 01:17:00,long,0.3597701925087996,0,2.8359999999997307,2630.936,239.0,1097775
2025-01-02 08:02:00,long,0.3578444742331601,-1,-2.9236433012315657,2636.126,20.0,1098180
2025-01-02 22:32:00,long,0.41834267570717226,1,4.418231471133445,2657.442,147.0,1099050
2025-01-03 01:02:00,long,0.376956057416484,-1,-2.2267596961250598,2660.203,28.0,1099200
2025-01-03 01:32:00,long,0.35926728143362535,-1,-2.5577514337281495,2658.662,31.0,1099230
2025-01-03 02:17:00,long,0.3777271047336078,-1,-3.1408077671302053,2661.791,11.0,1099275
2025-01-03 02:32:00,long,0.36320743067700817,-1,-3.463785282669549,2661.587,196.0,1099290
2025-01-03 06:02:00,long,0.3583885086915074,-1,-2.9790637410129728,2658.954,65.0,1099500
2025-01-03 11:17:00,long,0.3685130089224332,-1,-3.5034090478806705,2658.912,97.0,1099815
2025-01-03 13:02:00,long,0.3754863266861153,-1,-2.2729835394668365,2655.006,15.0,1099920
2025-01-03 13:32:00,long,0.3542626261827633,-1,-3.3965285763633655,2650.733,5.0,1099950
2025-01-05 23:09:00,long,0.3921832622362831,1,5.640561789997277,2640.89,128.0,1100460
2025-01-06 01:24:00,long,0.38033559824146235,-1,-3.324750704716228,2645.655,22.0,1100595
2025-01-06 02:09:00,long,0.367710660356812,-1,-3.665056068313847,2643.038,97.0,1100640
2025-01-06 09:09:00,long,0.35891623813103185,1,8.412976430192094,2633.962,134.0,1101060
2025-01-06 22:39:00,long,0.36908812711635136,-1,-2.0586765628139885,2635.746,69.0,1101870
2025-01-07 00:24:00,long,0.3594842560459773,1,3.2916506140750177,2633.273,35.0,1101975
2025-01-07 22:39:00,long,0.35459454495128506,-1,-2.2291458104598636,2648.743,230.0,1103310
2025-01-08 02:39:00,long,0.36257117291691626,1,5.303671233861086,2646.821,228.0,1103550
2025-01-08 08:09:00,long,0.35149204024689445,-1,-2.864907799003331,2650.744,203.0,1103880
2025-01-08 11:39:00,long,0.4083896498130866,1,6.393570242090418,2648.697,81.0,1104090
2025-01-08 13:09:00,long,0.36994445389079283,-1,-3.9516863685044625,2657.249,19.0,1104180
2025-01-09 04:39:00,long,0.3693041629447016,1,4.9818074200931415,2655.979,109.0,1105110
2025-01-09 06:39:00,long,0.3561279317482785,0,4.72899999999976,2663.101,239.0,1105230
2025-01-09 22:09:00,long,0.3860276509900033,0,1.2370000000000254,2669.984,239.0,1106160
2025-01-10 02:24:00,long,0.4500852729166176,0,1.3299999999998726,2673.708,239.0,1106415
2025-01-10 06:39:00,long,0.41685086556332746,1,4.988815936700226,2675.915,164.0,1106670
2025-01-10 09:39:00,long,0.3609890521420213,-1,-3.9440221815417855,2679.577,179.0,1106850
2025-01-10 13:54:00,long,0.3661551623806288,1,14.64210121366832,2680.837,97.0,1107105
2025-01-13 22:31:00,long,0.36148359803834246,1,4.518937443000755,2663.625,73.0,1108995
2025-01-15 02:46:00,long,0.36954968369200525,1,5.343261428264947,2674.4,193.0,1110690
2025-01-15 06:01:00,long,0.38657423490773046,1,5.053905223981538,2679.602,126.0,1110885
2025-01-15 22:31:00,long,0.3514760989383974,-1,-2.3622240341882565,2696.999,30.0,1111875
2025-01-16 04:46:00,long,0.3620527030745026,-1,-3.038985114101482,2697.843,34.0,1112250
2025-01-16 22:31:00,long,0.3799916569838748,-1,-2.4314148963456708,2714.555,150.0,1113315
2025-01-17 01:16:00,long,0.36634727390515115,1,4.9027421532023965,2711.758,88.0,1113480
2025-01-17 02:46:00,long,0.3850704366796179,-1,-3.1407647480655307,2716.871,160.0,1113570
2025-01-17 05:31:00,long,0.3589599039069905,-1,-2.6123616361192745,2713.239,50.0,1113735
2025-01-17 06:31:00,long,0.372552616803928,-1,-2.9884030095191925,2712.073,81.0,1113795
2025-01-17 08:01:00,long,0.4114985866478444,-1,-3.3225878255376746,2710.407,83.0,1113885
2025-01-17 09:31:00,long,0.3757852231751629,-1,-3.666372171049273,2707.858,24.0,1113975
2025-01-17 10:01:00,long,0.3824356749895604,1,7.4725976549327084,2704.369,202.0,1114005
2025-01-17 13:46:00,long,0.35257578964139297,-1,-5.098160261698701,2708.302,45.0,1114230
2025-01-19 23:08:00,long,0.41119381808864536,-1,-2.650084705290855,2702.004,11.0,1114725
2025-01-20 01:08:00,long,0.35067303987617726,1,5.972844730308404,2690.175,62.0,1114845
2025-01-20 03:08:00,long,0.35532322988018805,1,6.383443825312503,2699.818,108.0,1114965
2025-01-22 00:16:00,long,0.3555280810813692,1,4.258754651707624,2743.973,37.0,1117440
2025-01-22 01:01:00,long,0.36053117164441695,0,4.059000000000142,2748.109,239.0,1117485
2025-01-22 05:16:00,long,0.35611633546743726,1,5.897656137213905,2752.319,37.0,1117740
2025-01-22 22:16:00,long,0.4056491537276011,-1,-2.144188091391314,2756.165,83.0,1118760
2025-01-22 23:46:00,long,0.3833363125160045,-1,-1.7791365030961876,2755.068,17.0,1118850
2025-01-23 00:16:00,long,0.3581763245850821,-1,-2.214508403560788,2754.537,90.0,1118880
2025-01-23 02:01:00,long,0.3736326196590232,-1,-3.1438175970914957,2753.261,80.0,1118985
2025-01-23 03:31:00,long,0.37211959213573576,0,2.5610000000000945,2750.211,239.0,1119075
2025-01-23 07:46:00,long,0.3848190093053026,-1,-2.9082116084415146,2752.574,93.0,1119330
2025-01-23 22:16:00,long,0.3836018469772268,1,5.284769846828466,2754.37,145.0,1120200
2025-01-24 00:46:00,long,0.4121238922864593,-1,-2.1990944937550387,2760.762,57.0,1120350
2025-01-24 01:46:00,long,0.38701369044723677,1,5.436692111656469,2759.06,13.0,1120410
2025-01-27 01:23:00,long,0.35420865542292196,-1,-4.035025215401954,2770.346,12.0,1121760
2025-01-27 22:08:00,long,0.3769828168905003,0,-0.7030000000000292,2740.612,239.0,1123005
2025-01-28 07:08:00,long,0.36599393327843305,-1,-2.9940996599112317,2740.847,65.0,1123545
2025-01-28 08:53:00,long,0.3616186829490241,0,3.977000000000262,2740.444,239.0,1123650
2025-01-29 00:08:00,long,0.35675199292735343,1,2.8800449896113562,2762.724,54.0,1124565
2025-01-29 02:53:00,long,0.35636943999191545,-1,-2.145879330818527,2764.918,22.0,1124730
2025-01-29 04:08:00,long,0.3932608095175953,-1,-2.264447687610063,2762.249,114.0,1124805
2025-01-29 06:08:00,long,0.36557256195279625,-1,-2.4658843493426033,2760.329,74.0,1124925
2025-01-29 08:08:00,long,0.4048953397961719,-1,-2.9685682841145287,2761.933,147.0,1125045
2025-01-29 10:38:00,long,0.36668303947562486,-1,-3.5813645935768856,2758.226,158.0,1125195
2025-01-29 14:23:00,long,0.3777979759781759,-1,-4.239842921947933,2759.078,60.0,1125420
2025-01-30 00:53:00,long,0.4048780972514502,-1,-2.4031206530891525,2762.136,11.0,1126050
2025-01-30 02:08:00,long,0.35359881066937227,0,1.014000000000069,2760.534,239.0,1126125
2025-01-30 06:23:00,long,0.39855037498721013,1,5.12355470601798,2761.907,52.0,1126380
2025-01-30 07:23:00,long,0.3546768588959082,1,6.052596884659939,2767.433,68.0,1126440
2025-01-30 08:38:00,long,0.35635704824641756,1,6.659876493180166,2773.311,238.0,1126515
2025-01-30 12:38:00,long,0.3592988950153879,1,6.150599712131466,2780.441,108.0,1126755
2025-01-30 22:53:00,long,0.35592286249599503,0,3.602999999999556,2793.385,239.0,1127370
2025-01-31 04:23:00,long,0.36648868428011727,-1,-3.034286835885345,2795.141,154.0,1127700
2025-01-31 07:23:00,long,0.37518370450069094,-1,-3.466312353606984,2797.786,58.0,1127880
2025-01-31 11:38:00,long,0.39972669787581394,1,8.066863772973507,2797.109,40.0,1128135
2025-02-07 05:30:00,long,0.35089366922703485,-1,-3.0707034317777295,2865.003,28.0,1134900
2025-02-19 01:34:00,long,0.3535930492799601,1,4.973071403665165,2932.849,13.0,1145820
2025-02-19 06:04:00,long,0.35232944561505447,1,7.3285130466355515,2934.134,190.0,1146090
2025-02-19 22:19:00,long,0.3507124134253183,1,6.192115174152621,2932.97,108.0,1147065
2025-02-20 22:34:00,long,0.36500374447414335,1,5.1399225423358095,2938.627,148.0,1148520
2025-02-28 00:11:00,long,0.3549768149993154,1,5.555898258665217,2875.362,53.0,1155750
2025-03-03 03:03:00,short,0.3468722839599183,0,1.0479999999997198,2866.776,239.0,1157295
2025-03-03 07:48:00,short,0.33700298493269176,-1,-4.027414474231958,2860.411,21.0,1157580
2025-03-03 11:03:00,short,0.3400117799982108,-1,-4.658487840090163,2872.294,87.0,1157775
2025-03-03 12:33:00,short,0.3433188974197669,-1,-4.222744468619967,2876.816,121.0,1157865
2025-03-05 00:03:00,short,0.33824313732001854,-1,-2.7242956438773356,2913.339,21.0,1159995
2025-03-05 01:03:00,short,0.3413441161407871,1,5.9619854534114785,2913.889,8.0,1160055
2025-03-07 03:48:00,short,0.34088921330440874,-1,-4.775856752970592,2905.172,89.0,1163100
2025-03-09 22:10:00,short,0.3463690914286446,-1,-4.572264257991925,2913.527,180.0,1164195
2025-03-10 03:10:00,short,0.34533910433569365,0,-1.8319999999999346,2912.252,239.0,1164495
2025-03-10 08:40:00,short,0.3746353595225692,-1,-4.99822784163609,2903.898,33.0,1164825
2025-03-10 10:25:00,short,0.34316072276772747,0,-1.7939999999999237,2905.331,239.0,1164930
2025-03-10 22:10:00,short,0.3462587307234894,1,6.660375570206175,2887.256,173.0,1165635
2025-03-11 01:10:00,short,0.3671996021463479,-1,-4.645156319057699,2882.147,4.0,1165815
2025-03-11 11:40:00,short,0.3473992517646751,-1,-4.129123055768649,2913.521,115.0,1166445
2025-03-12 13:25:00,short,0.34928552550995023,-1,-6.672943290080362,2908.379,21.0,1167990
2025-03-25 11:24:00,short,0.33747909844143936,1,7.040294791535705,3023.584,45.0,1180695
2025-03-25 14:24:00,short,0.34357696854224384,0,8.70700000000028,3028.157,239.0,1180875
2025-04-01 00:01:00,short,0.37732404215499626,-1,-2.775210628907582,3121.943,16.0,1187145
2025-04-04 00:16:00,short,0.3409993916258369,1,8.858246599741003,3112.897,133.0,1191480
2025-04-04 05:01:00,short,0.3416853061198482,-1,-7.47044006572078,3099.717,25.0,1191765
2025-04-04 07:01:00,short,0.39221864407158546,1,13.793601836812332,3099.396,76.0,1191885
2025-04-06 22:16:00,short,0.36214026111406517,1,21.064785058667564,3026.401,34.0,1192725
2025-04-07 12:01:00,short,0.42297441174051476,1,25.140284689550903,3027.655,101.0,1193550
2025-04-08 22:01:00,short,0.3596392787487332,-1,-4.3582324856544385,2984.329,62.0,1195590
2025-04-10 22:46:00,short,0.3464987532717685,-1,-5.6133114551679295,3188.464,94.0,1198515
2025-04-11 03:46:00,short,0.34193832145900943,1,19.974667761441854,3215.984,116.0,1198815
2025-04-13 23:38:00,short,0.35232979234219913,-1,-8.663798175790333,3219.707,105.0,1199940
2025-04-14 05:23:00,short,0.34430124004182916,-1,-7.220633635854078,3222.507,14.0,1200285
2025-04-14 07:38:00,short,0.3563457134317325,1,14.694802717429926,3230.269,161.0,1200420
2025-04-14 10:23:00,short,0.3452281132818274,-1,-8.433655182055952,3207.046,28.0,1200585
2025-04-14 12:23:00,short,0.3522808538199734,1,16.9839806252412,3218.69,17.0,1200705
2025-04-14 12:53:00,short,0.3371019253556605,0,-0.4539999999997781,3207.079,239.0,1200735
2025-04-15 04:08:00,short,0.34586998960286847,0,2.934000000000142,3228.021,239.0,1201650
2025-04-15 09:53:00,short,0.3467553932196189,0,9.468000000000247,3222.489,239.0,1201995
2025-04-16 23:53:00,short,0.3399797165871499,-1,-5.215829057058896,3349.296,81.0,1204275
2025-04-17 11:38:00,short,0.3565741185830415,-1,-7.564006501401724,3324.698,27.0,1204980
2025-04-21 04:00:00,short,0.35124084331241523,-1,-8.063820905279046,3381.524,131.0,1205895
2025-04-21 07:15:00,short,0.3718781209782623,0,4.029999999999691,3393.584,239.0,1206090
2025-04-21 22:00:00,short,0.3777016793516957,-1,-3.794063063167685,3423.892,3.0,1206975
2025-04-21 22:15:00,short,0.3680500070752048,-1,-4.3771741871273155,3432.045,60.0,1206990
2025-04-22 13:00:00,short,0.34203963836796636,1,27.32269863511117,3435.455,181.0,1207875
2025-04-23 00:00:00,short,0.38339384787292274,-1,-14.033502981386548,3337.246,28.0,1208535
2025-04-23 05:30:00,short,0.3611855322462461,1,24.74523820718527,3342.518,18.0,1208865
2025-04-23 08:15:00,short,0.3855206884017141,-1,-14.058058949066098,3307.494,39.0,1209030
2025-04-23 10:00:00,short,0.3505377280152186,-1,-12.434017612349544,3321.416,28.0,1209135
2025-04-23 11:00:00,short,0.3834794181074648,-1,-11.786522752536035,3322.845,15.0,1209195
2025-04-23 12:15:00,short,0.3997924323497399,-1,-12.095049705474311,3317.347,6.0,1209270
2025-04-23 13:00:00,short,0.3957086786239792,1,25.028592039313313,3312.486,37.0,1209315
2025-04-24 09:30:00,short,0.3479187973222575,-1,-10.396558016729148,3332.823,122.0,1210545
2025-04-24 12:15:00,short,0.3930697938945622,1,18.41199516554113,3336.944,87.0,1210710
2025-04-24 22:00:00,short,0.3556673332937742,-1,-3.86828677051419,3349.37,19.0,1211295
2025-04-25 04:15:00,short,0.3462502309329673,1,21.38103977946263,3323.82,91.0,1211670
2025-04-25 08:15:00,short,0.34071470740761034,-1,-11.542158653761525,3296.517,52.0,1211910
2025-04-25 09:30:00,short,0.35614543021741585,1,21.057273612411656,3302.625,210.0,1211985
2025-04-25 13:15:00,short,0.3829627890780984,0,-5.9869999999996795,3281.956,239.0,1212210
2025-04-28 04:37:00,short,0.3657750168060293,0,10.289999999999909,3293.54,239.0,1213065
2025-04-28 08:52:00,short,0.39308363452944795,-1,-8.630833373733473,3280.111,108.0,1213320
2025-04-28 22:07:00,short,0.3884974714591344,1,9.04927985052613,3339.424,164.0,1214115
2025-04-29 08:37:00,short,0.37316116048612047,1,14.718439017749116,3317.381,223.0,1214745
2025-04-29 14:07:00,short,0.39550886889219145,-1,-11.515910539821165,3300.539,18.0,1215075
2025-04-29 22:22:00,short,0.35166018467783533,1,7.733556148590591,3320.335,45.0,1215570
2025-04-30 00:22:00,short,0.3474960956412576,1,11.175435844120031,3320.309,41.0,1215690
2025-04-30 04:07:00,short,0.347451902906282,-1,-6.965564897524558,3303.792,58.0,1215915
2025-04-30 05:22:00,short,0.33913991894148215,1,12.599692178604132,3310.375,168.0,1215990
2025-04-30 13:52:00,short,0.34447047011515186,0,3.0059999999998035,3312.87,239.0,1216500
2025-05-01 05:07:00,short,0.36308930242862336,-1,-11.107839259969655,3228.675,55.0,1217415
2025-05-01 06:22:00,short,0.3844203862025369,1,21.421206551819886,3236.37,229.0,1217490
2025-05-01 11:37:00,short,0.37755054320653314,1,15.27826323335165,3222.461,11.0,1217805
2025-05-01 13:07:00,short,0.34918501356849335,-1,-11.247178401258397,3221.838,34.0,1217895
2025-05-01 13:52:00,short,0.36660189265241017,0,7.861000000000277,3222.594,239.0,1217940
2025-05-02 13:37:00,short,0.34072466015416075,1,22.35850877704998,3256.043,130.0,1219365
2025-05-04 22:29:00,short,0.3414845691300617,-1,-6.950196608571356,3240.183,63.0,1219830
2025-05-05 05:44:00,short,0.349261178219974,-1,-7.021787410656462,3258.018,72.0,1220265
2025-05-07 03:29:00,short,0.3640117604600477,-1,-14.164563123506332,3374.835,143.0,1223010
2025-05-07 06:44:00,short,0.36925636728056516,1,19.836582693602768,3389.222,196.0,1223205
2025-05-07 11:14:00,short,0.3561265640577588,-1,-9.422365253700766,3387.439,153.0,1223475
2025-05-07 14:29:00,short,0.3610878727701444,-1,-11.150433095626626,3383.085,217.0,1223670
2025-05-07 22:14:00,short,0.3754707325097905,-1,-6.903982707731999,3367.295,74.0,1224135
2025-05-07 23:44:00,short,0.37194058496303845,-1,-6.016699738047184,3375.844,33.0,1224225
2025-05-08 00:29:00,short,0.37354497127556907,-1,-6.255433029989554,3385.35,32.0,1224270
2025-05-08 05:29:00,short,0.33884676191896296,1,19.018866088753096,3373.883,30.0,1224570
2025-05-08 09:29:00,short,0.3830333746267206,-1,-11.011931353220788,3338.57,166.0,1224810
2025-05-09 02:29:00,short,0.3571338519431827,-1,-11.511050857231485,3280.063,7.0,1225830
2025-05-09 02:44:00,short,0.3757996717699265,-1,-12.247201052428052,3296.756,15.0,1225845
2025-05-11 23:25:00,short,0.3482166540521894,-1,-10.656315165040764,3277.052,31.0,1227015
2025-05-12 05:40:00,short,0.354996202935122,-1,-8.61667795673135,3271.234,20.0,1227390
2025-05-12 09:40:00,short,0.34423323433863123,-1,-13.79071913215332,3220.196,199.0,1227630
2025-05-12 23:55:00,short,0.3414593494576572,-1,-5.392190151314577,3235.914,11.0,1228485
2025-05-13 00:40:00,short,0.34331340476999056,-1,-6.153732377792575,3235.864,19.0,1228530
2025-05-13 10:55:00,short,0.3472764370981284,1,12.609771607084854,3252.931,81.0,1229145
2025-05-13 22:40:00,short,0.3434812433277901,-1,-3.5149999019116707,3252.339,21.0,1229850
2025-05-13 23:10:00,short,0.34184889545729447,1,7.167233544045905,3255.448,51.0,1229880
2025-05-14 03:55:00,short,0.3372803730482161,-1,-7.842203801622243,3227.702,130.0,1230165
2025-05-14 07:10:00,short,0.38507353406126676,-1,-7.38042445306116,3225.141,17.0,1230360
2025-05-14 09:25:00,short,0.33880787163882486,1,16.884050775461773,3231.074,167.0,1230495
2025-05-14 13:10:00,short,0.3381641621182413,-1,-12.55617374613791,3176.047,10.0,1230720
2025-05-15 07:40:00,short,0.39603389954596535,-1,-10.995283752403319,3136.374,24.0,1231830
2025-05-16 10:55:00,short,0.3375821684974423,1,20.616908508228097,3176.485,58.0,1233465
2025-05-16 11:55:00,short,0.36664909671854085,-1,-11.696903128992215,3159.17,27.0,1233525
2025-05-16 12:25:00,short,0.3514852727157845,-1,-13.227029877963721,3175.419,101.0,1233555
2025-05-16 14:25:00,short,0.34432200780728345,-1,-14.350965353607075,3177.271,160.0,1233675
2025-05-19 22:02:00,short,0.3635686681999804,1,5.970064500795568,3228.538,66.0,1235505
2025-05-19 23:17:00,short,0.3567266370883325,-1,-4.016017831776891,3221.385,102.0,1235580
2025-05-20 05:47:00,short,0.3900637957319449,-1,-7.291269643650639,3210.804,25.0,1235970
2025-05-20 06:47:00,short,0.34540308195554,-1,-7.352942535744113,3210.319,49.0,1236030
2025-05-21 22:02:00,short,0.3713230559626415,-1,-4.083183506753287,3318.56,80.0,1238385
2025-05-21 23:32:00,short,0.39142927039677883,-1,-4.819044268015561,3322.149,92.0,1238475
2025-05-22 04:02:00,short,0.3909094784784422,0,6.5269999999999895,3333.049,239.0,1238745
2025-05-23 09:17:00,short,0.3471052700750295,-1,-6.754747689299566,3329.052,147.0,1240500
2025-05-26 10:39:00,short,0.510650227765287,-1,-6.470438504864974,3329.962,143.0,1241955
2025-05-26 13:24:00,short,0.3392292377459426,-1,-5.550412977704453,3336.725,195.0,1242120
2025-05-27 00:14:00,short,0.3396713813549128,1,7.749049201875038,3349.445,53.0,1242540
2025-05-27 03:59:00,short,0.3877510633576676,1,10.111192054414673,3341.188,59.0,1242765
2025-05-27 05:14:00,short,0.3641548443641316,1,10.684765607907934,3328.471,31.0,1242840
2025-05-27 09:44:00,short,0.3641990769228016,0,-4.659999999999909,3296.293,239.0,1243110
2025-05-27 13:59:00,short,0.3841851216416757,-1,-9.138629891839349,3295.273,225.0,1243365
2025-05-28 22:29:00,short,0.36172255505478756,1,10.298123544677727,3285.493,40.0,1245315
2025-05-29 14:44:00,short,0.3469403350770867,-1,-9.671900856378052,3308.08,52.0,1246290
2025-05-29 22:44:00,short,0.34599976762343043,1,6.167866025312605,3316.612,128.0,1246770
2025-05-30 10:44:00,short,0.35795509507126283,-1,-5.8872211029672785,3294.416,88.0,1247490
2025-05-30 13:29:00,short,0.36816466291433214,1,19.64011511924338,3294.669,30.0,1247655
2025-05-30 14:14:00,short,0.3782829202110846,-1,-11.766218170657591,3282.248,160.0,1247700
2025-06-02 04:36:00,long,0.35635336388310657,1,10.999814961935932,3313.759,74.0,1248495
2025-06-03 09:06:00,long,0.3537381160749137,-1,-6.788847807406172,3360.264,126.0,1250205
2025-06-03 12:21:00,long,0.3589755777095784,-1,-6.064339639825657,3352.904,84.0,1250400
2025-06-03 21:06:00,long,0.35992032326707035,1,6.355427030534736,3353.345,123.0,1250925
2025-06-04 09:21:00,long,0.35498054922491656,-1,-6.145433333381494,3362.027,79.0,1251660
2025-06-04 23:21:00,long,0.4006469292294448,-1,-2.948791976942599,3378.313,14.0,1252500
2025-06-05 00:21:00,long,0.39081472320771227,-1,-3.9185700119579336,3380.686,18.0,1252560
2025-06-05 00:51:00,long,0.40842984437482643,-1,-4.846061828446256,3379.026,40.0,1252590
2025-06-05 09:21:00,long,0.35301517616906597,1,10.95360239681069,3382.293,43.0,1253100
2025-06-05 21:21:00,long,0.3705955857555409,1,10.121404169298401,3352.752,66.0,1253820
2025-06-05 22:36:00,long,0.466811442251799,1,8.526667336134864,3358.527,168.0,1253895
2025-06-06 01:36:00,long,0.37114187051931197,1,10.986061482014135,3364.457,208.0,1254075
2025-06-06 05:21:00,long,0.39535441246005604,-1,-5.181677162388177,3370.537,21.0,1254300
2025-06-06 05:51:00,long,0.3868226032115287,-1,-5.466246971487147,3362.39,53.0,1254330
2025-06-06 06:51:00,long,0.3576285609928799,-1,-6.126847906268245,3359.689,58.0,1254390
2025-06-06 08:36:00,long,0.401914468402523,-1,-6.596368311676495,3363.077,48.0,1254495
2025-06-06 09:36:00,long,0.43619713487928513,-1,-6.363750891539036,3358.497,173.0,1254555
2025-06-08 23:28:00,long,0.3659225310789763,-1,-6.143088137950078,3315.006,46.0,1255320
2025-06-09 05:13:00,long,0.3625768829433258,1,11.657171562022974,3311.044,96.0,1255665
2025-06-09 10:43:00,long,0.370685706988292,1,10.61632297627772,3313.933,209.0,1255995
2025-06-09 14:58:00,long,0.3762841714351991,1,15.072979028106538,3320.626,109.0,1256250
2025-06-10 12:28:00,long,0.35395044308619594,-1,-6.248460213096545,3336.871,128.0,1257540
2025-06-11 07:58:00,long,0.3767409572874165,-1,-6.067047974584063,3346.272,66.0,1258710
2025-06-11 12:43:00,long,0.3540541904508877,-1,-8.869566160517762,3353.798,9.0,1258995
2025-06-11 22:13:00,long,0.36191742239890423,1,8.914327295081518,3361.422,46.0,1259565
2025-06-11 23:13:00,long,0.3624939328153915,-1,-5.306963934964468,3368.162,35.0,1259625
2025-06-12 06:43:00,long,0.38740144809628546,-1,-5.743477179749799,3372.654,48.0,1260075
2025-06-12 09:58:00,long,0.35806613960895883,1,16.590200358114735,3365.709,32.0,1260270
2025-06-12 10:43:00,long,0.37137378854042014,-1,-8.772042322483129,3382.816,54.0,1260315
2025-06-12 19:58:00,long,0.3541402080814259,-1,-5.010215110536114,3389.069,124.0,1260870
2025-06-12 22:13:00,long,0.3681643304089518,-1,-2.6826948372812187,3383.73,6.0,1261005
2025-06-12 23:43:00,long,0.35799851354355305,1,6.917055277103476,3385.945,11.0,1261095
2025-06-12 23:58:00,long,0.4672507904770305,1,7.811410834771042,3392.965,3.0,1261110
2025-06-13 00:13:00,long,0.48419460771683637,1,11.492581665514349,3404.978,18.0,1261125
2025-06-13 00:43:00,long,0.38671819324948503,1,17.61160015725758,3404.856,29.0,1261155
2025-06-13 08:13:00,long,0.36354252962695777,-1,-9.48675996191003,3421.548,157.0,1261605
2025-06-13 11:43:00,long,0.3598024898389967,1,17.14487324672944,3421.219,76.0,1261815
2025-06-15 22:05:00,long,0.4163302614263776,-1,-6.535371872073772,3443.488,163.0,1262370
2025-06-16 01:50:00,long,0.35758872365435496,-1,-9.185245189771948,3441.658,113.0,1262595
2025-06-16 04:05:00,long,0.35094794537405666,-1,-7.5850629080469325,3430.509,91.0,1262730
2025-06-16 08:50:00,long,0.3536048212545988,0,-4.130000000000163,3417.809,239.0,1263015
2025-06-16 21:05:00,long,0.3685797855022559,1,9.297861649080213,3384.914,96.0,1263750
2025-06-16 22:50:00,long,0.3587178806467691,-1,-3.8950001359689037,3398.389,3.0,1263855
2025-06-16 23:05:00,long,0.36286732520633996,-1,-4.179841801263231,3395.121,180.0,1263870
2025-06-17 21:50:00,long,0.3719661441291563,1,6.610592204552554,3388.822,12.0,1265235
2025-06-17 22:05:00,long,0.35889249564871983,-1,-3.422447364291082,3395.493,22.0,1265250
2025-06-18 00:05:00,long,0.38422769594904577,-1,-4.0111691641787575,3385.468,96.0,1265370
2025-06-18 02:05:00,long,0.35663580706886866,-1,-5.630468033013349,3376.891,25.0,1265490
2025-06-18 03:05:00,long,0.43897437052234145,1,10.845316845239727,3381.122,62.0,1265550
2025-06-18 04:20:00,long,0.3630886917423216,-1,-5.179157777286425,3393.296,71.0,1265625
2025-06-18 06:50:00,long,0.358224839863325,-1,-6.177187949564161,3384.412,37.0,1265775
2025-06-18 07:35:00,long,0.3746946394111372,0,5.717000000000044,3380.136,239.0,1265820
2025-06-18 11:50:00,long,0.3588709205062405,-1,-5.67152674155127,3385.169,6.0,1266075
2025-06-18 14:05:00,long,0.35326781664675505,-1,-7.207180637705357,3387.923,14.0,1266210
2025-06-18 21:50:00,long,0.358096724425418,1,10.81011994075322,3368.584,31.0,1266675
2025-06-18 22:50:00,long,0.3713558484628217,1,10.599565784499328,3374.445,134.0,1266735
2025-06-19 02:20:00,long,0.3670780999472354,-1,-6.193548512256994,3375.483,202.0,1266945
2025-06-19 06:05:00,long,0.37914402498611594,-1,-5.825169136577053,3359.016,4.0,1267170
2025-06-19 10:20:00,long,0.3718113599914285,-1,-6.781907100540344,3373.81,110.0,1267425
2025-06-19 12:20:00,long,0.41610383422521147,0,3.4009999999997853,3365.139,239.0,1267545
2025-06-19 22:07:00,long,0.39254347449024324,-1,-5.710723671987065,3369.53,4.0,1267845
2025-06-19 23:07:00,long,0.39367173016054535,-1,-5.578097375491955,3364.893,126.0,1267905
2025-06-20 04:22:00,long,0.3863221468826079,-1,-6.231271025609202,3355.716,65.0,1268220
2025-06-20 05:37:00,long,0.3803247558489323,-1,-5.703406507015397,3350.608,14.0,1268295
2025-06-20 08:22:00,long,0.396438795656251,0,0.49199999999967986,3349.494,239.0,1268460
2025-06-23 03:59:00,long,0.3679936023654228,-1,-6.3843402306656,3363.385,43.0,1269570
2025-06-23 09:29:00,long,0.35569467103833763,1,11.656717258387072,3365.077,109.0,1269900
2025-06-23 21:44:00,long,0.3657435789419256,-1,-4.201023086740254,3368.358,17.0,1270635
2025-06-24 09:14:00,long,0.355479629095575,-1,-8.217362788753292,3324.895,177.0,1271325
2025-06-24 23:29:00,long,0.3848231677392879,1,5.2013202716279485,3322.856,52.0,1272180
2025-06-25 00:44:00,long,0.3623653227716358,1,6.335347278684865,3325.163,31.0,1272255
2025-06-25 11:14:00,long,0.3590528624610889,-1,-4.920543117344924,3328.969,31.0,1272885
2025-06-25 22:14:00,long,0.3604759871266461,1,4.803301547707468,3333.524,96.0,1273545
2025-06-25 23:59:00,long,0.36850280845065825,-1,-3.076644604943278,3338.987,1.0,1273650
2025-06-26 02:29:00,long,0.3644869332945764,-1,-4.620016997470832,3335.648,220.0,1273800
2025-06-26 06:44:00,long,0.3522302249204146,1,9.641795416229026,3337.087,51.0,1274055
2025-06-26 10:59:00,long,0.3974786339403211,-1,-4.739796593444092,3343.258,33.0,1274310
2025-06-26 12:29:00,long,0.35142568450429906,-1,-5.471097956088551,3342.718,1.0,1274400
2025-06-26 21:29:00,long,0.3746075205772623,-1,-2.9534948100487486,3328.248,32.0,1274940
2025-06-26 23:44:00,long,0.36580788625190197,-1,-3.6489443995795705,3319.552,18.0,1275075
2025-06-27 02:59:00,long,0.368802034003891,-1,-5.749145747573018,3308.798,16.0,1275270
2025-06-29 22:06:00,long,0.447079003481346,-1,-4.901202139799955,3273.505,4.0,1276350
2025-07-02 22:06:00,long,0.35707613949189915,1,4.228583205708372,3359.127,16.0,1280670
2025-07-03 04:36:00,long,0.3543022561448281,1,7.831225599621308,3349.47,75.0,1281060
2025-07-03 22:06:00,long,0.3685618173541092,-1,-1.8634610038901893,3325.591,4.0,1282110
2025-07-03 22:21:00,long,0.3685618173541092,1,3.7766203566946195,3324.623,28.0,1282125
2025-07-03 22:51:00,long,0.3651982409908551,-1,-2.172507484674343,3328.777,81.0,1282155
2025-07-09 22:11:00,long,0.36211578838542907,1,4.638311232464241,3317.014,150.0,1287555
2025-07-10 22:11:00,long,0.35159953063398797,-1,-2.156152360398057,3325.838,5.0,1288995
2025-07-16 00:33:00,long,0.35253085186641114,-1,-2.91244225136276,3331.749,31.0,1293390
2025-07-16 05:33:00,long,0.3569826402701048,-1,-3.6406472144953654,3339.592,13.0,1293690
2025-07-16 23:18:00,long,0.35095454669769627,-1,-3.250231832170031,3348.892,30.0,1294755
2025-07-17 05:03:00,long,0.3510628828584809,-1,-3.7958841709702877,3342.111,31.0,1295100
2025-07-17 22:03:00,long,0.35669190019932,-1,-1.8017140985206122,3340.719,12.0,1296120
2025-07-17 22:18:00,long,0.3541636557309438,1,3.949580677088845,3339.076,18.0,1296135
2025-07-17 23:48:00,long,0.35624277301378177,-1,-2.7915957494609267,3341.485,38.0,1296225
2025-07-18 00:33:00,long,0.3640673369746686,-1,-2.9834448045903397,3338.584,57.0,1296270
2025-07-23 23:10:00,long,0.3709493190235014,-1,-3.2017695103907413,3388.114,117.0,1301880
2025-07-24 22:10:00,long,0.3680266392560095,-1,-2.0146659696971843,3367.722,16.0,1303260
2025-07-24 22:40:00,long,0.3680266392560095,1,4.475406791827703,3366.898,96.0,1303290
2025-07-25 00:25:00,long,0.3545355057298173,-1,-2.9589679944752114,3372.04,43.0,1303395
2025-07-30 00:02:00,long,0.3606670590741259,-1,-2.395657232848666,3329.879,91.0,1307625
2025-08-06 05:24:00,long,0.35520174560720624,1,6.654584066800377,3370.905,59.0,1315080
2025-08-13 22:01:00,long,0.3634655686875769,-1,-1.80348430050015,3358.408,28.0,1323210
2025-08-13 22:31:00,long,0.36116720688662374,1,3.7360849881846887,3357.182,33.0,1323240
2025-08-14 22:01:00,long,0.375798709753005,-1,-2.0705267899351285,3337.796,12.0,1324650
2025-08-14 22:16:00,long,0.375798709753005,1,4.394491971165494,3334.289,200.0,1324665
2025-08-15 01:46:00,long,0.3637138589318338,1,7.689161195024018,3338.486,162.0,1324875
2025-08-15 04:31:00,long,0.3600020317050273,-1,-3.3876027049735558,3346.183,58.0,1325040
2025-08-15 05:31:00,long,0.354541028259682,-1,-3.4959210269154184,3342.387,177.0,1325100
2025-08-20 00:08:00,long,0.3551576705005464,-1,-2.606412663959811,3314.745,58.0,1329030
2025-08-20 03:53:00,long,0.3589717233802218,1,7.743099024949478,3318.222,201.0,1329255
2025-08-21 22:08:00,long,0.358911921734176,-1,-1.637076208187086,3338.741,115.0,1331790
2025-08-22 00:08:00,long,0.35096457851990026,-1,-2.0098336844352085,3337.95,6.0,1331910
2025-08-24 23:15:00,long,0.3567273161523674,-1,-3.2197833351856397,3367.66,52.0,1333230
2025-08-27 22:00:00,long,0.35161792364941313,-1,-1.7490610580812136,3397.256,17.0,1337475
2025-08-28 23:15:00,long,0.3518249487494845,-1,-1.850385358255329,3416.239,65.0,1338990
2025-09-11 23:46:00,long,0.36261707326776454,-1,-2.6685471428095817,3633.795,36.0,1353060
2025-09-12 00:31:00,long,0.36163230622806003,1,6.398535978187316,3631.542,29.0,1353105
2025-09-17 04:23:00,long,0.3550096126113034,-1,-4.343819868585444,3681.443,76.0,1357590
2025-11-02 23:40:00,short,0.3563954508459006,1,23.117136346640926,3986.488,36.0,1404135
2025-11-03 22:10:00,short,0.34218920073517195,1,12.816586323504456,4000.704,62.0,1405485
2025-11-06 00:25:00,short,0.35315160336648366,-1,-5.623569269589176,3974.071,124.0,1408500
2025-11-06 11:25:00,short,0.33921221328844686,-1,-6.401125017679882,4007.341,10.0,1409160
2025-11-07 14:10:00,short,0.3380243027637822,-1,-9.224009422639396,4000.973,139.0,1410765
2025-11-13 22:13:00,short,0.34207244517550883,-1,-10.417427198239551,4171.534,67.0,1416945
2025-11-14 07:28:00,short,0.34054038629927635,-1,-12.15417540659197,4162.189,15.0,1417500
2025-11-14 08:13:00,short,0.3511405753604149,1,23.841813909626065,4176.111,178.0,1417545
2025-11-14 11:13:00,short,0.3451030693733972,1,24.34503699286318,4153.755,57.0,1417725
2025-11-17 04:31:00,short,0.3421198067388109,1,24.73074882794107,4082.8,59.0,1418700
2025-11-17 06:01:00,short,0.35477161085333664,-1,-12.619828963444268,4062.137,74.0,1418790
2025-11-17 08:46:00,short,0.34610916723969576,-1,-11.51431879071748,4077.408,76.0,1418955
2025-11-17 12:16:00,short,0.34376360761041647,-1,-12.307018966636228,4075.304,46.0,1419165
2025-11-18 07:16:00,short,0.3438639617639452,-1,-11.70772405049588,4008.707,48.0,1420305
2025-11-20 05:16:00,short,0.33921812829612397,1,23.173953347804087,4071.138,176.0,1423065
2025-11-20 08:16:00,short,0.3444019372485604,-1,-13.26697279939355,4049.464,39.0,1423245
2025-11-20 10:46:00,short,0.34853257024201345,-1,-13.44770240053105,4062.728,92.0,1423395
2025-11-21 01:46:00,short,0.35191943521562835,-1,-10.815290949495646,4066.803,44.0,1424295
2025-11-21 04:31:00,short,0.3402365419202565,1,22.60565565584767,4056.03,116.0,1424460
2025-11-21 07:01:00,short,0.3472074048025401,-1,-14.085071123053021,4027.401,74.0,1424610
2025-11-21 10:16:00,short,0.35721573057085665,-1,-15.015784489950201,4038.628,133.0,1424805
2025-11-23 23:04:00,short,0.35965931621676545,1,23.08168454780023,4067.249,172.0,1425510
2025-11-24 05:34:00,short,0.3408085902028697,-1,-9.88607247222565,4045.539,50.0,1425900
2025-11-25 23:19:00,short,0.3371572503187412,-1,-5.427670040427531,4134.191,51.0,1428405
2025-11-26 00:49:00,short,0.3463278325195493,-1,-6.299733539117169,4136.763,8.0,1428495
2025-11-26 07:49:00,short,0.34395915705941704,-1,-8.46576927268272,4157.924,18.0,1428915
2025-11-26 23:34:00,short,0.34220784922664527,-1,-4.246419199140924,4163.573,15.0,1429860
2025-11-27 00:04:00,short,0.3456576067158953,1,8.869822529186493,4164.673,70.0,1429890
2025-11-27 11:34:00,short,0.33710705833147997,0,0.7170000000000436,4160.158,239.0,1430580
2025-12-01 22:27:00,long,0.37728006378404183,-1,-6.595603220251842,4231.914,82.0,1433700
2025-12-02 05:27:00,long,0.37425408009176636,-1,-8.074417867614011,4221.674,54.0,1434120
2025-12-02 08:27:00,long,0.3540338741354142,-1,-8.571120288945961,4216.383,37.0,1434300
2025-12-02 12:42:00,long,0.3705023593384943,1,16.820097580874908,4205.879,88.0,1434555
2025-12-02 22:12:00,long,0.36717153520850865,1,13.292648158412707,4205.886,173.0,1435125
2025-12-03 02:12:00,long,0.3619825559707585,-1,-8.335762511080167,4221.743,203.0,1435365
2025-12-03 13:27:00,long,0.35554689542750767,1,15.958744726678757,4219.827,26.0,1436040
2025-12-03 22:12:00,long,0.36605727575150687,1,12.48287226479754,4202.78,143.0,1436565
2025-12-04 00:42:00,long,0.35399525415308136,-1,-5.363348883488613,4213.651,20.0,1436715
2025-12-04 04:27:00,long,0.3738263638817575,-1,-7.960053577155797,4198.795,53.0,1436940
2025-12-04 05:27:00,long,0.3519093301030588,-1,-7.159006569634013,4195.33,10.0,1437000
2025-12-04 07:12:00,long,0.3764853015804617,0,13.156000000000349,4190.235,239.0,1437105
2025-12-04 11:27:00,long,0.40133575579891584,-1,-7.312925032189351,4198.652,66.0,1437360
2025-12-04 12:42:00,long,0.35299731244105526,1,14.313198320829054,4190.264,85.0,1437435
2025-12-04 22:27:00,short,0.3371444190121843,1,8.21959398694836,4208.601,152.0,1438020
2025-12-05 02:12:00,short,0.3403922357528881,-1,-6.5612890776537425,4200.399,36.0,1438245
2025-12-05 03:12:00,short,0.350597416687858,-1,-6.7533444965838605,4203.215,32.0,1438305
2025-12-05 04:27:00,long,0.3566414992080679,1,12.514875084474266,4212.18,100.0,1438380
2025-12-05 10:27:00,long,0.35374117451054266,-1,-5.977523351312414,4226.293,34.0,1438740
2025-12-05 11:57:00,long,0.3517798477585578,1,10.918853365211595,4223.41,91.0,1438830
2025-12-08 04:06:00,long,0.38553256720466,0,1.9889999999999781,4209.367,239.0,1439730
2025-12-08 11:51:00,long,0.3531927488296473,-1,-7.163077248090005,4211.996,92.0,1440195
2025-12-08 22:06:00,long,0.39812557615141936,0,4.67700000000008,4190.613,239.0,1440810
2025-12-09 09:21:00,long,0.3526906358843191,-1,-7.885248196384409,4208.848,35.0,1441485
2025-12-09 22:06:00,short,0.33927172943865114,-1,-5.5626973631609475,4208.525,185.0,1442250
2025-12-10 01:21:00,long,0.3762515373654504,-1,-5.135175143116409,4217.636,20.0,1442445
2025-12-10 02:36:00,long,0.3782228939101103,-1,-5.888753541746321,4214.992,40.0,1442520
2025-12-10 05:36:00,short,0.3390961566137697,-1,-5.40328296290678,4208.154,10.0,1442700
2025-12-10 05:51:00,long,0.35567957572454173,-1,-5.47672192284013,4213.193,25.0,1442715
2025-12-10 12:06:00,long,0.35607404162983014,-1,-5.732458565449312,4199.966,53.0,1443090
2025-12-11 07:06:00,short,0.35473189758991874,-1,-7.75044090780091,4211.49,94.0,1444230
2025-12-11 09:06:00,long,0.3561944272271295,0,0.6889999999997962,4213.018,239.0,1444350
2025-12-11 13:36:00,short,0.3461184101556697,-1,-8.568864548712012,4214.497,13.0,1444620
2025-12-11 22:36:00,long,0.41066049433097424,-1,-6.183411436284486,4280.179,62.0,1445160
2025-12-12 00:21:00,long,0.3528815672410605,-1,-6.2659465805285,4278.328,31.0,1445265
2025-12-12 04:21:00,short,0.3384949150616454,-1,-6.744541883003864,4267.956,66.0,1445505
2025-12-12 05:36:00,long,0.37145285003270423,1,12.13895533572147,4277.883,119.0,1445580
2025-12-15 07:11:00,long,0.39339753780731984,0,-2.4820000000004803,4341.121,239.0,1447050
2025-12-15 11:26:00,long,0.36658281936660586,-1,-7.121479060451373,4340.088,150.0,1447305
2025-12-15 22:41:00,long,0.35321111675224204,-1,-5.356363183272608,4305.437,144.0,1447980
2025-12-16 09:41:00,short,0.3369486314562819,-1,-8.172648029297964,4282.178,156.0,1448640
2025-12-16 12:26:00,long,0.3552519747953412,1,15.289344868690169,4290.856,63.0,1448805
2025-12-17 04:11:00,long,0.3836221656649456,1,14.94698321776061,4323.946,86.0,1449750
2025-12-17 12:41:00,long,0.3612055342883985,1,13.6595932740068,4317.685,38.0,1450260
2025-12-17 23:56:00,long,0.3872927101114198,-1,-5.058903791120516,4341.997,13.0,1450935
2025-12-18 02:56:00,short,0.3425459271050431,0,-0.07699999999982537,4333.251,239.0,1451115
2025-12-18 07:11:00,short,0.36786717322909274,-1,-5.822594971333165,4331.643,20.0,1451370
2025-12-18 07:41:00,short,0.3542195244680911,1,11.677315188675777,4333.604,73.0,1451400
2025-12-18 08:56:00,short,0.33885452914601816,0,4.1289999999993965,4326.132,239.0,1451475
2025-12-18 22:26:00,long,0.3578557222035525,-1,-6.851752343393226,4332.274,153.0,1452285
2025-12-19 02:41:00,short,0.3368805118283121,-1,-7.976368103000402,4316.804,170.0,1452540
2025-12-19 05:41:00,long,0.36494212931626874,0,4.139000000000524,4325.486,239.0,1452720
2025-12-19 09:56:00,long,0.35143821110708856,-1,-6.6889259596440604,4327.506,133.0,1452975
2025-12-19 12:56:00,short,0.3383303054369001,-1,-6.576655462368395,4325.592,14.0,1453155
2025-12-21 23:47:00,long,0.3807592814408361,1,12.33831590975948,4351.94,19.0,1453740
2025-12-22 12:02:00,long,0.36557946750925213,-1,-6.069562418585696,4413.021,10.0,1454475
2025-12-22 12:47:00,long,0.3587454514906333,1,11.998209488649461,4411.335,22.0,1454520
2025-12-22 13:17:00,long,0.36024176284240245,-1,-6.9054897845111896,4424.747,7.0,1454550
2025-12-22 22:02:00,long,0.35669597542636905,1,11.902848788135037,4443.705,72.0,1455075
2025-12-22 23:47:00,long,0.3509395805656896,1,10.649880109987086,4458.257,42.0,1455180
2025-12-23 11:32:00,long,0.35439733928633294,1,12.680654918641142,4484.215,105.0,1455885
2025-12-23 23:02:00,long,0.3940666608861016,1,9.529094288630576,4488.505,30.0,1456575
2025-12-24 09:17:00,long,0.35186837060570586,-1,-9.653632149812866,4492.081,76.0,1457190
2025-12-24 12:02:00,short,0.3371150864652709,1,15.923906393280552,4492.666,77.0,1457355
2025-12-29 23:16:00,short,0.34312228657152255,-1,-8.04618158837693,4337.743,39.0,1460565
2025-12-30 00:46:00,short,0.34909537055252493,-1,-9.968730191688518,4341.671,62.0,1460655
2026-01-02 02:23:00,short,0.43513421289523496,-1,-10.093632099458357,4346.118,26.0,1463565
2026-01-02 03:08:00,short,0.36215089524810207,-1,-9.970666963449087,4366.022,52.0,1463610
2026-01-02 04:08:00,short,0.4142826732579563,0,-8.09900000000067,4377.222,239.0,1463670
2026-01-02 08:23:00,short,0.33769559000339383,-1,-8.079194768314638,4383.252,21.0,1463925
2026-01-02 09:38:00,short,0.34658184691111754,-1,-8.274260494412626,4387.832,62.0,1464000
2026-01-02 11:53:00,short,0.4025923746922438,-1,-7.507911710301995,4391.148,78.0,1464135
2026-01-02 14:23:00,short,0.35187138342302166,1,24.061895721000397,4369.738,40.0,1464285
2026-01-05 12:32:00,short,0.34816176269734317,-1,-9.77861229725143,4415.144,97.0,1465545
2026-01-05 22:32:00,short,0.353185055971965,-1,-6.089689421797257,4448.989,31.0,1466145
2026-01-06 01:17:00,short,0.3779666355421895,-1,-9.618548776530568,4441.063,38.0,1466310
2026-01-06 05:47:00,short,0.354067111319077,-1,-8.60607390093982,4458.652,72.0,1466580
2026-01-06 08:02:00,short,0.3675704702487744,-1,-9.174850742864264,4458.612,20.0,1466715
2026-01-06 10:32:00,short,0.3462822584499152,-1,-9.937843155248714,4452.212,62.0,1466865
2026-01-06 11:47:00,short,0.37328456805477783,-1,-9.054755849874041,4460.716,88.0,1466940
2026-01-06 13:47:00,short,0.36107972556866375,-1,-9.852335494042826,4460.19,12.0,1467060
2026-01-07 06:32:00,short,0.3497025725130587,-1,-11.335095149804353,4451.701,73.0,1468065
2026-01-07 08:02:00,short,0.3548949840147522,-1,-10.93922377754323,4461.1,36.0,1468155
2026-01-07 09:32:00,short,0.3669264827800077,1,20.630797969492054,4462.709,165.0,1468245
2026-01-08 02:02:00,short,0.3953188369890865,1,19.261095851903004,4448.23,182.0,1469235
2026-01-08 07:32:00,short,0.3543850907785172,0,8.389999999999818,4433.931,239.0,1469565
2026-01-08 11:47:00,short,0.46337504857678524,-1,-8.52437636368583,4423.768,94.0,1469820
2026-01-08 14:02:00,short,0.41098887248408644,-1,-12.429749224483587,4423.218,44.0,1469955
2026-01-09 04:32:00,short,0.391306905372548,-1,-8.013104885806342,4463.465,62.0,1470825
2026-01-09 07:32:00,short,0.3469198548773462,0,0.5700000000001091,4471.24,239.0,1471005
2026-01-09 11:47:00,short,0.36165517879621795,-1,-6.618916800540201,4470.312,12.0,1471260
2026-01-12 22:07:00,short,0.4018297095582093,1,17.61580618687841,4596.711,64.0,1473255
2026-01-13 00:07:00,short,0.3471245602830481,1,18.614259059420526,4594.395,84.0,1473375
2026-01-13 03:52:00,short,0.361799709040378,1,19.178005650955747,4592.996,168.0,1473600
2026-01-13 06:52:00,short,0.3843030297496022,-1,-9.89017371925306,4582.191,94.0,1473780
2026-01-13 09:52:00,short,0.37040478467984017,-1,-8.555159808490924,4586.95,189.0,1473960
2026-01-13 22:07:00,short,0.4187145064167635,-1,-10.612771783458893,4586.552,77.0,1474695
2026-01-14 22:22:00,short,0.34297524270100765,1,19.305664411931254,4626.038,63.0,1476150
2026-01-15 00:22:00,short,0.36432112060029265,1,18.8193291540569,4615.63,67.0,1476270
2026-01-15 02:37:00,short,0.34177849926907267,0,-0.1990000000001237,4605.44,239.0,1476405
2026-01-15 07:07:00,short,0.3469389004669852,-1,-12.049114542076664,4606.945,214.0,1476675
2026-01-15 12:52:00,short,0.3731555340812926,1,15.303592191877353,4614.316,38.0,1477020
2026-01-15 13:37:00,short,0.3605847005091617,-1,-10.361978180306368,4591.207,43.0,1477065
2026-01-15 14:22:00,short,0.38526611400537136,-1,-12.722618026922332,4601.479,32.0,1477110
2026-01-15 22:07:00,short,0.36401038965078986,1,14.277976524147055,4615.67,156.0,1477575
2026-01-16 04:07:00,short,0.36533080869951867,-1,-8.33236595779324,4598.559,96.0,1477935
2026-01-16 10:07:00,short,0.3616685278480055,-1,-7.682926216584387,4603.885,81.0,1478295
2026-01-16 13:37:00,short,0.3394211144569987,-1,-11.326777798867788,4596.364,33.0,1478505
2026-01-19 11:18:00,short,0.35777398133690774,-1,-7.460875990810813,4662.711,58.0,1479735
2026-01-20 00:51:00,short,0.359316989039338,-1,-6.239178263557513,4662.253,12.0,1480335
2026-01-20 01:06:00,short,0.4005393632939865,-1,-6.704880714707681,4669.554,153.0,1480350
2026-01-21 12:06:00,short,0.38164103580523556,-1,-11.470443671374221,4863.812,90.0,1482450
2026-01-21 14:06:00,short,0.35961144329827266,1,30.124946466513197,4857.574,74.0,1482570
2026-01-21 22:06:00,short,0.4013039201196116,1,41.24728901834787,4828.746,80.0,1483050
2026-01-21 23:36:00,short,0.3714418744429328,0,5.826999999999717,4798.552,239.0,1483140
2026-01-22 04:51:00,short,0.3591322775961773,-1,-12.525725495189386,4795.397,58.0,1483455
2026-01-22 05:51:00,short,0.35122278921614525,-1,-11.654800091678636,4815.363,32.0,1483515
2026-01-22 06:51:00,short,0.34988375140945255,-1,-11.44953288110797,4822.715,15.0,1483575
2026-01-22 07:21:00,short,0.3692122861211723,0,6.544999999999564,4834.753,239.0,1483605
2026-01-22 11:36:00,short,0.4206454968855145,-1,-9.498481539531166,4827.816,175.0,1483860
2026-01-22 14:36:00,short,0.3490349158933655,-1,-13.169315358450161,4838.194,49.0,1484040
2026-01-22 22:21:00,short,0.33701048227634,-1,-9.48824887669856,4936.22,39.0,1484505
2026-01-23 00:51:00,short,0.342057782000688,0,-1.6779999999994835,4956.666,239.0,1484655
2026-01-23 05:06:00,short,0.3719298423412058,-1,-10.581539626536696,4956.803,44.0,1484910
2026-01-23 06:21:00,short,0.35952097845285663,1,20.714936253882396,4956.204,118.0,1484985
2026-01-23 08:21:00,short,0.4065046067485448,1,22.995771894999184,4932.656,5.0,1485105
2026-01-23 08:36:00,short,0.46453647289183086,-1,-13.769477830934798,4921.814,218.0,1485120
2026-01-23 12:21:00,short,0.3964297741901884,-1,-12.56958248990467,4932.734,44.0,1485345
2026-01-23 13:21:00,short,0.41195318722617247,-1,-12.995733180442942,4930.859,46.0,1485405
2026-01-26 13:24:00,short,0.3436781457165023,-1,-13.870484589001878,5069.517,67.0,1486785
2026-01-26 22:39:00,short,0.3447104032977476,-1,-20.034358328910784,5009.206,21.0,1487340
2026-01-27 00:54:00,short,0.3852126623823658,-1,-17.838355016235244,5022.942,10.0,1487475
2026-01-27 05:09:00,short,0.3736937728607579,-1,-15.398392939811622,5060.411,35.0,1487730
2026-01-27 08:39:00,short,0.34566436139190043,-1,-15.790807324564103,5080.722,72.0,1487940
2026-01-27 10:54:00,short,0.38307241521973373,1,26.125786520474954,5083.549,198.0,1488075
2026-01-27 14:24:00,short,0.4281551288876537,-1,-18.619515518703516,5059.938,16.0,1488285
2026-01-27 14:54:00,short,0.371364357452677,-1,-21.330995870260526,5063.396,42.0,1488315
2026-01-29 09:54:00,short,0.38979435495395237,0,-4.9960000000006035,5514.57,239.0,1490895
2026-01-29 14:54:00,short,0.3538458974951877,1,67.96310886702308,5505.124,12.0,1491195
2026-01-30 00:09:00,short,0.34272820105666174,1,65.92620253127417,5447.134,52.0,1491750
2026-01-30 01:09:00,short,0.3818945651023085,1,73.23942407617935,5366.944,49.0,1491810
2026-01-30 02:24:00,short,0.34893521070270134,-1,-60.865249168351795,5163.075,16.0,1491885
2026-01-30 03:39:00,short,0.3671870722863804,-1,-65.18155510511559,5171.796,97.0,1491960
2026-01-30 05:24:00,short,0.3554707183109273,1,99.36664551405019,5231.524,95.0,1492065
2026-01-30 07:09:00,short,0.3735266923531773,1,101.0854493257148,5166.067,85.0,1492170
2026-01-30 08:39:00,short,0.36848712024486546,1,111.17962611506393,5092.252,64.0,1492260
2026-01-30 11:54:00,short,0.35431908272981577,1,120.85893959077595,5119.111,114.0,1492455
2026-01-30 13:54:00,short,0.4013729306877614,-1,-63.50107205589766,5007.189,10.0,1492575
2026-01-30 14:09:00,short,0.36056604150920807,1,128.06337174368178,5059.837,177.0,1492590
2026-04-01 00:13:00,long,0.37012658102529755,-1,-17.987938593133666,4700.008,86.0,1552950
2026-04-01 04:13:00,short,0.34150193782397253,-1,-17.109656552565554,4674.778,77.0,1553190
2026-04-01 05:43:00,long,0.3795728926377302,-1,-15.08823736417927,4700.838,15.0,1553280
2026-04-01 06:13:00,long,0.4051527603813385,1,30.863443603045386,4694.647,34.0,1553310
2026-04-01 21:28:00,long,0.35371058576307435,1,24.242174244201767,4756.874,82.0,1554225
2026-04-01 22:58:00,long,0.4033157066574447,1,21.298829425523014,4776.53,20.0,1554315
2026-04-01 23:43:00,long,0.3853005758653221,-1,-12.22382095611049,4791.322,7.0,1554360
2026-04-01 23:58:00,long,0.37811431868832795,-1,-12.831911679719903,4784.103,61.0,1554375
2026-04-02 01:13:00,short,0.376141078890304,1,43.18085737003048,4751.209,11.0,1554450
2026-04-02 01:28:00,short,0.36007927109636567,0,27.00999999999971,4702.508,239.0,1554465
2026-04-02 08:58:00,short,0.3696860655027957,0,13.201000000000422,4619.398,239.0,1554915
2026-04-05 22:01:00,short,0.4181725628880912,1,33.28367398939283,4658.348,8.0,1555635
2026-04-05 22:16:00,short,0.36597040074418336,0,-8.852000000000372,4636.606,239.0,1555650
2026-04-06 03:31:00,short,0.4112268534357601,-1,-21.689361699625334,4630.807,78.0,1555965
2026-04-06 05:01:00,short,0.35073749972463186,-1,-16.661203841130767,4661.055,16.0,1556055
2026-04-06 06:01:00,short,0.3687253084302883,-1,-16.36844978006787,4649.517,49.0,1556115
2026-04-06 07:01:00,short,0.341090726011583,-1,-15.887089102048696,4662.448,49.0,1556175
2026-04-06 12:16:00,short,0.3443608106205342,-1,-14.659739121883812,4671.992,103.0,1556490
2026-04-06 22:46:00,short,0.35857100604623854,1,16.161882683019073,4660.668,133.0,1557120
2026-04-07 01:01:00,short,0.4169543367805215,-1,-11.334848883852107,4648.763,1.0,1557255
2026-04-07 01:16:00,short,0.3516566919268867,-1,-15.154179307639623,4646.414,203.0,1557270
2026-04-07 04:46:00,long,0.38892392501125383,-1,-14.530526188236632,4661.208,38.0,1557480
2026-04-07 05:31:00,short,0.39073601199884345,-1,-14.503284958359705,4629.045,24.0,1557525
2026-04-07 06:01:00,short,0.38191105156317623,-1,-16.175117905699587,4641.584,120.0,1557555
2026-04-07 08:16:00,short,0.3610282319434164,-1,-16.256707134385472,4662.177,4.0,1557690
2026-04-07 11:46:00,short,0.3474876283101593,1,40.414011358039616,4659.255,139.0,1557900
2026-04-08 05:01:00,short,0.3390201014690194,-1,-16.38065920960484,4804.374,32.0,1558935
2026-04-08 10:16:00,short,0.3445993022793225,-1,-17.554862067006837,4776.12,28.0,1559250
2026-04-08 10:46:00,short,0.38799733220797267,1,33.89068905896683,4794.398,224.0,1559280
2026-04-08 21:31:00,long,0.36013319334950894,-1,-11.313390850249379,4719.672,46.0,1559925
2026-04-08 22:31:00,short,0.36492242840878597,-1,-11.846913905332412,4710.533,163.0,1559985
2026-04-09 01:31:00,short,0.3722176814865175,-1,-17.07169817326519,4706.562,18.0,1560165
2026-04-09 02:46:00,long,0.3757255090320671,-1,-15.45945574997052,4729.914,24.0,1560240
2026-04-09 03:16:00,short,0.4208587611209841,-1,-15.012784743825508,4709.02,96.0,1560270
2026-04-09 05:01:00,short,0.3824752185632566,-1,-12.122261999711125,4720.462,222.0,1560375
2026-04-09 08:46:00,long,0.39475756699719483,0,10.29699999999997,4732.305,239.0,1560600
2026-04-09 13:01:00,short,0.3779928847946187,-1,-14.155830269514293,4741.113,11.0,1560855
2026-04-09 13:46:00,short,0.33715253731784733,-1,-15.89935928596218,4772.837,105.0,1560900
2026-04-09 22:01:00,short,0.4690460729059475,1,16.24523671780942,4771.609,119.0,1561395
2026-04-10 00:31:00,short,0.3408525582776203,-1,-10.823922117175453,4756.576,61.0,1561545
2026-04-10 01:46:00,short,0.36275780489461396,1,24.375875227695964,4770.619,32.0,1561620
2026-04-10 03:16:00,short,0.33780871590796363,0,10.478000000000465,4760.555,239.0,1561710
2026-04-10 08:01:00,short,0.34858672912403205,-1,-11.465691691971992,4751.883,221.0,1561995
2026-04-10 11:46:00,long,0.36066254427167266,1,21.98834394957147,4763.866,148.0,1562220
2026-04-12 22:24:00,short,0.3414299402372222,-1,-18.07566017331275,4657.741,110.0,1562790
2026-04-13 03:24:00,short,0.341667800484458,-1,-15.899827757857677,4716.972,216.0,1563090
2026-04-13 07:09:00,short,0.35985507420707563,-1,-12.513227561863008,4726.804,40.0,1563315
2026-04-13 08:39:00,short,0.3500721271157718,1,24.212801481475477,4729.95,183.0,1563405
2026-04-13 11:54:00,short,0.3842451817077958,-1,-12.927020598513455,4707.82,52.0,1563600
2026-04-13 12:54:00,short,0.3492430370519312,-1,-13.826099508439361,4723.389,24.0,1563660
2026-04-13 13:39:00,short,0.3571863398854632,-1,-14.57392583947367,4727.331,10.0,1563705
2026-04-13 13:54:00,short,0.34634792583959273,-1,-16.656734979940257,4726.741,172.0,1563720
2026-04-14 00:09:00,short,0.3878571375781743,-1,-9.183730968137992,4756.214,16.0,1564335
2026-04-14 03:24:00,short,0.3431088842941158,-1,-11.04952164287824,4768.456,208.0,1564530
2026-04-14 06:54:00,short,0.3465072839663762,-1,-10.051838059364936,4778.589,7.0,1564740
2026-04-14 07:09:00,short,0.3457192737196319,1,21.97436007882984,4793.331,15.0,1564755
2026-04-14 07:39:00,short,0.3482952229241541,0,-0.10200000000037107,4777.668,239.0,1564785
2026-04-14 11:54:00,short,0.37897926643988256,-1,-12.068843038898182,4773.499,82.0,1565040
2026-04-14 13:24:00,short,0.34559362001339755,-1,-13.99754655175127,4791.452,54.0,1565130
2026-04-14 21:09:00,long,0.3629666769914818,-1,-8.365945819253152,4840.739,182.0,1565595
2026-04-15 00:24:00,short,0.3828777741130735,-1,-9.568546778602604,4835.523,46.0,1565790
2026-04-15 01:24:00,short,0.41134138749780313,0,16.53099999999944,4843.619,239.0,1565850
2026-04-15 05:39:00,short,0.36349032989671903,1,23.052665062479623,4819.785,211.0,1566105
2026-04-15 09:24:00,short,0.3393026363372254,-1,-13.938563762152157,4804.548,236.0,1566330
2026-04-15 14:39:00,short,0.4051943939932679,1,28.022406882413804,4816.456,51.0,1566645
2026-04-15 22:09:00,short,0.3639205952220368,-1,-5.727839750246373,4795.593,11.0,1567095
2026-04-15 22:24:00,long,0.3537799714010589,1,12.414150908780574,4800.424,49.0,1567110
2026-04-16 02:24:00,short,0.3598879198437602,-1,-10.156320059216066,4822.195,152.0,1567350
2026-04-16 05:09:00,long,0.38298213483634996,-1,-8.286807632581317,4835.196,24.0,1567515
2026-04-16 05:39:00,short,0.357955289870035,1,16.632507670733535,4827.772,145.0,1567545
2026-04-16 14:24:00,short,0.3401254770708889,-1,-16.278819597794016,4795.91,45.0,1568070
2026-04-16 21:09:00,long,0.3542687689428086,0,-6.7350000000001815,4790.146,239.0,1568475
2026-04-17 03:39:00,long,0.3845318139544838,-1,-9.929601944128564,4793.073,169.0,1568865
2026-04-17 10:24:00,long,0.35943103546610394,-1,-9.574494655697428,4792.737,16.0,1569270
2026-04-17 11:39:00,long,0.35470392373207066,1,18.812974330326643,4792.352,8.0,1569345
2026-04-19 23:27:00,short,0.35587447838348696,1,31.255364896462222,4769.519,18.0,1569990
2026-04-19 23:57:00,short,0.37948789629147245,-1,-17.90583124485912,4752.178,61.0,1570020
2026-04-20 03:42:00,long,0.3818858204055703,0,2.902999999999738,4792.862,239.0,1570245
2026-04-20 07:57:00,short,0.4330896976666131,-1,-13.097699594579716,4788.948,231.0,1570500
2026-04-20 12:12:00,short,0.34029365659142574,-1,-10.955847314886126,4812.048,76.0,1570755
2026-04-20 13:42:00,short,0.36190337888447655,0,11.441000000000203,4819.755,239.0,1570845
2026-04-20 23:12:00,short,0.3538084408127695,1,14.771052084063431,4825.706,147.0,1571415
2026-04-21 09:27:00,short,0.35170943739037946,-1,-10.816271111163475,4782.035,132.0,1572030
2026-04-21 12:27:00,short,0.38216127993987936,1,20.717848203694786,4782.316,47.0,1572210
2026-04-21 22:27:00,long,0.35743292902616297,1,22.590486646948847,4717.478,84.0,1572810
2026-04-21 23:57:00,long,0.35653678009232764,1,20.51812226008736,4738.045,154.0,1572900
2026-04-22 04:27:00,short,0.3407702246012221,-1,-8.5485748929287,4755.482,48.0,1573170
2026-04-22 05:27:00,short,0.35346561757405104,0,9.674000000000378,4766.81,239.0,1573230
2026-04-22 09:42:00,short,0.41273868065914115,1,16.765733818679752,4760.469,185.0,1573485
2026-04-22 13:42:00,short,0.3761577716889104,1,25.901327687169825,4750.965,129.0,1573725
2026-04-22 22:12:00,short,0.34612021963768275,1,11.538616192122372,4737.099,47.0,1574235
2026-04-23 04:12:00,long,0.35401990731344096,-1,-13.602682562212268,4705.839,77.0,1574595
2026-04-23 08:42:00,short,0.3759050941448573,-1,-12.196388477616454,4708.383,196.0,1574865
2026-04-23 22:12:00,short,0.36798523165677327,-1,-8.641957141988625,4696.079,134.0,1575675
2026-04-24 00:42:00,short,0.34938505265806497,1,19.908341628266832,4702.364,105.0,1575825
2026-04-24 02:42:00,short,0.36820581921282486,1,24.90713416300629,4682.744,108.0,1575945
2026-04-24 04:42:00,short,0.342588513483458,-1,-11.33611700037813,4665.016,6.0,1576065
2026-04-24 04:57:00,short,0.34349620362769756,-1,-11.226198901731372,4673.805,41.0,1576080
2026-04-24 05:57:00,long,0.3565323395902976,-1,-10.840355480009865,4685.89,22.0,1576140
2026-04-24 06:27:00,short,0.42881247868811906,-1,-10.863756794444479,4671.321,50.0,1576170
2026-04-24 07:27:00,long,0.3573204277387887,1,21.688438727723995,4683.419,234.0,1576230
2026-04-24 12:57:00,short,0.3423338218035942,-1,-13.923847246874715,4697.969,50.0,1576560
2026-04-27 01:16:00,short,0.3962113990966146,-1,-11.26404289229012,4693.445,33.0,1577235
2026-04-27 05:31:00,short,0.4242143354986195,0,13.521999999999425,4715.498,239.0,1577490
2026-04-27 09:46:00,short,0.3598395467526153,-1,-9.226595621856292,4702.672,153.0,1577745
2026-04-27 12:46:00,short,0.35454237204371514,1,19.597006689481972,4700.121,126.0,1577925
2026-04-27 21:01:00,long,0.3525304455637244,1,12.543977520390694,4680.054,154.0,1578420
2026-04-27 23:46:00,long,0.3546436902887261,-1,-5.083539869983205,4693.693,73.0,1578585
2026-04-28 22:01:00,short,0.33688610180616874,-1,-5.034226055124933,4597.261,120.0,1579920
2026-04-29 00:31:00,short,0.3884092442021782,1,14.706671549075883,4600.188,31.0,1580070
2026-04-29 03:16:00,long,0.36651177631622184,-1,-11.275064840099162,4602.6,162.0,1580235
2026-04-29 10:46:00,short,0.34121883030828026,1,24.223740638923985,4566.902,128.0,1580685
2026-04-29 22:01:00,long,0.38078996608450694,1,16.985359649271132,4543.022,116.0,1581360
2026-04-30 00:01:00,long,0.3578807598829268,1,16.062231862729913,4560.087,86.0,1581480
2026-04-30 02:31:00,short,0.33837030394188256,1,22.091444574594473,4568.376,116.0,1581630
2026-04-30 05:31:00,short,0.349911555471987,-1,-10.333792450057855,4559.331,19.0,1581810
2026-04-30 06:01:00,short,0.35527073279333105,-1,-10.370721644157118,4562.369,29.0,1581840
2026-04-30 22:01:00,long,0.3912202577915553,-1,-5.632103878927793,4628.637,118.0,1582800
2026-05-01 00:01:00,long,0.38592268475288416,-1,-6.768138592827385,4627.362,12.0,1582920
2026-05-01 00:16:00,long,0.36819389131687086,-1,-7.544377398083961,4625.429,43.0,1582935
2026-05-01 02:16:00,long,0.357434370628399,-1,-8.780375318088439,4633.402,25.0,1583055
2026-05-01 03:46:00,long,0.3581100786868371,-1,-8.837567455676842,4627.363,40.0,1583145
2026-05-04 22:21:00,long,0.3585057487672263,-1,-7.158533067368624,4521.617,125.0,1585635
2026-05-05 00:36:00,long,0.39148589452461435,1,15.846781883569776,4518.954,28.0,1585770
2026-05-06 04:21:00,long,0.3741305943844916,1,20.883657445190714,4646.16,129.0,1587435
2026-05-06 22:06:00,long,0.3869401857016466,-1,-5.598290690547026,4691.63,156.0,1588500
2026-05-07 06:21:00,long,0.3610740656919462,1,19.41463437403393,4713.094,10.0,1588995
2026-05-13 22:10:00,long,0.3636852868567227,1,10.114406443608884,4690.284,33.0,1595640
2026-05-13 22:55:00,long,0.3696100118402696,-1,-5.570685950186344,4700.06,35.0,1595685
2026-05-13 23:55:00,long,0.361985707215389,1,11.643253912077242,4695.167,64.0,1595745
2026-05-18 22:59:00,long,0.3801001965535827,1,13.798634555085142,4573.93,21.0,1599945
2026-05-18 23:59:00,long,0.35561948310823444,-1,-7.735344401668633,4581.94,24.0,1600005
2026-05-19 22:14:00,long,0.37525261270873556,-1,-5.807519202660916,4483.062,15.0,1601340
2026-05-20 22:14:00,long,0.35319177847237837,1,11.33892521608984,4540.303,120.0,1602780
2026-05-22 04:14:00,long,0.35621970087436705,-1,-9.049478882374107,4529.439,101.0,1604580
2026-05-25 09:47:00,long,0.3675147338752462,-1,-7.549555572285126,4565.323,140.0,1606290
2026-05-25 23:18:00,long,0.36145085773956914,-1,-6.644046189853588,4579.861,5.0,1606890
2026-05-26 22:03:00,long,0.4016179493757211,-1,-5.042807511832864,4504.874,31.0,1608255
2026-05-29 00:03:00,long,0.35421487291819165,1,13.575936199241694,4493.035,65.0,1611255
2026-06-02 22:06:00,long,0.390006436429166,-1,-4.55710514031869,4490.613,38.0,1615395
2026-06-02 22:51:00,long,0.36245087924779507,-1,-5.737806944456936,4489.089,11.0,1615440
2026-06-15 04:13:00,long,0.35393854400076463,-1,-12.131884741394641,4325.552,90.0,1627155
2026-06-22 22:14:00,long,0.3614415670277719,-1,-4.602200306375163,4192.46,96.0,1635135
2026-06-23 22:14:00,long,0.3609537835525489,-1,-5.533287237800664,4113.907,5.0,1636575
2026-06-29 22:02:00,long,0.3701403698994663,-1,-4.374769701895619,4018.445,28.0,1642260
2026-06-29 22:32:00,long,0.3596324254381128,-1,-5.153985644436939,4014.254,89.0,1642290
2026-07-02 22:02:00,long,0.3565725452576239,1,11.722437037019382,4125.872,138.0,1646580
2026-07-03 04:17:00,long,0.374280880230131,-1,-11.08875317880977,4178.92,104.0,1646955
2026-07-03 08:17:00,long,0.3565285763870828,-1,-9.809309498941271,4183.771,65.0,1647195
2026-07-03 10:17:00,long,0.3677050226021517,-1,-9.22928135343307,4178.877,170.0,1647315
2026-07-09 22:03:00,long,0.35997643393915335,-1,-4.119502308813586,4124.462,117.0,1653480
2026-07-10 00:03:00,long,0.37758108064927864,-1,-5.075832918788486,4123.512,23.0,1653600
2026-07-10 00:48:00,long,0.35435516050545113,-1,-6.547818070600704,4122.408,50.0,1653645
2026-07-13 22:06:00,long,0.37941264249097834,-1,-6.145353852765662,4002.821,83.0,1656300
2026-07-15 04:06:00,long,0.35405975258061295,-1,-9.399315417585289,4030.612,135.0,1658100
2026-07-15 07:06:00,long,0.35268067106193035,-1,-9.760679407618511,4031.397,20.0,1658280
2026-07-15 07:36:00,long,0.3684371830113079,0,10.286000000000003,4022.124,239.0,1658310
2026-07-15 11:51:00,long,0.37135843264624846,1,17.689975716642827,4038.341,43.0,1658565
2026-07-16 23:21:00,long,0.354373309877894,1,11.323110766040354,3979.067,56.0,1660695
