geo,mode,trades,win_rate,plr,total_pnl,mean_pnl,sharpe,max_dd,avg_win,avg_loss,tp_pct,to_pct,profit_months,total_months,top2_share,long_pnl,short_pnl,ci_total
bal_3.0_1.143_h360,A,1612,0.3163771712158809,2.565820337846857,1129.003496881945,0.7003743777183282,1.7360500659495324,299.56043538611016,14.023541462418299,-5.46551964514645,0.31203473945409427,0.005583126550868486,15,24,0.7124996876486669,298.75989356944405,830.2436033125011,"[234,2076]"
bal_3.0_1.143_h360,B,1611,0.3159528243327126,2.5652991430140353,1113.5300177152785,0.6912042319772058,1.7360500659495324,299.56043538611016,14.020692861820562,-5.46551964514645,0.3116076970825574,0.00558659217877095,15,24,0.7224004975933406,298.75989356944405,814.7701241458344,"[264,2001]"
atr_2.0_1.143_h360,A,1847,0.39577693557119653,1.6939903898023456,675.9252440670134,0.3659584429166288,1.0872233044448165,235.50749126805562,9.361778984268124,-5.526465227090488,0.39577693557119653,0.0,13,24,0.7143913368501408,158.57846263958214,517.3467814274312,"[-130,1430]"
atr_2.0_1.143_h360,B,1801,0.3775680177679067,1.6639023306422513,60.697952748265834,0.033702361326077644,-0.002814623345916665,511.45535967986063,9.661323519199348,-5.806424656830767,0.3775680177679067,0.0,12,24,4.846003457104993,-38.67186670972244,99.3698194579884,"[-826,971]"
atr_4.0_1.143_h360,A,1491,0.27230046948356806,3.3704844766661948,1560.2186535215271,1.046424314903774,2.251002252945871,259.7074916770828,18.554632799671587,-5.50503434391257,0.25888665325285043,0.014755197853789403,17,24,0.5611686489650887,413.848128821526,1146.3705247000012,"[461,2679]"
atr_4.0_1.143_h360,B,1475,0.26169491525423727,3.2782664118375098,928.5470830545141,0.6295234461386536,1.7164917488195648,318.936067846181,17.25531606217616,-5.263549051373264,0.24745762711864408,0.015593220338983051,17,24,0.5926183616013875,182.17546028159623,746.3716227729178,"[-58,1941]"
atr_3.0_0.8_h360,A,1888,0.24258474576271186,3.624495612518026,908.9718208333331,0.4814469390007061,1.3979675374841258,233.44542152777672,14.32301032569141,-3.95172511072261,0.2399364406779661,0.0026483050847457626,15,24,0.8159595717267921,190.8840180555548,718.0878027777785,"[119,1748]"
atr_3.0_0.8_h360,B,2034,0.23549655850540807,3.4360190841020044,341.2449597222213,0.16777038334425828,0.6083752136440086,361.65828888888797,12.905708898747386,-3.756006175419792,0.23254670599803343,0.0029498525073746312,13,24,1.3908871999578718,-1.9680805555558152,343.2130402777772,"[-469,1134]"
atr_3.0_1.5_h360,A,1422,0.37834036568213786,1.9590604612009108,1203.1675364583339,0.8461093786626821,1.7085850488920882,253.26445833333287,13.867242197180916,-7.078516703195699,0.369901547116737,0.010548523206751054,16,24,0.6852041945339531,302.482437499999,900.6850989583347,"[222,2164]"
atr_3.0_1.5_h360,B,1185,0.3721518987341772,1.9086878457791603,602.0773072916666,0.5080821158579465,1.2233384601111534,250.16428124999908,11.75853762755102,-6.1605346592181895,0.3620253164556962,0.012658227848101266,17,24,0.7464469518955308,117.89063020833228,484.1866770833343,"[-132,1395]"
atr_2.5_1.0_h360,A,1823,0.3252879868348875,2.379925800406578,882.1548229166658,0.4839028101572495,1.4349278469002396,264.8873628472221,11.580305286209477,-4.865826188459799,0.3247394404827208,0.0005485463521667581,15,24,0.7123466579855883,183.11731770833237,699.0375052083334,"[91,1688]"
atr_2.5_1.0_h360,B,2074,0.3003857280617165,2.397508805737187,220.12719791666728,0.10613654672934777,0.30277414932912133,358.233503472222,12.374720243668628,-5.161491050233555,0.29990356798457085,0.00048216007714561236,16,24,1.9565522588557571,-58.49176215277862,278.61896006944585,"[-763,1221]"
atr_3.0_1.143_h120,A,1688,0.34360189573459715,2.2287067679057415,987.4093608545074,0.5849581521649926,1.5743129782838245,232.1236112868045,11.917935632183896,-5.3474668825019425,0.25,0.11729857819905214,14,24,0.7002528933627915,200.65139714513714,786.7579637093704,"[132,1820]"
atr_3.0_1.143_h120,B,1838,0.33188248095756256,2.1719341865802013,520.2819295465298,0.28306960258244274,0.9138692127372037,348.1819919263908,11.664118647540988,-5.370383098903479,0.24156692056583243,0.11316648531011969,13,24,0.999605110362201,-60.066618215626406,580.348547762156,"[-424,1507]"
atr_3.0_1.143_h720,A,1611,0.31471135940409684,2.5895706271055308,1141.571906692014,0.7086107428255828,1.7486946256101332,283.37634163611096,14.150344263642337,-5.464359270810372,0.31471135940409684,0.0,15,24,0.7046552513837068,309.070726492707,832.5011801993071,"[256,2042]"
atr_3.0_1.143_h720,B,1509,0.2975480450629556,2.5726540072666833,465.06044042916733,0.3081911467390108,0.9934698269017844,283.3763416361108,12.57799475686711,-4.889112457928458,0.2975480450629556,0.0,13,24,0.8043127723212863,17.916281934721468,447.14415849444583,"[-288,1265]"
atr_3.0_1.143_h1440,A,1611,0.31471135940409684,2.5895706271055308,1141.571906692014,0.7086107428255828,1.7486946256101332,283.37634163611096,14.150344263642337,-5.464359270810372,0.31471135940409684,0.0,15,24,0.7046552513837068,309.070726492707,832.5011801993071,"[256,2042]"
atr_3.0_1.143_h1440,B,1509,0.2975480450629556,2.5726540072666833,465.06044042916733,0.3081911467390108,0.9934698269017844,283.3763416361108,12.57799475686711,-4.889112457928458,0.2975480450629556,0.0,13,24,0.8043127723212863,17.916281934721468,447.14415849444583,"[-288,1265]"
fx_1.0_1.0_h360,A,3801,0.4746119442252039,0.6553468096607638,-990.1440000000001,-0.26049565903709554,-7.419396641458079,993.2639999999946,0.7964212860310422,-1.2152669003505256,0.4746119442252039,0.0,2,24,,-461.82700000000006,-528.317,"[-1113,-863]"
fx_1.0_1.0_h360,B,2717,0.47073978652926024,0.6739699560263405,-690.383,-0.2540975340449025,-6.85474313745394,692.0229999999949,0.8078186082877247,-1.1985973574408901,0.47073978652926024,0.0,1,24,,-348.38100000000003,-342.00200000000007,"[-799,-586]"
fx_2.0_1.0_h360,A,3596,0.36401557285873193,1.4745572528798083,-433.479,-0.12054477196885428,-3.1997965290439407,435.77899999997294,1.7914278074866312,-1.2148919982509836,0.36401557285873193,0.0,6,24,,-243.24900000000002,-190.23000000000002,"[-603,-268]"
fx_2.0_1.0_h360,B,2385,0.35471698113207545,1.4984934320659338,-325.93399999999997,-0.13665995807127881,-2.950025006069138,337.57399999998745,1.8004267139479906,-1.2014912280701753,0.35471698113207545,0.0,6,24,,-202.908,-123.02599999999998,"[-466,-194]"
fx_2.6_1.0_h360,A,3477,0.3114754098360656,1.9673941882728077,-319.68199999999996,-0.0919419039401783,-2.219507898603299,324.40199999999584,2.3885743305632503,-1.214080200501253,0.3114754098360656,0.0,7,24,,-182.132,-137.55,"[-514,-130]"
fx_2.6_1.0_h360,B,2995,0.3061769616026711,1.9620395800600134,-339.203,-0.11325642737896494,-2.431066716095575,355.02299999998786,2.387039258451473,-1.216611164581328,0.3061769616026711,0.0,6,24,,-243.357,-95.846,"[-508,-161]"
fx_3.0_1.0_h360,A,3423,0.2895121238679521,2.2961358583650497,-190.08200000000014,-0.055530820917324024,-1.291878967312441,197.2019999999937,2.7883208879919277,-1.2143536184210526,0.2895121238679521,0.0,7,24,,-142.09200000000004,-47.99000000000009,"[-392,22]"
fx_3.0_1.0_h360,B,3402,0.2892416225749559,2.2491903741410133,-252.47000000000014,-0.07421222810111704,-1.5306512321081465,283.2099999999976,2.772765243902439,-1.23278370554177,0.2892416225749559,0.0,8,24,,-178.01000000000005,-74.46000000000004,"[-454,-38]"
fx_1.0_0.5_h360,A,3926,0.39429444727457974,0.965433807024376,-724.3770000000002,-0.1845076413652573,-6.683886016172691,730.6169999999834,0.791546511627907,-0.8198868797308664,0.39429444727457974,0.0,3,24,,-352.9110000000001,-371.4660000000002,"[-829,-620]"
fx_1.0_0.5_h360,B,2823,0.38257173219978746,1.0402067189697768,-478.7590000000001,-0.16959227771873897,-5.997660052221092,480.3989999999909,0.8037879629629628,-0.7727194492254735,0.38257173219978746,0.0,3,24,,-235.74400000000009,-243.01500000000007,"[-564,-401]"
fx_2.0_0.5_h360,A,3780,0.2931216931216931,2.1774372275034,-212.5890000000001,-0.05624047619047622,-1.8388877157011099,227.50899999999422,1.7845027075812276,-0.8195426646706587,0.2931216931216931,0.0,9,24,,-164.1140000000001,-48.47500000000007,"[-363,-56]"
fx_2.0_0.5_h360,B,5215,0.29702780441035476,2.2462997337852424,-148.77100000000013,-0.028527516778523516,-1.0837764141598774,159.14000000000172,1.7920484183344094,-0.7977779596290235,0.29702780441035476,0.0,6,24,,-91.62300000000005,-57.148000000000096,"[-327,21]"
fx_1.5_0.75_h360,A,3779,0.37999470759460174,1.3040973267840406,-465.9210000000001,-0.12329214077798362,-4.183998958261184,473.1209999999906,1.2919101671309192,-0.990654716175843,0.37999470759460174,0.0,3,24,,-254.76600000000008,-211.1550000000001,"[-604,-336]"
fx_1.5_0.75_h360,B,2597,0.3588756257219869,1.3470926118214033,-396.1700000000001,-0.15254909510974204,-4.72037453634302,399.0199999999942,1.303211373390558,-0.9674252252252252,0.3588756257219869,0.0,4,24,,-214.54700000000003,-181.62300000000005,"[-506,-285]"
fx_3.5_2.0_h360,A,2989,0.3834058213449314,1.4847539705275035,-313.2430000000005,-0.10479859484777534,-1.5087502848837788,353.50099999999725,3.2874982547993015,-2.2141703743895826,0.3834058213449314,0.0,8,24,,-52.252000000000194,-260.9910000000002,"[-615,-28]"
fx_3.5_2.0_h360,B,2778,0.3743700503959683,1.509978110726799,-367.32600000000036,-0.13222678185745154,-1.8533629770993048,395.4329999999851,3.3089432692307694,-2.191384925201381,0.3743700503959683,0.0,7,24,,-166.3450000000002,-200.98100000000022,"[-647,-101]"
fx_1.0_0.5_h120,A,3926,0.39429444727457974,0.965433807024376,-724.3770000000002,-0.1845076413652573,-6.683886016172691,730.6169999999834,0.791546511627907,-0.8198868797308664,0.39429444727457974,0.0,3,24,,-352.9110000000001,-371.4660000000002,"[-829,-620]"
fx_1.0_0.5_h120,B,2823,0.38257173219978746,1.0402067189697768,-478.7590000000001,-0.16959227771873897,-5.997660052221092,480.3989999999909,0.8037879629629628,-0.7727194492254735,0.38257173219978746,0.0,3,24,,-235.74400000000009,-243.01500000000007,"[-564,-401]"
fx_2.6_1.0_h120,A,3478,0.31196089706728003,1.964608475376461,-317.2439999999998,-0.09121449108683145,-2.2025802386867337,321.9639999999962,2.384317972350231,-1.2136351859590468,0.3108108108108108,0.001437607820586544,8,24,,-179.6939999999998,-137.55,"[-508,-127]"
fx_2.6_1.0_h120,B,3064,0.3058093994778068,1.9624016361316354,-349.9969999999998,-0.11422878590078323,-2.5221612659402006,365.81699999998756,2.3829423692636076,-1.214299012693935,0.30450391644908614,0.0019582245430809398,7,24,,-235.9509999999998,-114.04599999999996,"[-524,-157]"
