0,2024-08,0.3978200475,0.2919802414
1,2024-09,0.349580069,0.2890024958
2,2024-10,0.2980036294,0.267868052
3,2024-11,0.3108152581,0.2777177933
4,2024-12,0.326337262,0.3191866186
5,2025-01,0.3015664493,0.2858429277
6,2025-02,0.336099876,0.2996940445
7,2025-03,0.3529784563,0.3069576297
8,2025-04,0.382029406,0.3145471822
9,2025-05,0.3723878637,0.2851809641
10,2025-06,0.3604456987,0.2900425314
11,2025-07,0.3771509563,0.2968187954
12,2025-08,0.3501525117,0.2941964123
13,2025-09,0.3456909035,0.2764120067
14,2025-10,0.3257205936,0.2662559601
15,2025-11,0.3121127612,0.2886777929
16,2025-12,0.3428627293,0.287787198
17,2026-01,0.3602840169,0.2922506269
18,2026-02,0.3118426277,0.2730715268
19,2026-03,0.3049655863,0.2568429181
20,2026-04,0.3078762051,0.2606106454
21,2026-05,0.3177855014,0.2711912556
22,2026-06,0.3372505901,0.2802788665
23,2026-07,0.3329497922,0.2856164039
