dim,bucket,n,eat_rate,eat_mid_rate,chop_rate,mean_best,mean_tp,med_dur,long_share,oracle_density
hour,0,70200,0.3362820512820513,0.3975925925925926,0.0008547008547008547,0.4116195328228738,1.69253846124169,2.0,0.6573361823361823,0.13842026084543563
hour,1,70245,0.34271478397038935,0.4049256174816713,0.0008541533205210335,0.4611707065004518,1.7605170743172702,2.0,0.66172681329632,0.15805001905177415
hour,2,70260,0.3478508397381156,0.4175918018787361,0.001138627953316254,0.4888045673510205,1.830246793976539,2.0,0.6620267577569029,0.17003107922087876
hour,3,70268,0.3397990550463938,0.421343997267604,0.0017077474810724654,0.4720783547009215,1.8506966013897976,2.0,0.6577674047930779,0.16041177883522945
hour,4,70320,0.3400028441410694,0.4217434584755404,0.0011376564277588168,0.4678768204576627,1.8207782667626562,2.0,0.6556598407281001,0.1590794496632858
hour,5,70311,0.33317688555133623,0.4106896502680946,0.001706703076332295,0.43409752065821194,1.7667810722184292,2.0,0.6516334570693064,0.1446312599584599
hour,6,70318,0.3387610569128815,0.40790409283540485,0.001990955374157399,0.4139140182664147,1.711162702902647,2.0,0.6597883898859467,0.1402179502989884
hour,7,70310,0.3470487839567629,0.41389560517707297,0.002560091025458683,0.4145709684047944,1.688055223370905,2.0,0.6660219030009956,0.14387635044866148
hour,8,70270,0.3514301978084531,0.4259997153835207,0.00256154831364736,0.4476894138086356,1.7004668424025189,2.0,0.6646079407997723,0.15733157925151922
hour,9,70280,0.3522766078542971,0.4291548093340922,0.0025611838360842347,0.45972268546349804,1.7451859700335564,2.0,0.6684405236198064,0.16194954818874907
hour,10,70260,0.3493595217762596,0.42773982351266726,0.0025619128949615714,0.44699120144522214,1.756254492020709,2.0,0.6696840307429548,0.15616063237509853
hour,11,70241,0.34499793567859227,0.4197263706382312,0.0025626058854515167,0.4285588508818395,1.7280764254940135,2.0,0.6660212696288492,0.14785191887102428
hour,12,70211,0.35089943171297944,0.42866502399908846,0.0025637008445970003,0.4437230690941075,1.738919633913015,2.0,0.6637563914486334,0.15570217278306145
hour,13,70248,0.3420310898530919,0.43914417492312946,0.0026335269331511217,0.4770894585225434,1.8354653614100525,2.0,0.6451144516569867,0.163179427455887
hour,14,70231,0.33375574888581966,0.4668024091925218,0.0018652731699676781,0.5511284351669274,2.028373257387526,3.0,0.6302487505517507,0.18394228361140777
hour,15,70213,0.32280346944298066,0.48623474285388746,0.0024781735576032927,0.6085358282120146,2.2226498861796724,4.0,0.615512796775526,0.196437476627196
hour,16,70183,0.3236538762948292,0.48890757020930997,0.002564723651026602,0.647966206055363,2.3215030210455763,5.0,0.6174287220551985,0.20971677429787228
hour,17,69474,0.32996516682499927,0.4862538503612862,0.0019719607335118173,0.6651560356512308,2.3028731964176044,5.0,0.6190229438351038,0.21947832226831354
hour,18,68936,0.3281594522455611,0.45935360334223047,0.001958338168736219,0.6058653627247286,2.154000298586128,4.0,0.628655564581641,0.19882044556630513
hour,19,68194,0.33727307387746724,0.4313722614892806,0.0020529665366454527,0.5507494505870507,1.9584958589343147,3.0,0.644308883479485,0.18575296013582085
hour,20,66410,0.3493600361391357,0.41903327812076496,0.0017768408372233098,0.4914322559039746,1.801009494914797,2.0,0.6608643276614967,0.17168679068254955
hour,21,22169,0.35815778790202535,0.44354729577337726,0.002616265956966936,0.5531461728182696,1.898455274679734,2.0,0.6595245613243719,0.19811360964306288
hour,22,44742,0.32700818023333783,0.3972106745339949,0.039470743373116984,0.3631300960925881,1.6362002790536105,2.0,0.6786464619373296,0.11874651191119434
hour,23,69413,0.337242303314941,0.39427772895567115,0.0015414979902900034,0.40598322965137484,1.6825639332239637,2.0,0.6578306657254405,0.1369147194748683
dow,0,316691,0.33122191663166933,0.4374579637564692,0.008775115175360209,0.5211744838784722,1.908126072878084,3.0,0.6465418973068385,0.1726244114497486
dow,1,325802,0.3291845967796392,0.42394153504275606,0.001448732665852266,0.45718307209976794,1.822025415967111,2.0,0.6402170643519683,0.15049762524363883
dow,2,322959,0.34204032090760744,0.43137054548719805,0.0011921017838177601,0.5330249253549431,1.8280612290537137,2.0,0.6381088621156246,0.18231601652015822
dow,3,321680,0.3234176821686148,0.4220156677443422,0.003652698333747824,0.4737957369610271,1.881270445056034,2.0,0.6267719472767969,0.15323391906930608
dow,4,294484,0.37950109343801364,0.444272014778392,3.395770228603252e-06,0.46581568336125684,1.8784939823237423,2.0,0.7121032042487877,0.1767775611761725
dow,6,22091,0.2985378660993165,0.38653750396088904,0.0026707709021773574,0.29268262306104575,1.7593606646466142,1.0,0.6712235752116247,0.0873768457329952
yq,2022Q1,87544,0.32821209905875903,0.3482020469706662,0.0,0.2955877959940281,1.310323996242842,3.0,0.6002467330713698,0.09701549097935222
yq,2022Q2,87631,0.31309696340336185,0.32380093802421517,0.0,0.2000199476474402,1.2343602143980632,2.0,0.6578379797103765,0.06262563822851293
yq,2022Q3,90257,0.3597837286858637,0.3597837286858637,0.0,0.29614743146655187,1.2211796152237497,4.0,0.6138028075384735,0.10654902713377731
yq,2022Q4,87722,0.3762340119924306,0.38875082647454456,0.0,0.29380733980644846,1.223286519547073,4.0,0.6676888351838763,0.11054031420820347
yq,2023Q1,87766,0.25132739329580933,0.265774901442472,0.0,0.16723276453867178,1.2481303740794651,2.0,0.58279971743044,0.042030174785156235
yq,2023Q2,87619,0.3959072803843915,0.3982355425193166,0.0,0.3128581813376802,1.2314410492801218,3.0,0.6693981898903206,0.12386283171940775
yq,2023Q3,89063,0.2583115322861345,0.26806867049167443,0.011228007141012542,0.16702737696912826,1.2025309225164584,9.0,0.5681708453566576,0.043145097678629334
yq,2023Q4,87642,0.33510189178704275,0.3407270486752927,0.0,0.21551672627232343,1.2257218716007545,5.0,0.6618288035416809,0.07222006268560584
yq,2024Q1,86396,0.2939256447057734,0.3014028427242002,0.014236770220843558,0.13883238030886585,1.235048754608142,3.0,0.6910736608176304,0.04080639688832052
yq,2024Q2,88985,0.3413721413721414,0.3841995841995842,0.021621621621621623,0.2786745573574754,1.4109846064879852,2.0,0.6652581895825139,0.09513173039105503
yq,2024Q3,90391,0.33277649323494596,0.3863658992598821,0.0,0.3677884319004479,1.3670574332967331,2.0,0.5797590468077574,0.12239134462021078
yq,2024Q4,88678,0.34916213717043687,0.4104851259613433,0.007950111639865582,0.2670085146775965,1.3796150379862153,2.0,0.7237759083425427,0.09322926362753356
yq,2025Q1,86383,0.40404940786960397,0.4906752486021555,8.10344627993934e-05,0.4296162350375265,1.414076889284735,2.0,0.6741720014354676,0.17358618537808118
yq,2025Q2,87604,0.3036048582256518,0.5733071549244326,0.0,0.5385409809578686,2.3353288753581447,1.0,0.6701406328478152,0.16350365817241716
yq,2025Q3,90361,0.3132988789411361,0.49213709454299975,0.0,0.4038211546025392,1.591645524387365,1.0,0.6279146977125087,0.12651671502969075
yq,2025Q4,88560,0.3950542005420054,0.6626919602529359,5.6458897922312554e-05,0.9284993121894756,3.175121348520775,1.0,0.7218721770551039,0.3668075534808152
yq,2026Q1,86514,0.43236932750768664,0.7464687796194835,0.0,2.461339893182028,5.767005471115948,2.0,0.6745035485586148,1.0642078743829548
yq,2026Q2,87735,0.36439277369350886,0.6181341539864365,0.0,1.133283844021296,3.7698201971253398,1.0,0.6782925856271728,0.4129604433049619
yq,2026Q3,16856,0.19239439962031324,0.44951352634076885,0.0,0.07986047636350649,3.176821261407907,2.0,0.7136331276696726,0.015364708403349046
session,0,421722,0.3403830011239632,0.414033415377903,0.0014227382019434604,0.45631691430461635,1.7900233353888932,2.0,0.6580994114606304,0.15532252075463165
session,1,421572,0.3493353448521249,0.42419562969077645,0.002561839970396516,0.4402075438922593,1.7261539688925225,2.0,0.6664223430398604,0.15378005415210932
session,2,553889,0.3332689401667121,0.45998205416608745,0.002166499063891863,0.5751965266901412,2.0798790012529587,3.0,0.6324371850677662,0.19169513683759729
session,3,206524,0.3369438902984641,0.40132865913888943,0.00964052604055703,0.4144122203159895,1.6990845526226168,2.0,0.6623540121244988,0.1396336657004937
tr_over_atr,0.0,320544,0.33320230607966456,0.39526242887091945,0.004773135669362084,0.40117631810427057,1.6389875728839096,2.0,0.6510182689427972,0.13367287433689204
tr_over_atr,1.0,320478,0.34011070962749396,0.42884378958930097,0.0030236084848257916,0.4823406211060706,1.839031741680916,2.0,0.6553523174757706,0.16404921092655186
tr_over_atr,2.0,320499,0.3423380416163545,0.43953959294724787,0.0026833157045731814,0.5170186720746338,1.911313478942212,2.0,0.6544076580582154,0.17699515967711832
tr_over_atr,3.0,320529,0.34363505330250926,0.44673024905702763,0.0021838897572450545,0.5307961044151437,1.9556580698106358,2.0,0.6527521690705054,0.18240014763346218
tr_over_atr,4.0,320505,0.341117923277328,0.4458682391850361,0.002533501817444346,0.5081405112667232,1.9655624297495362,2.0,0.6486731876257781,0.1733358359363843
momn_240,0.0,320596,0.34619271606632646,0.4610600257021298,0.003967610325768257,0.5378083225981196,2.0931696446650667,3.0,0.6606195960024455,0.18618532392331813
momn_240,1.0,320484,0.3349028344628749,0.4218151296164551,0.003167084784263801,0.4763656854164278,1.8029547798863075,2.0,0.6450805656444627,0.15953621828681186
momn_240,2.0,320466,0.3439990513814258,0.42050638757309666,0.003020601249430517,0.46373509079355507,1.7470728347059437,2.0,0.654905668620072,0.1595244313252623
momn_240,3.0,320515,0.34515389295352794,0.42122521566853344,0.002670701839227493,0.46980761447721375,1.7672200443199484,2.0,0.6594886354772788,0.16215592707602056
momn_240,4.0,320494,0.33015282657397643,0.43162430497918836,0.002371339245040469,0.49173092569920346,1.9000376516734059,2.0,0.6421056244422673,0.16234635503343
abs_mom_240,0.0,320441,0.34278385100533326,0.41991505456542705,0.0030114748112757108,0.4636594752101974,1.7504922133189103,2.0,0.6537521727868781,0.15893498046766333
abs_mom_240,1.0,320485,0.3387771658579965,0.4190929372669548,0.0029517762141753902,0.46616681426197143,1.7655266114086203,2.0,0.64942821036866,0.15792667215272174
abs_mom_240,2.0,320549,0.3416513543951159,0.42532342949127905,0.003169562219816627,0.4814930404620864,1.8054817271663874,2.0,0.654732973741924,0.16450274940569418
abs_mom_240,3.0,320524,0.3356035741473337,0.4307696147558373,0.0032821255194618814,0.500906335839252,1.8915414831780666,2.0,0.6535298448790107,0.16810595662069766
abs_mom_240,4.0,320556,0.34158774129949215,0.46113315614120465,0.0027826651193551205,0.5272267978072998,2.0974324045239627,3.0,0.6507599296222812,0.18009421101555956
squeeze,0.0,317796,0.3521724628377953,0.40826819720827195,0.0034204332338984757,0.39012285906287875,1.5515772621233432,2.0,0.6622015380936198,0.13739052808549612
squeeze,1.0,317894,0.3484463374583981,0.4182211680623101,0.002953814793610449,0.43446401752627445,1.671643807975955,2.0,0.6666435981805255,0.1513873956644916
squeeze,2.0,317966,0.3323437097048112,0.42319619078769427,0.002839926281426316,0.4714227167140725,1.7985350761755972,2.0,0.6526672663114924,0.15667437451187516
squeeze,3.0,317855,0.33289078353337215,0.4317251576976923,0.003517327083103931,0.49365312084453844,1.8776434181531938,2.0,0.644869515974265,0.16433257419163286
squeeze,4.0,317845,0.3390772231748179,0.48314115370699556,0.0025924585883056205,0.6626709102215719,2.438558564430645,3.0,0.6416712548569271,0.22469661211665964
spread_rel,0.0,787544,0.359498643885294,0.5299716587263695,0.0010602582204930773,0.7310072844607007,2.432530304245964,1.0,0.6676312688560894,0.26279612743389325
spread_rel,1.0,16673,0.32999460205122055,0.5992922689378036,0.10831883884124033,1.5727264404526216,4.748552016483736,2.0,0.6932165777004738,0.5189912358525954
atr_ratio,0.0,320557,0.33110804006775707,0.3812644865031804,0.005346942977379998,0.3673182152179586,1.5537197671098013,2.0,0.6503648337113213,0.12162201432200485
atr_ratio,1.0,320343,0.3380501524927968,0.42264073196542457,0.003224668558388977,0.4645996610241411,1.8140400591449373,2.0,0.6590748041942542,0.1570579862573126
atr_ratio,2.0,320608,0.3422434873739894,0.43818931530092825,0.002080422197824134,0.5080871285280557,1.8811761290429692,2.0,0.6541945303922547,0.17388951075727815
atr_ratio,3.0,320574,0.34837822156506765,0.45416658868155246,0.0021087174880058896,0.5595258058754186,1.9901862996303763,2.0,0.655280839993262,0.1949266051706396
atr_ratio,4.0,320473,0.34062151881749786,0.45997946784908555,0.002437022775709654,0.5399250721752173,2.0714248517523317,3.0,0.6432897623200706,0.18391009813196968
run_len,0,392133,0.33985408012077534,0.43017802633290236,0.002902076591360584,0.4849790040650494,1.8594779785865594,2.0,0.652056827657963,0.16482209330441713
run_len,1,405925,0.33975241731847017,0.4311584652337254,0.003140974317915871,0.4882246450391032,1.8615214742819897,2.0,0.651472562665517,0.16587550334648735
run_len,2,405925,0.33973270924431853,0.43116339225226336,0.0031582188827985465,0.4882896450519342,1.8616847155929872,2.0,0.6514971977582066,0.16588796400944025
run_len,3,203533,0.34047058707924516,0.4323181007502469,0.002997056988301651,0.49185874914939604,1.8649904250784886,2.0,0.6526165290149509,0.16746343708295805
run_len,4,196191,0.3395313750375909,0.43010637592957884,0.0028849437537909486,0.48688182939923663,1.8625828570224086,2.0,0.6531492270287628,0.16531165701674055
