entry_time,exit_time,side,entry_px,exit_px,cost,pnl,hold_bars,reason,atr_entry,nr_entry
2022-01-07 17:30,2022-01-16 23:30,L,1795.93,1817.8,1.28,20.6,240,time,4.25,1.058
2022-01-19 13:00,2022-01-26 18:00,L,1820.07,1830.22,0.63,9.52,240,time,2.11,0.17
2022-01-31 13:30,2022-02-07 18:30,L,1793.47,1821.08,0.75,26.86,240,time,2.5,0.275
2022-02-07 19:00,2022-02-15 02:00,L,1821.21,1871.0,0.8,48.99,240,time,2.66,0.357
2022-02-15 02:30,2022-02-22 10:00,L,1874.1,1900.48,0.8,25.57,240,time,2.67,0.012
2022-02-27 23:00,2022-03-07 04:00,L,1926.9,1989.95,1.14,61.92,240,time,3.79,0.234
2022-03-07 09:30,2022-03-14 13:30,L,2000.78,1960.98,1.67,-41.48,240,time,5.58,0.037
2022-03-17 01:00,2022-03-24 06:00,L,1929.42,1938.23,1.96,6.84,240,time,6.54,0.152
2022-03-24 11:30,2022-03-31 16:30,L,1948.56,1941.01,0.98,-8.52,240,time,3.27,0.862
2022-04-04 13:30,2022-04-11 18:30,L,1936.29,1948.19,1.12,10.78,240,time,3.75,0.163
2022-04-13 10:00,2022-04-21 15:00,L,1978.97,1945.54,1.02,-34.46,240,time,3.4,0.611
2022-04-28 19:00,2022-05-06 01:00,L,1895.05,1872.4,1.5,-24.15,240,time,5.01,0.585
2022-05-16 18:30,2022-05-24 00:30,L,1818.46,1853.7,1.36,33.89,240,time,4.52,0.287
2022-06-02 16:00,2022-06-09 22:00,L,1869.7,1848.0,1.12,-22.81,240,time,3.73,0.727
2022-06-15 11:00,2022-06-22 19:30,L,1831.57,1838.14,1.03,5.53,240,time,3.45,0.325
2022-07-22 11:30,2022-07-29 16:30,L,1725.68,1762.89,0.95,36.26,240,time,3.16,0.961
2022-08-08 14:30,2022-08-15 19:30,L,1789.16,1780.34,0.91,-9.73,240,time,3.03,0.839
2022-09-07 17:00,2022-09-14 23:00,L,1714.93,1697.5,1.12,-18.54,240,time,3.72,0.72
2022-09-21 10:30,2022-09-28 15:30,L,1675.9,1653.57,0.92,-23.25,240,time,3.05,0.513
2022-09-28 16:00,2022-10-05 22:00,L,1659.82,1715.97,2.2,53.96,240,time,7.33,0.943
2022-10-11 15:30,2022-10-18 20:30,L,1681.54,1651.75,1.14,-30.93,240,time,3.8,0.975
2022-10-20 14:00,2022-10-27 19:00,L,1642.15,1658.59,1.22,15.22,240,time,4.07,0.768
2022-11-01 10:00,2022-11-08 16:00,L,1650.64,1713.09,0.91,61.54,240,time,3.03,1.019
2022-11-08 18:00,2022-11-16 00:00,L,1716.84,1780.77,1.73,62.21,240,time,5.76,0.402
2022-11-23 19:00,2022-12-01 06:30,L,1747.66,1782.0,1.16,33.18,240,time,3.88,1.028
2022-12-01 12:30,2022-12-08 17:30,L,1784.01,1788.89,0.96,3.91,240,time,3.22,0.411
2022-12-16 13:00,2022-12-23 18:00,L,1786.04,1797.19,1.05,10.1,240,time,3.51,0.47
2022-12-29 17:00,2023-01-08 23:00,L,1818.09,1866.74,0.96,47.68,240,time,3.21,0.9
2023-01-08 23:30,2023-01-16 04:30,L,1869.78,1925.13,0.91,54.43,240,time,3.03,0.211
2023-01-18 11:30,2023-01-25 16:30,L,1916.58,1933.83,1.01,16.24,240,time,3.38,0.346
2023-01-25 17:30,2023-02-01 23:30,L,1939.66,1953.69,1.37,12.66,240,time,4.57,0.541
2023-02-16 18:00,2023-02-24 02:30,L,1844.77,1826.45,1.46,-19.78,240,time,4.85,0.748
2023-03-03 18:30,2023-03-12 23:30,L,1849.19,1883.41,0.94,33.28,240,time,3.14,0.311
2023-03-13 12:00,2023-03-20 17:00,L,1894.37,1974.78,1.57,78.84,240,time,5.22,0.523
2023-03-28 14:30,2023-04-04 19:30,L,1967.21,2021.6,1.16,53.23,240,time,3.88,0.535
2023-04-26 13:00,2023-05-03 18:00,L,2003.83,2023.42,1.05,18.54,240,time,3.5,0.677
2023-05-24 12:00,2023-05-31 20:30,L,1981.98,1963.14,0.95,-19.79,240,time,3.16,1.09
2023-06-15 16:30,2023-06-23 02:00,L,1960.06,1912.12,1.64,-49.57,240,time,5.46,0.452
2023-06-30 14:00,2023-07-09 22:30,L,1914.44,1926.89,0.85,11.6,240,time,2.84,1.06
2023-07-11 09:30,2023-07-18 14:30,L,1937.9,1981.52,0.85,42.76,240,time,2.85,0.204
2023-08-22 10:00,2023-08-29 15:00,L,1903.67,1934.09,0.71,29.71,240,time,2.38,0.841
2023-08-29 15:30,2023-09-06 01:00,L,1936.48,1924.67,1.03,-12.83,240,time,3.42,0.989
2023-09-18 16:30,2023-09-25 22:30,L,1930.57,1916.74,0.74,-14.57,240,time,2.48,0.32
2023-10-09 17:30,2023-10-16 23:30,L,1854.64,1920.15,0.84,64.66,240,time,2.81,0.05
2023-10-26 07:30,2023-11-02 12:30,L,1989.55,1989.05,0.75,-1.26,240,time,2.5,0.688
2023-11-03 12:30,2023-11-10 18:30,L,1990.93,1933.72,0.66,-57.87,240,time,2.2,0.584
2023-11-27 00:00,2023-12-04 05:00,L,2003.6,2085.39,0.85,80.94,240,time,2.83,0.567
2023-12-07 13:30,2023-12-14 18:30,L,2035.12,2029.7,0.87,-6.28,240,time,2.88,0.897
2023-12-21 23:00,2024-01-02 04:00,L,2048.2,2069.49,0.88,20.41,240,time,2.94,0.104
2024-01-09 10:00,2024-01-16 17:30,L,2038.26,2026.3,0.85,-12.81,240,time,2.84,0.627
2024-01-18 20:00,2024-01-26 02:00,L,2021.1,2021.82,1.01,-0.29,240,time,3.37,0.218
2024-02-01 16:00,2024-02-08 21:00,L,2055.97,2033.01,1.57,-24.54,240,time,5.25,0.673
2024-03-08 09:30,2024-03-15 13:30,L,2168.71,2158.89,0.87,-10.69,240,time,2.91,0.483
2024-03-25 13:30,2024-04-02 18:30,L,2180.06,2271.31,1.02,90.23,240,time,3.38,0.605
2024-04-02 19:30,2024-04-10 01:30,L,2276.98,2347.27,2.22,68.07,240,time,7.4,0.573
2024-04-11 17:00,2024-04-18 23:00,L,2352.35,2379.04,2.02,24.67,240,time,6.73,1.015
2024-04-19 01:00,2024-04-26 06:00,L,2392.8,2337.75,1.11,-56.16,240,time,3.7,0.912
2024-04-26 07:00,2024-05-03 12:00,L,2344.87,2298.28,1.08,-47.67,240,time,3.6,0.228
2024-05-06 07:30,2024-05-13 12:30,L,2319.96,2345.71,1.39,24.37,240,time,4.62,0.643
2024-05-15 12:30,2024-05-22 17:30,L,2374.31,2389.39,1.18,13.89,240,time,3.95,0.331
2024-06-14 11:30,2024-06-21 20:00,L,2332.66,2322.11,1.4,-11.96,240,time,4.67,0.542
2024-07-16 09:30,2024-07-23 14:30,L,2441.16,2404.0,1.2,-38.36,240,time,3.99,0.639
2024-07-26 13:30,2024-08-02 18:30,L,2382.53,2432.5,1.19,48.78,240,time,3.98,0.866
2024-08-16 11:30,2024-08-23 16:30,L,2471.25,2507.51,1.22,35.03,240,time,4.08,0.904
2024-08-27 18:30,2024-09-04 04:00,L,2524.59,2495.06,1.57,-31.1,240,time,5.23,1.141
2024-09-05 12:00,2024-09-12 17:00,L,2518.38,2550.68,1.26,31.04,240,time,4.21,0.105
2024-09-12 18:30,2024-09-20 00:30,L,2555.23,2587.37,2.49,29.65,240,time,8.3,0.11
2024-09-20 11:00,2024-09-27 16:00,L,2614.24,2649.75,1.24,34.27,240,time,4.14,0.907
2024-10-04 15:00,2024-10-11 20:00,L,2667.86,2656.16,2.05,-13.75,240,time,6.84,1.148
2024-10-16 13:00,2024-10-23 18:00,L,2682.74,2716.66,1.34,32.58,240,time,4.45,0.828
2024-10-25 17:30,2024-11-04 00:30,L,2743.21,2739.52,1.67,-5.35,240,time,5.56,0.271
2024-11-05 14:30,2024-11-12 19:30,L,2748.22,2599.84,1.33,-149.7,240,time,4.42,1.137
2024-11-18 00:30,2024-11-25 05:30,L,2576.96,2672.68,1.34,94.38,240,time,4.46,0.297
2024-11-27 12:00,2024-12-05 01:00,L,2653.92,2648.42,1.34,-6.85,240,time,4.48,1.062
2024-12-10 12:00,2024-12-17 17:00,L,2676.84,2638.85,1.34,-39.33,240,time,4.48,0.951
2025-01-14 19:30,2025-01-22 04:00,L,2675.33,2750.24,1.48,73.42,240,time,4.94,0.629
2025-02-03 14:30,2025-02-10 19:30,L,2817.24,2904.32,1.63,85.45,240,time,5.42,0.865
2025-02-10 23:00,2025-02-18 06:30,L,2912.06,2912.99,1.43,-0.49,240,time,4.75,0.293
2025-02-18 16:30,2025-02-25 21:30,L,2929.61,2915.98,1.37,-15.0,240,time,4.55,0.135
2025-03-03 12:30,2025-03-10 16:30,L,2876.98,2903.25,1.42,24.85,240,time,4.73,0.223
2025-03-12 15:00,2025-03-19 20:00,L,2925.37,3047.82,1.72,120.73,240,time,5.73,0.893
2025-03-20 00:00,2025-03-27 05:00,L,3051.94,3034.1,1.65,-19.49,240,time,5.48,0.033
2025-03-27 09:30,2025-04-03 14:30,L,3038.64,3125.34,1.42,85.28,240,time,4.73,0.896
2025-04-09 06:00,2025-04-16 11:00,L,3022.75,3304.18,3.44,277.99,240,time,11.45,0.202
2025-04-21 00:30,2025-04-28 05:30,L,3357.78,3297.5,2.56,-62.84,240,time,8.52,0.519
2025-05-02 06:00,2025-05-09 11:00,L,3258.76,3323.23,2.12,62.35,240,time,7.07,0.13
2025-05-15 16:30,2025-05-22 22:30,L,3222.52,3298.46,2.8,73.15,240,time,9.32,0.566
2025-05-29 16:00,2025-06-05 22:00,L,3322.03,3354.17,2.61,29.53,240,time,8.71,0.744
2025-06-11 22:30,2025-06-19 03:30,L,3365.12,3371.34,2.41,3.8,240,time,8.04,0.684
2025-08-29 17:00,2025-09-08 01:30,L,3449.36,3585.94,1.77,134.81,240,time,5.89,0.48
2025-09-08 07:00,2025-09-15 12:00,L,3600.08,3642.69,1.86,40.75,240,time,6.2,0.398
2025-09-17 18:00,2025-09-25 00:00,L,3703.11,3742.98,1.78,38.09,240,time,5.93,0.5
2025-09-26 13:00,2025-10-03 18:00,L,3761.31,3882.02,2.07,118.64,240,time,6.89,0.318
2025-10-05 22:00,2025-10-13 03:00,L,3891.61,4048.0,2.28,154.11,240,time,7.61,0.102
2025-10-13 05:00,2025-10-20 12:30,L,4060.23,4293.91,4.35,229.33,240,time,14.49,0.103
2025-10-20 15:00,2025-10-27 20:00,L,4341.63,3990.18,5.51,-356.97,240,time,18.37,1.057
2025-10-30 19:00,2025-11-07 02:00,L,4021.13,4001.72,4.66,-24.06,240,time,15.54,0.281
2025-11-18 19:30,2025-11-26 01:30,L,4082.02,4144.92,4.91,57.99,240,time,16.36,0.604
2025-12-23 20:30,2026-01-02 06:00,L,4497.78,4380.69,4.31,-121.4,240,time,14.37,0.241
2026-01-05 01:00,2026-01-12 06:00,L,4402.46,4580.98,3.89,174.64,240,time,12.96,0.649
2026-01-14 19:00,2026-01-22 03:30,L,4642.03,4792.62,4.34,146.25,240,time,14.46,1.141
2026-01-22 16:30,2026-01-29 21:30,L,4881.05,5411.8,4.36,526.39,240,time,14.53,0.531
2026-02-03 06:00,2026-02-10 11:00,L,4856.86,5046.98,15.48,174.65,240,time,51.58,0.326
2026-02-13 21:30,2026-02-23 06:00,L,5046.08,5158.15,6.9,105.18,240,time,22.99,0.014
2026-02-23 14:30,2026-03-02 19:30,L,5176.73,5330.64,4.31,149.6,240,time,14.37,0.952
2026-03-24 20:00,2026-04-01 02:00,L,4467.13,4692.63,8.38,217.12,240,time,27.93,0.197
2026-04-06 09:00,2026-04-13 14:00,L,4699.9,4730.56,6.32,24.34,240,time,21.05,0.063
2026-06-11 19:00,2026-06-19 01:00,L,4171.73,4190.24,7.89,10.62,240,time,26.29,0.302
2026-06-25 18:00,2026-07-03 00:00,L,4044.13,4125.98,5.68,76.17,240,time,18.93,0.043
