month,theta,ntv,n_core,n_val,n_oos,auc_va,auc_oos,best_iter,n_trades,sec
31,0.33004655776869285,140,15467,1512,522,0.5301,0.516,5,49,0.4
32,0.36011366977076564,211,15986,1516,500,0.5462,0.4904,60,104,0.7
33,0.3601708154973061,223,16445,1557,527,0.5616,0.51,60,65,0.7
34,0.333093152975409,480,16980,1548,452,0.5351,0.4896,33,135,0.6
35,0.3422089298480087,342,17502,1479,478,0.5208,0.5142,64,117,0.7
36,0.3179270210109374,516,18002,1457,504,0.5565,0.4962,8,170,0.5
37,0.31720846703180516,561,18528,1434,519,0.5195,0.4768,8,193,0.5
38,0.31535777907338625,595,18981,1501,526,0.5425,0.563,2,188,0.5
39,0.3203653901257551,545,19459,1548,482,0.5258,0.5061,12,134,0.5
40,0.31517780111098,685,19963,1527,514,0.524,0.4939,6,189,0.5
41,0.31894544235471334,483,20482,1522,520,0.5431,0.5262,10,151,0.5
42,0.324949268508094,530,21007,1516,577,0.5363,0.527,38,212,0.7
43,0.32779827290678915,106,21490,1611,531,0.5303,0.4932,3,24,0.5
44,0.31659340327157154,163,22004,1628,524,0.5169,0.4726,1,76,0.6
45,0.3382559337023081,499,22524,1632,550,0.511,0.5414,110,131,1.1
46,0.3559219453956718,359,23101,1605,457,0.54,0.5477,218,83,1.7
47,0.32194800940193297,542,23632,1531,499,0.5474,0.5093,404,222,2.8
48,0.3369306211711091,348,24156,1506,508,0.5539,0.5125,40,108,0.8
49,0.315995950974707,633,24706,1464,464,0.5425,0.5363,82,223,1.1
50,0.32856551647315313,395,25163,1471,531,0.5369,0.5391,16,160,0.7
51,0.32296165689284856,400,25662,1502,492,0.5536,0.5007,6,137,0.6
52,0.32455325298813725,420,26170,1487,525,0.5555,0.4695,6,178,0.7
53,0.32192207504396486,295,26634,1548,525,0.5374,0.5346,2,93,0.6
54,0.33468376254429477,533,27164,1542,304,0.5163,0.5279,31,104,0.8
